time,original load,load
1,0.599,1.797
2,0.559,1.677
3,0.251,0.753
4,0.128,0.384
5,0.144,0.432
6,0.144,0.432
7,0.176,0.528
8,1.001,3.003
9,0.431,1.293
10,0.374,1.122
11,0.831,2.493
12,3.902,4.803299543
13,2.624,4.858154943
14,0.502,1.506
15,0.415,1.245
16,0.559,1.677
17,0.55,1.65
18,1.359,4.077
19,3.4110001,4.95810733
20,1.668,5.004
21,0.777,2.331
22,0.508,1.524
23,0.315,0.945
24,0.115,0.345
25,0.089,0.267
26,0.115,0.345
27,0.112,0.336
28,0.087,0.261
29,0.114,0.342
30,0.104,0.312
31,0.099,0.297
32,0.285,0.855
33,0.558,1.674
34,0.311,0.933
35,0.327,0.981
36,0.312,0.936
37,0.35,1.05
38,1.464,4.392
39,0.488,1.464
40,0.394,1.182
41,0.445,1.335
42,0.28,0.84
43,0.384,1.152
44,0.381,1.143
45,0.377,1.131
46,0.946,2.838
47,0.662,1.986
48,0.474,1.422
49,0.284,0.852
50,0.108,0.324
51,0.09,0.27
52,0.114,0.342
53,0.101,0.303
54,0.102,0.306
55,0.7,2.1
56,0.152,0.456
57,0.215,0.645
58,0.31,0.93
59,0.374,1.122
60,0.129,0.387
61,0.108,0.324
62,2.632,5.078550471
63,1.797,4.985458325
64,0.385,1.155
65,0.542,1.626
66,1.346,4.038
67,2.108,5.096139278
68,0.662,1.986
69,1.055,3.165
70,0.709,2.127
71,0.578,1.734
72,0.544,1.632
73,0.447,1.341
74,0.123,0.369
75,0.11,0.33
76,0.127,0.381
77,0.106,0.318
78,0.111,0.333
79,0.122,0.366
80,0.279,0.837
81,0.592,1.776
82,0.228,0.684
83,0.358,1.074
84,0.345,1.035
85,0.413,1.239
86,0.31,0.93
87,0.367,1.101
88,0.386,1.158
89,0.304,0.912
90,0.776,2.328
91,0.615,1.845
92,0.606,1.818
93,0.479,1.437
94,0.585,1.755
95,0.439,1.317
96,0.142,0.426
97,0.097,0.291
98,0.107,0.321
99,0.098,0.294
100,0.088,0.264
101,0.106,0.318
102,0.082,0.246
103,0.103,0.309
104,0.69,2.07
105,1.638,4.914
106,0.316,0.948
107,0.326,0.978
108,0.272,0.816
109,0.258,0.774
110,0.282,0.846
111,0.322,0.966
112,0.395,1.185
113,0.49,1.47
114,0.906,2.718
115,0.837,2.511
116,0.646,1.938
117,0.775,2.325
118,0.706,2.118
119,0.43,1.29
120,0.092,0.276
121,0.11,0.33
122,0.089,0.267
123,0.082,0.246
124,0.114,0.342
125,0.089,0.267
126,0.08,0.24
127,0.168,0.504
128,0.186,0.558
129,0.192,0.576
130,0.387,1.161
131,0.276,0.828
132,0.121,0.363
133,0.12,0.36
134,0.133,0.399
135,0.521,1.563
136,0.368,1.104
137,0.372,1.116
138,0.389,1.167
139,0.584,1.752
140,0.36,1.08
141,0.347,1.041
142,0.394,1.182
143,0.412,1.236
144,0.462,1.386
145,0.085,0.255
146,0.105,0.315
147,0.092,0.276
148,0.108,0.324
149,0.132,0.396
150,0.086,0.258
151,0.137,0.411
152,0.156,0.468
153,0.106,0.318
154,0.226,0.678
155,0.459,1.377
156,0.271,0.813
157,0.266,0.798
158,1.618,4.854
159,1.881,5.005370359
160,0.39,1.17
161,0.468,1.404
162,0.521,1.563
163,2.3070001,5.132009267
164,0.922,2.766
165,1.13,3.39
166,2.266,4.896049244
167,2.206,4.911441789
168,1.108,3.324
169,0.188,0.564
170,0.122,0.366
171,0.095,0.285
172,0.114,0.342
173,0.089,0.267
174,0.11,0.33
175,0.178,0.534
176,0.105,0.315
177,0.25,0.75
178,0.242,0.726
179,0.533,1.599
180,2.129,4.964244075
181,2.9620001,4.92348217
182,2.012,4.911100371
183,0.826,2.478
184,0.542,1.626
185,0.492,1.476
186,0.489,1.467
187,0.737,2.211
188,0.579,1.737
189,0.474,1.422
190,0.487,1.461
191,0.459,1.377
192,0.215,0.645
193,0.139,0.417
194,0.078,0.234
195,0.104,0.312
196,0.076,0.228
197,0.104,0.312
198,0.078,0.234
199,0.133,0.399
200,0.09,0.27
201,0.142,0.426
202,0.208,0.624
203,0.551,1.653
204,0.518,1.554
205,0.236,0.708
206,0.26,0.78
207,0.248,0.744
208,0.289,0.867
209,0.175,0.525
210,0.396,1.188
211,0.558,1.674
212,0.522,1.566
213,0.499,1.497
214,0.701,2.103
215,0.614,1.842
216,0.265,0.795
217,0.116,0.348
218,0.09,0.27
219,0.11,0.33
220,0.084,0.252
221,0.11,0.33
222,0.1,0.3
223,0.115,0.345
224,0.862,2.586
225,0.299,0.897
226,0.172,0.516
227,0.275,0.825
228,0.255,0.765
229,0.399,1.197
230,0.272,0.816
231,0.354,1.062
232,0.367,1.101
233,0.344,1.032
234,0.363,1.089
235,0.494,1.482
236,0.314,0.942
237,0.397,1.191
238,0.431,1.293
239,0.356,1.068
240,0.419,1.257
241,0.281,0.843
242,0.091,0.273
243,0.132,0.396
244,0.103,0.309
245,0.128,0.384
246,0.109,0.327
247,0.214,0.642
248,0.299,0.897
249,0.418,1.254
250,0.197,0.591
251,0.217,0.651
252,0.376,1.128
253,0.282,0.846
254,0.266,0.798
255,0.34,1.02
256,0.452,1.356
257,0.181,0.543
258,0.106,0.318
259,0.134,0.402
260,0.126,0.378
261,0.245,0.735
262,0.589,1.767
263,0.485,1.455
264,0.376,1.128
265,0.164,0.492
266,0.085,0.255
267,0.099,0.297
268,0.083,0.249
269,0.099,0.297
270,0.08,0.24
271,0.167,0.501
272,0.246,0.738
273,0.335,1.005
274,0.263,0.789
275,0.156,0.468
276,0.374,1.122
277,0.415,1.245
278,0.178,0.534
279,0.141,0.423
280,0.128,0.384
281,0.148,0.444
282,0.234,0.702
283,1.784,5.010402027
284,0.785,2.355
285,0.621,1.863
286,0.77,2.31
287,0.629,1.887
288,0.348,1.044
289,0.105,0.315
290,0.111,0.333
291,0.086,0.258
292,0.107,0.321
293,0.088,0.264
294,0.123,0.369
295,0.168,0.504
296,0.123,0.369
297,0.434,1.302
298,1.162,3.486
299,0.442,1.326
300,0.201,0.603
301,0.159,0.477
302,0.387,1.161
303,0.299,0.897
304,0.34,1.02
305,0.295,0.885
306,0.439,1.317
307,0.34,1.02
308,0.409,1.227
309,0.45,1.35
310,0.462,1.386
311,0.428,1.284
312,0.375,1.125
313,1.335,4.005
314,0.084,0.252
315,0.085,0.255
316,0.084,0.252
317,0.085,0.255
318,0.112,0.336
319,0.604,1.812
320,1.281,3.843
321,1.464,4.392
322,2.986,5.045182098
323,1.89,5.048498614
324,1.149,3.447
325,1.691,5.073
326,0.392,1.176
327,0.371,1.113
328,1.817,4.918333982
329,1.754,5.252685231
330,2.217,4.704530307
331,1.118,3.354
332,0.625,1.875
333,0.457,1.371
334,0.611,1.833
335,0.4,1.2
336,0.43,1.29
337,1.421,4.263
338,0.202,0.606
339,0.16,0.48
340,0.083,0.249
341,0.079,0.237
342,0.082,0.246
343,1.237,3.711
344,0.212,0.636
345,2.245,5.093974243
346,1.107,3.321
347,0.634,1.902
348,1.122,3.366
349,0.446,1.338
350,0.196,0.588
351,0.241,0.723
352,0.242,0.726
353,0.389,1.167
354,1.544,4.632
355,2.2449999,5.10273647
356,1.804,5.128321433
357,0.57,1.71
358,0.714,2.142
359,0.492,1.476
360,0.162,0.486
361,0.088,0.264
362,0.09,0.27
363,0.109,0.327
364,0.09,0.27
365,0.082,0.246
366,0.785,2.355
367,2.121,5.029040562
368,0.915,2.745
369,0.344,1.032
370,0.461,1.383
371,0.246,0.738
372,0.176,0.528
373,0.141,0.423
374,0.135,0.405
375,0.138,0.414
376,0.169,0.507
377,0.419,1.257
378,0.863,2.589
379,0.481,1.443
380,0.541,1.623
381,0.691,2.073
382,1.325,3.975
383,2.214,4.92139629
384,0.725,2.175
385,0.171,0.513
386,0.081,0.243
387,0.102,0.306
388,0.085,0.255
389,0.108,0.324
390,0.194,0.582
391,0.155,0.465
392,1.414,4.242
393,1.091,3.273
394,0.131,0.393
395,0.093,0.279
396,0.095,0.285
397,0.096,0.288
398,0.095,0.285
399,0.098,0.294
400,0.091,0.273
401,0.13,0.39
402,0.519,1.557
403,0.197,0.591
404,0.217,0.651
405,0.2,0.6
406,0.226,0.678
407,0.194,0.582
408,0.214,0.470278333
409,0.212,1.907206827
410,0.233,2.750156771
411,0.221,4.867575019
412,0.202,3.115770255
413,0.224,1.970010408
414,0.227,0.357620933
415,0.209,0.14240238
416,0.223,0.624575572
417,0.209,0.601412737
418,0.224,0.885487875
419,0.209,0.364021348
420,0.205,0.449057477
421,0.231,1.795748163
422,0.197,1.986206434
423,0.203,2.239687174
424,0.248,1.046113264
425,0.201,0.583809401
426,0.196,1.677837542
427,0.221,0.375462537
428,0.201,1.487671674
429,0.26,1.566102488
430,0.195,1.792683467
431,0.213,1.13115826
432,0.196,1.276592892
433,0.213,1.300689416
434,0.202,2.512637739
435,0.211,2.165299174
436,0.243,3.466980369
437,0.208,4.918211698
438,0.223,4.628318293
439,0.202,1.612379196
440,0.227,0.512581653
441,0.207,0.801542589
442,0.223,0.486517632
443,0.236,0.57262763
444,0.198,0.601073952
445,0.217,0.802077387
446,0.248,0.86460033
447,0.199,1.404462083
448,0.222,1.232826744
449,0.222,1.373366831
450,0.218,0.795960802
451,0.205,1.550540123
452,0.214,4.397469574
453,0.23,4.698825676
454,0.213,3.159109531
455,0.204,2.158920665
456,0.241,2.869799381
457,0.21,2.268806092
458,0.237,2.733631713
459,0.199,2.583697436
460,0.231,2.436892757
461,0.23,2.725169814
462,0.204,2.869483435
463,0.233,0.883938218
464,0.2,-0.050682106
465,0.237,0.226898991
466,0.231,-0.072259982
467,0.214,-0.315581892
468,0.23,0.676053443
469,0.229,0.720575957
470,0.227,0.7932122
471,0.202,1.186062788
472,0.243,1.141527167
473,0.202,1.36429305
474,0.216,1.479064136
475,0.23,0.366056267
476,0.208,0.804189197
477,0.241,0.739838221
478,0.199,0.84735425
479,0.224,1.90195331
480,0.224,1.28079517
481,0.228,2.317085796
482,0.21,2.182420483
483,0.251,3.614204076
484,0.208,4.117158641
485,0.259,3.057712774
486,0.196,1.799422406
487,0.252,2.022799773
488,0.195,0.96407229
489,0.221,-0.100248016
490,0.204,0.546186043
491,0.224,0.649949499
492,0.219,0.343407976
493,0.215,0.380984924
494,0.21,0.980895136
495,0.249,1.572500511
496,0.201,1.846698837
497,0.216,0.588521194
498,0.248,1.470704785
499,0.196,1.962268698
500,0.225,2.079161601
501,0.224,1.9774997
502,0.226,1.732491752
503,0.201,1.997493313
504,0.248,3.065214772
505,0.218,2.220581381
506,0.248,1.761729073
507,0.235,2.363168895
508,0.207,2.596723899
509,0.248,2.604675092
510,0.207,4.620718725
511,0.229,1.535197791
512,0.226,0.533354247
513,0.206,0.418592557
514,0.236,0.265754944
515,0.203,0.690839361
516,0.216,0.523529689
517,0.225,1.794984905
518,0.239,1.518756986
519,0.262,2.148459896
520,0.184,1.417881631
521,0.119,4.856170579
522,0.129,3.822206769
523,0.132,3.561959379
524,0.12,4.846731653
525,0.169,4.901293355
526,0.113,5.252676383
527,0.126,3.177176643
528,0.14,1.440664163
529,0.127,2.376800366
530,0.115,2.541500161
531,0.135,1.684924085
532,0.129,2.591280291
533,0.14,2.211946009
534,0.107,2.1693544
535,0.149,2.720670405
536,0.122,1.729491227
537,0.107,0.472586
538,0.162,0.443187275
539,0.108,0.628503013
540,0.135,1.853059133
541,0.132,0.894839096
542,0.111,1.243821996
543,0.155,1.760605597
544,0.106,1.64712508
545,0.164,1.515574991
546,0.131,1.166027332
547,0.122,0.407947766
548,0.112,1.279140487
549,0.14,1.117489614
550,0.118,1.437428025
551,0.12,0.446375415
552,0.115,1.16879848
553,0.122,1.22098812
554,0.119,1.506630485
555,0.122,3.536544784
556,0.118,3.783516645
557,0.12,2.55265134
558,0.123,2.762491082
559,0.117,0.78066184
560,0.123,0.096208609
561,0.122,0.866986057
562,0.147,-0.112593082
563,0.115,0.505918236
564,0.117,0.32676488
565,0.137,1.323864984
566,0.124,2.162092335
567,0.119,1.452016838
568,0.119,2.770402028
569,0.14,1.928824036
570,0.113,2.332288982
571,0.119,3.423262075
572,0.136,3.31315955
573,0.113,1.951231302
574,0.142,1.515606342
575,0.113,3.542787511
576,0.131,1.891453486
577,0.134,1.301340721
578,0.205,0.71882277
579,0.113,2.10139158
580,0.084,2.570154997
581,0.121,2.778442352
582,0.112,2.125461437
583,0.123,0.906929356
584,0.225,0.681721
585,0.315,0.945
586,0.252,0.756
587,0.246,0.738
588,0.387,1.161
589,0.27,0.81
590,0.245,0.735
591,0.254,0.762
592,0.136,0.408
593,0.595,1.785
594,0.509,1.527
595,0.663,1.989
596,0.449,1.347
597,0.421,1.263
598,0.659,1.977
599,0.356,1.068
600,0.106,0.318
601,0.082,0.246
602,0.107,0.321
603,0.081,0.243
604,0.131,0.393
605,0.092,0.276
606,0.105,0.315
607,0.677,2.031
608,0.353,1.059
609,0.096,0.288
610,0.277,0.831
611,0.183,0.549
612,0.105,0.315
613,0.119,0.357
614,0.169,0.507
615,0.249,0.747
616,0.393,1.179
617,0.361,1.083
618,0.856,2.568
619,0.616,1.848
620,1.446,4.338
621,2.7139999,5.170626355
622,0.938,2.814
623,0.762,2.286
624,0.238,0.714
625,0.14,0.42
626,0.139,0.417
627,0.136,0.408
628,0.135,0.405
629,0.136,0.408
630,0.199,0.597
631,0.429,1.287
632,0.805,2.415
633,0.245,0.735
634,0.972,2.916
635,0.401,1.203
636,0.437,1.311
637,0.857,2.571
638,0.24,0.72
639,0.256,0.768
640,0.297,0.891
641,0.46,1.38
642,0.58,1.74
643,0.384,1.152
644,0.199,0.597
645,0.386,1.158
646,0.569,1.707
647,0.356,1.068
648,0.214,0.642
649,0.195,0.585
650,0.219,0.657
651,0.194,0.582
652,0.192,0.576
653,0.192,0.576
654,0.191,0.573
655,0.334,1.002
656,0.451,1.353
657,0.502,1.506
658,0.463,1.389
659,0.495,1.485
660,0.364,1.092
661,0.355,1.065
662,0.375,1.125
663,0.713,2.139
664,0.289,0.867
665,0.908,2.724
666,0.552,1.656
667,0.607,1.821
668,0.609,1.827
669,0.591,1.773
670,0.547,1.641
671,0.241,0.723
672,0.145,0.435
673,0.145,0.435
674,0.145,0.435
675,0.146,0.438
676,0.146,0.438
677,0.239,0.717
678,0.217,0.651
679,0.169,0.507
680,0.169,0.507
681,1.6,4.8
682,3.9920001,5.015333804
683,0.887,2.661
684,2.18,5.053461573
685,1.419,4.257
686,0.411,1.233
687,0.417,1.251
688,0.344,1.032
689,0.413,1.239
690,0.434,1.302
691,0.701,2.103
692,0.444,1.332
693,0.381,1.143
694,0.455,1.365
695,0.101,0.303
696,0.098,0.294
697,0.114,0.342
698,0.092,0.276
699,0.089,0.267
700,0.109,0.327
701,0.307,0.921
702,0.241,0.723
703,0.481,1.443
704,0.132,0.396
705,0.136,0.408
706,0.218,0.654
707,0.391,1.173
708,0.36,1.08
709,0.272,0.816
710,0.447,1.341
711,0.32,0.96
712,0.32,0.96
713,0.628,1.884
714,0.458,1.374
715,0.393,1.179
716,0.6,1.8
717,0.544,1.632
718,0.44,1.32
719,0.457,1.371
720,0.358,1.074
721,0.137,0.411
722,0.08,0.24
723,0.078,0.234
724,0.081,0.243
725,0.074,0.222
726,0.107,0.321
727,0.182,0.546
728,0.599,1.797
729,0.38,1.14
730,0.635,1.905
731,0.599,1.797
732,0.51,1.53
733,0.534,1.602
734,0.362,1.086
735,0.348,1.044
736,0.304,0.912
737,0.482,1.446
738,0.28,0.84
739,0.529,1.587
740,0.559,1.677
741,1.141,3.423
742,0.878,2.634
743,0.093,0.279
744,0.083,0.249
745,0.084,0.252
746,0.112,0.336
747,0.075,0.225
748,0.082,0.246
749,0.141,0.423
750,0.111,0.333
751,0.344,1.032
752,0.144,0.432
753,0.217,0.651
754,0.314,0.942
755,0.404,1.212
756,0.31,0.93
757,0.205,0.615
758,0.271,0.813
759,0.308,0.924
760,0.416,1.248
761,0.931,2.793
762,0.735,2.205
763,0.573,1.719
764,0.483,1.449
765,0.453,1.359
766,0.595,1.785
767,0.465,1.395
768,0.169,0.507
769,0.12,0.36
770,0.08,0.24
771,0.114,0.342
772,0.108,0.324
773,0.142,0.426
774,0.188,0.564
775,0.21,0.63
776,0.27,0.81
777,0.167,0.501
778,0.144,0.432
779,0.162,0.486
780,0.148,0.444
781,0.383,1.149
782,0.183,0.549
783,0.242,0.726
784,0.378,1.134
785,0.751,2.253
786,0.503,1.509
787,0.663,1.989
788,0.56,1.68
789,0.523,1.569
790,0.652,1.956
791,0.123,0.369
792,0.085,0.255
793,0.099,0.297
794,0.097,0.291
795,0.102,0.306
796,0.091,0.273
797,0.126,0.378
798,0.133,0.399
799,1.139,3.417
800,0.977,2.931
801,2.9919999,5.081419092
802,0.977,2.931
803,0.825,2.475
804,1.834,4.915480089
805,0.37,1.11
806,0.245,0.735
807,0.266,0.798
808,0.232,0.696
809,0.404,1.212
810,0.794,2.382
811,0.342,1.026
812,0.508,1.524
813,0.405,1.215
814,0.348,1.044
815,0.357,1.071
816,0.092,0.276
817,0.093,0.279
818,0.101,0.303
819,0.1,0.3
820,0.106,0.318
821,0.131,0.393
822,0.215,0.645
823,2.158,5.134115789
824,0.524,1.572
825,0.324,0.972
826,0.315,0.945
827,0.336,1.008
828,0.32,0.96
829,0.42,1.26
830,0.265,0.795
831,0.376,1.128
832,0.313,0.939
833,0.454,1.362
834,0.506,1.518
835,0.357,1.071
836,0.472,1.416
837,0.48,1.44
838,0.442,1.326
839,2.17,4.937205939
840,0.276,0.828
841,0.167,0.501
842,0.161,0.483
843,0.15,0.45
844,0.175,0.525
845,0.178,0.534
846,0.18,0.54
847,0.169,0.507
848,0.389,1.167
849,0.288,0.864
850,0.249,0.747
851,0.573,1.719
852,2.231,5.121934345
853,2.326,4.92917808
854,1.3210001,3.9630003
855,0.553,1.659
856,0.455,1.365
857,0.495,1.485
858,0.826,2.478
859,0.535,1.605
860,0.531,1.593
861,0.42,1.26
862,0.352,1.056
863,0.127,0.381
864,0.088,0.264
865,0.082,0.246
866,0.089,0.267
867,0.08,0.24
868,0.085,0.255
869,0.106,0.318
870,0.185,0.555
871,0.285,0.855
872,0.355,1.065
873,0.166,0.498
874,0.223,0.669
875,0.276,0.828
876,1.45,4.35
877,0.251,0.753
878,0.21,0.63
879,0.272,0.816
880,1.085,3.255
881,1.211,3.633
882,0.527,1.581
883,0.64,1.92
884,1.063,3.189
885,1.027,3.081
886,0.603,1.809
887,0.131,0.393
888,0.111,0.333
889,0.094,0.282
890,0.1,0.3
891,0.092,0.276
892,0.082,0.246
893,1.635,4.905
894,0.877,2.631
895,0.36,1.08
896,0.222,0.666
897,1.506,4.518
898,1.724,4.936945492
899,1.638,4.914
900,0.956,2.868
901,0.899,2.697
902,0.596,1.788
903,2.392,5.129904573
904,0.704,2.112
905,0.245,0.735
906,0.218,0.654
907,0.566,1.698
908,0.463,1.389
909,0.584,1.752
910,0.751,2.253
911,0.466,1.398
912,0.324,0.972
913,0.106,0.318
914,0.09,0.27
915,0.089,0.267
916,0.089,0.267
917,0.089,0.267
918,0.157,0.471
919,0.338,1.014
920,1.276,3.828
921,0.575,1.725
922,0.451,1.353
923,0.463,1.389
924,0.489,1.467
925,0.391,1.173
926,0.43,1.29
927,0.393,1.179
928,0.329,0.987
929,0.308,0.924
930,0.36,1.08
931,0.468,1.404
932,0.516,1.548
933,0.331,0.993
934,0.207,0.621
935,0.123,0.369
936,0.089,0.267
937,0.098,0.294
938,0.101,0.303
939,0.099,0.297
940,0.109,0.327
941,0.144,0.432
942,0.169,0.507
943,0.361,1.083
944,0.251,0.753
945,0.498,1.494
946,0.413,1.239
947,0.414,1.242
948,0.298,0.894
949,0.382,1.146
950,0.229,0.687
951,0.185,0.555
952,0.191,0.573
953,2.7860001,5.031402326
954,0.738,2.214
955,2.4579999,4.974969995
956,1.95,4.948088551
957,0.67,2.01
958,1.151,3.453
959,0.66,1.98
960,0.16,0.48
961,0.116,0.348
962,0.123,0.369
963,0.145,0.435
964,0.115,0.345
965,0.84,2.52
966,0.417,1.251
967,0.318,0.954
968,0.251,0.753
969,0.336,1.008
970,0.572,1.716
971,0.456,1.368
972,0.303,0.909
973,0.262,0.786
974,0.205,0.615
975,0.209,0.627
976,0.202,0.606
977,0.224,0.672
978,0.189,0.567
979,0.332,0.996
980,0.251,0.753
981,0.401,1.203
982,0.459,1.377
983,0.569,1.707
984,0.261,0.783
985,0.111,0.333
986,0.099,0.297
987,0.112,0.336
988,0.107,0.321
989,0.147,0.441
990,0.15,0.45
991,0.148,0.444
992,0.163,0.489
993,0.401,1.203
994,0.675,2.025
995,1.184,3.552
996,1.387,4.161
997,0.848,2.544
998,2.8109999,4.937739114
999,0.307,0.921
1000,0.25,0.75
1001,0.278,0.834
1002,0.408,1.224
1003,0.865,2.595
1004,0.783,2.349
1005,1.771,5.085589577
1006,1.542,4.626
1007,1.387,4.161
1008,0.178,0.534
1009,0.102,0.306
1010,0.097,0.291
1011,0.112,0.336
1012,0.125,0.375
1013,0.107,0.321
1014,0.118,0.354
1015,0.218,0.654
1016,1.258,3.774
1017,0.748,2.244
1018,0.635,1.905
1019,1.667,5.001
1020,3.312,5.005771907
1021,2.181,4.879164691
1022,2.725,4.953114527
1023,2.704,4.92609561
1024,0.881,2.643
1025,1.933,4.883066838
1026,0.767,2.301
1027,1.774,4.990111812
1028,1.59,4.77
1029,0.909,2.727
1030,0.92,2.76
1031,0.265,0.795
1032,0.088,0.264
1033,0.081,0.243
1034,0.088,0.264
1035,0.086,0.258
1036,0.116,0.348
1037,0.077,0.231
1038,0.201,0.603
1039,0.24,0.72
1040,1.898,4.969859838
1041,1.007,3.021
1042,0.243,0.729
1043,0.396,1.188
1044,0.271,0.813
1045,0.299,0.897
1046,0.108,0.324
1047,0.133,0.399
1048,0.147,0.441
1049,0.238,0.714
1050,0.328,0.984
1051,0.548,1.644
1052,0.514,1.542
1053,0.464,1.392
1054,0.458,1.374
1055,0.351,1.053
1056,0.083,0.249
1057,0.09,0.27
1058,0.082,0.246
1059,0.095,0.285
1060,0.098,0.294
1061,0.213,0.639
1062,1.66,4.98
1063,0.92,2.76
1064,0.405,1.215
1065,0.476,1.428
1066,0.241,0.723
1067,0.261,0.783
1068,0.251,0.753
1069,0.321,0.963
1070,0.263,0.789
1071,0.254,0.762
1072,0.271,0.813
1073,1.45,4.35
1074,1.794,4.888290321
1075,0.533,1.599
1076,0.518,1.554
1077,0.647,1.941
1078,0.468,1.404
1079,0.1,0.3
1080,0.087,0.261
1081,0.084,0.252
1082,0.081,0.243
1083,0.087,0.261
1084,0.081,0.243
1085,0.084,0.252
1086,0.112,0.336
1087,0.138,0.414
1088,0.288,0.864
1089,0.143,0.429
1090,0.174,0.522
1091,0.111,0.333
1092,0.288,0.864
1093,0.205,0.615
1094,0.255,0.765
1095,0.39,1.17
1096,0.821,2.463
1097,0.277,0.831
1098,0.706,2.118
1099,0.536,1.608
1100,0.662,1.986
1101,0.473,1.419
1102,0.563,1.689
1103,0.346,1.038
1104,0.162,0.486
1105,0.165,0.495
1106,0.109,0.327
1107,0.123,0.369
1108,0.109,0.327
1109,0.105,0.315
1110,0.249,0.747
1111,0.426,1.278
1112,0.401,1.203
1113,0.249,0.747
1114,0.095,0.285
1115,0.304,0.912
1116,0.218,0.654
1117,0.31,0.93
1118,0.337,1.011
1119,0.338,1.014
1120,0.212,0.636
1121,0.25,0.75
1122,0.138,0.414
1123,0.603,1.809
1124,0.587,1.761
1125,0.642,1.926
1126,0.646,1.938
1127,0.575,1.725
1128,0.416,1.248
1129,0.088,0.264
1130,0.107,0.321
1131,0.089,0.267
1132,0.081,0.243
1133,0.112,0.336
1134,0.235,0.705
1135,0.222,0.666
1136,0.408,1.224
1137,0.128,0.384
1138,0.15,0.45
1139,0.338,1.014
1140,0.28,0.84
1141,0.327,0.981
1142,0.434,1.302
1143,0.248,0.744
1144,0.237,0.711
1145,0.333,0.999
1146,0.354,1.062
1147,1.511,4.533
1148,0.83,2.49
1149,0.418,1.254
1150,0.505,1.515
1151,0.397,1.191
1152,0.086,0.258
1153,0.115,0.345
1154,0.099,0.297
1155,0.103,0.309
1156,0.565,1.695
1157,0.872,2.616
1158,0.416,1.248
1159,0.404,1.212
1160,0.588,1.764
1161,0.313,0.939
1162,0.313,0.939
1163,0.318,0.954
1164,0.274,0.822
1165,0.292,0.876
1166,0.377,1.131
1167,0.276,0.828
1168,0.256,0.768
1169,0.241,0.723
1170,0.386,1.158
1171,1.324,3.972
1172,0.528,1.584
1173,0.507,1.521
1174,0.516,1.548
1175,0.57,1.71
1176,0.109,0.327
1177,0.086,0.258
1178,0.085,0.255
1179,0.084,0.252
1180,0.082,0.246
1181,0.078,0.234
1182,0.137,0.411
1183,0.132,0.396
1184,0.125,0.375
1185,0.437,1.311
1186,0.475,1.425
1187,1.3889999,4.1669997
1188,3.449,5.121807166
1189,2.211,4.898748648
1190,0.72,2.16
1191,0.325,0.975
1192,0.329,0.987
1193,0.453,1.359
1194,0.318,0.954
1195,0.367,1.101
1196,0.441,1.323
1197,0.558,1.674
1198,0.577,1.731
1199,0.445,1.335
1200,0.243,0.729
1201,0.083,0.249
1202,0.07,0.21
1203,0.078,0.234
1204,0.071,0.213
1205,0.079,0.237
1206,0.24,0.72
1207,0.973,2.919
1208,0.741,2.223
1209,0.712,2.136
1210,0.123,0.369
1211,0.182,0.546
1212,0.32,0.96
1213,0.394,1.182
1214,0.725,2.175
1215,0.967,2.901
1216,0.116,0.348
1217,0.311,0.933
1218,0.704,2.112
1219,0.576,1.728
1220,0.406,1.218
1221,1.585,4.755
1222,0.53,1.59
1223,0.37,1.11
1224,0.125,0.375
1225,0.11,0.33
1226,0.074,0.222
1227,0.076,0.228
1228,0.105,0.315
1229,0.07,0.21
1230,0.227,0.681
1231,0.223,0.669
1232,0.509,1.527
1233,0.121,0.363
1234,0.245,0.735
1235,0.256,0.768
1236,0.223,0.669
1237,0.23,0.69
1238,0.216,0.648
1239,0.217,0.651
1240,0.343,1.029
1241,0.206,0.618
1242,0.366,1.098
1243,0.686,2.058
1244,0.449,1.347
1245,0.426,1.278
1246,0.463,1.389
1247,0.377,1.131
1248,0.301,0.903
1249,0.089,0.267
1250,0.138,0.414
1251,0.081,0.243
1252,0.102,0.306
1253,0.078,0.234
1254,0.301,0.903
1255,0.194,0.582
1256,0.378,1.134
1257,0.154,0.462
1258,0.248,0.744
1259,0.115,0.345
1260,0.266,0.798
1261,1.167,3.501
1262,0.2,0.6
1263,0.234,0.702
1264,0.209,0.627
1265,0.485,1.455
1266,1.048,3.144
1267,0.752,2.256
1268,0.433,1.299
1269,0.437,1.311
1270,0.415,1.245
1271,0.415,1.245
1272,0.279,0.837
1273,0.104,0.312
1274,0.076,0.228
1275,0.106,0.318
1276,0.072,0.216
1277,0.206,0.618
1278,0.181,0.543
1279,0.198,0.594
1280,0.341,1.023
1281,0.103,0.309
1282,0.134,0.402
1283,0.409,1.227
1284,0.232,0.696
1285,0.23,0.69
1286,0.633,1.899
1287,0.319,0.957
1288,0.181,0.543
1289,0.912,2.736
1290,0.524,1.572
1291,0.61,1.83
1292,0.634,1.902
1293,0.681,2.043
1294,0.549,1.647
1295,0.418,1.254
1296,0.234,0.702
1297,0.151,0.453
1298,0.085,0.255
1299,0.105,0.315
1300,0.095,0.285
1301,0.094,0.282
1302,0.183,0.549
1303,0.377,1.131
1304,0.919,2.757
1305,0.976,2.928
1306,0.323,0.969
1307,0.427,1.281
1308,0.268,0.804
1309,0.195,0.585
1310,0.157,0.471
1311,0.236,0.708
1312,0.228,0.684
1313,0.23,0.69
1314,0.532,1.596
1315,0.27,0.81
1316,0.299,0.897
1317,0.333,0.999
1318,0.651,1.953
1319,0.403,1.209
1320,0.282,0.846
1321,0.101,0.303
1322,0.099,0.297
1323,0.082,0.246
1324,0.29,0.87
1325,1.2200001,3.6600003
1326,0.185,0.555
1327,0.16,0.48
1328,1.695,5.085
1329,1.696,5.088
1330,0.179,0.537
1331,0.094,0.282
1332,0.213,0.639
1333,0.103,0.309
1334,0.338,1.014
1335,0.222,0.666
1336,0.262,0.786
1337,0.335,1.005
1338,0.397,1.191
1339,1.275,3.825
1340,0.468,1.404
1341,0.486,1.458
1342,2.3430001,5.092832548
1343,1.462,4.386
1344,0.536,1.608
1345,0.279,0.837
1346,0.088,0.264
1347,0.112,0.336
1348,0.086,0.258
1349,0.108,0.324
1350,0.162,0.486
1351,0.168,0.504
1352,0.19,0.57
1353,0.516,1.548
1354,2.648,4.821066056
1355,0.874,2.622
1356,2.403,5.015100852
1357,2.855,5.020893747
1358,1.439,4.317
1359,0.308,0.924
1360,0.302,0.906
1361,0.224,0.672
1362,0.702,2.106
1363,0.446,1.338
1364,0.456,1.368
1365,0.43,1.29
1366,0.391,1.173
1367,0.171,0.513
1368,0.148,0.444
1369,0.105,0.315
1370,0.137,0.411
1371,0.083,0.249
1372,0.105,0.315
1373,0.229,0.687
1374,0.196,0.588
1375,0.122,0.366
1376,0.194,0.582
1377,0.187,0.561
1378,0.17,0.51
1379,0.104,0.312
1380,0.137,0.411
1381,0.111,0.333
1382,0.127,0.381
1383,0.133,0.399
1384,0.1,0.3
1385,0.226,0.678
1386,1.82,4.851422916
1387,0.559,1.677
1388,0.545,1.635
1389,0.773,2.319
1390,0.434,1.302
1391,0.399,1.197
1392,0.44,1.32
1393,0.373,1.119
1394,0.103,0.309
1395,0.08,0.24
1396,0.106,0.318
1397,0.079,0.237
1398,0.225,0.675
1399,0.186,0.558
1400,0.334,1.002
1401,0.21,0.63
1402,0.4,1.2
1403,0.35,1.05
1404,0.343,1.029
1405,0.346,1.038
1406,0.607,1.821
1407,0.319,0.957
1408,0.351,1.053
1409,1.044,3.132
1410,2.439,4.96700565
1411,0.567,1.701
1412,0.493,1.479
1413,0.537,1.611
1414,0.575,1.725
1415,1.002,3.006
1416,0.124,0.372
1417,0.113,0.339
1418,0.108,0.324
1419,0.109,0.327
1420,0.088,0.264
1421,0.111,0.333
1422,0.109,0.327
1423,0.443,1.329
1424,0.329,0.987
1425,0.174,0.522
1426,0.266,0.798
1427,0.399,1.197
1428,1.48,4.44
1429,0.372,1.116
1430,0.135,0.405
1431,0.243,0.729
1432,0.319,0.957
1433,0.231,0.693
1434,0.624,1.872
1435,0.483,1.449
1436,0.524,1.572
1437,0.607,1.821
1438,0.509,1.527
1439,0.481,1.443
1440,0.106,0.318
1441,0.104,0.312
1442,0.108,0.324
1443,0.129,0.387
1444,0.09,0.27
1445,0.1,0.3
1446,0.082,0.246
1447,0.136,0.408
1448,0.204,0.612
1449,0.27,0.81
1450,0.235,0.705
1451,0.235,0.705
1452,0.321,0.963
1453,0.233,0.699
1454,0.21,0.63
1455,0.182,0.546
1456,0.406,1.218
1457,0.466,1.398
1458,0.373,1.119
1459,0.872,2.616
1460,1.103,3.309
1461,0.465,1.395
1462,0.415,1.245
1463,0.394,1.182
1464,0.28,0.84
1465,0.136,0.408
1466,0.128,0.384
1467,0.105,0.315
1468,0.129,0.387
1469,0.108,0.324
1470,0.154,0.462
1471,0.583,1.749
1472,1.374,4.122
1473,0.785,2.355
1474,0.628,1.884
1475,0.653,1.959
1476,0.855,2.565
1477,0.437,1.311
1478,0.271,0.813
1479,0.231,0.693
1480,0.202,0.606
1481,0.257,0.771
1482,0.363,1.089
1483,0.982,2.946
1484,1.153,3.459
1485,0.674,2.022
1486,0.384,1.152
1487,0.17,0.51
1488,0.107,0.321
1489,0.084,0.252
1490,0.108,0.324
1491,0.083,0.249
1492,0.112,0.336
1493,0.359,1.077
1494,0.201,0.603
1495,0.797,2.391
1496,2.688,4.990342171
1497,1.464,4.392
1498,0.312,0.936
1499,0.238,0.714
1500,0.21,0.63
1501,0.232,0.696
1502,0.237,0.711
1503,0.398,1.194
1504,0.237,0.711
1505,1.611,4.833
1506,2.725,5.194833405
1507,1.621,4.863
1508,0.189,0.567
1509,0.164,0.492
1510,0.183,0.549
1511,0.169,0.507
1512,0.269,0.807
1513,0.106,0.318
1514,0.125,0.375
1515,0.1,0.3
1516,0.127,0.381
1517,0.105,0.315
1518,0.198,0.594
1519,0.117,0.351
1520,0.196,0.588
1521,0.212,0.636
1522,0.449,1.347
1523,0.233,0.699
1524,0.129,0.387
1525,0.097,0.291
1526,0.127,0.381
1527,0.098,0.294
1528,0.123,0.369
1529,0.098,0.294
1530,0.115,0.345
1531,0.109,0.327
1532,0.121,0.363
1533,0.128,0.384
1534,1.861,4.977291453
1535,0.446,1.338
1536,0.105,0.315
1537,0.093,0.279
1538,0.082,0.246
1539,0.076,0.228
1540,0.084,0.252
1541,0.079,0.237
1542,1.32,3.96
1543,1.612,4.836
1544,0.472,1.416
1545,0.455,1.365
1546,0.311,0.933
1547,0.805,2.415
1548,0.613,1.839
1549,0.39,1.17
1550,0.56,1.68
1551,0.929,2.787
1552,0.519,1.557
1553,1.512,4.536
1554,2.727,4.970659236
1555,1.607,4.821
1556,0.616,1.848
1557,0.43,1.29
1558,0.354,1.062
1559,0.377,1.131
1560,0.167,0.501
1561,0.113,0.339
1562,0.11,0.33
1563,0.078,0.234
1564,0.08,0.24
1565,0.166,0.498
1566,0.099,0.297
1567,0.148,0.444
1568,0.509,1.527
1569,0.273,0.819
1570,0.361,1.083
1571,0.601,1.803
1572,0.311,0.933
1573,0.305,0.915
1574,0.351,1.053
1575,0.359,1.077
1576,0.301,0.903
1577,1.6049999,4.8149997
1578,0.364,1.092
1579,0.567,1.701
1580,0.472,1.416
1581,0.576,1.728
1582,0.534,1.602
1583,0.486,1.458
1584,0.112,0.336
1585,0.112,0.336
1586,0.091,0.273
1587,0.083,0.249
1588,0.084,0.252
1589,0.113,0.339
1590,0.12,0.36
1591,0.114,0.342
1592,0.385,1.155
1593,0.109,0.327
1594,0.11,0.33
1595,0.4,1.2
1596,0.249,0.747
1597,0.306,0.918
1598,0.249,0.747
1599,0.363,1.089
1600,0.271,0.813
1601,0.303,0.909
1602,0.273,0.819
1603,1.451,4.353
1604,0.608,1.824
1605,0.585,1.755
1606,0.471,1.413
1607,0.588,1.764
1608,0.211,0.633
1609,0.088,0.264
1610,0.093,0.279
1611,0.098,0.294
1612,0.082,0.246
1613,0.085,0.255
1614,0.211,0.633
1615,2.079,5.080031184
1616,0.584,1.752
1617,0.101,0.303
1618,0.073,0.219
1619,0.103,0.309
1620,0.098,0.294
1621,0.081,0.243
1622,0.096,0.288
1623,0.163,0.489
1624,0.212,0.636
1625,0.254,0.762
1626,1.845,5.065062464
1627,0.627,1.881
1628,0.637,1.911
1629,0.71,2.13
1630,0.515,1.545
1631,0.332,0.996
1632,0.165,0.495
1633,0.182,0.546
1634,0.089,0.267
1635,0.137,0.411
1636,0.074,0.222
1637,0.104,0.312
1638,0.08,0.24
1639,0.348,1.044
1640,0.234,0.702
1641,0.218,0.654
1642,0.234,0.702
1643,0.344,1.032
1644,0.207,0.621
1645,0.222,0.666
1646,0.21,0.63
1647,0.166,0.498
1648,0.174,0.522
1649,0.928,2.784
1650,0.285,0.855
1651,0.418,1.254
1652,0.259,0.777
1653,0.402,1.206
1654,0.413,1.239
1655,0.413,1.239
1656,0.212,0.636
1657,0.101,0.303
1658,0.075,0.225
1659,0.099,0.297
1660,0.086,0.258
1661,0.09,0.27
1662,0.136,0.408
1663,0.115,0.345
1664,0.801,2.403
1665,0.328,0.984
1666,0.132,0.396
1667,0.349,1.047
1668,0.216,0.648
1669,0.214,0.642
1670,0.234,0.702
1671,0.36,1.08
1672,0.231,0.693
1673,1.073,3.219
1674,0.639,1.917
1675,0.436,1.308
1676,0.396,1.188
1677,0.361,1.083
1678,0.352,1.056
1679,0.521,1.563
1680,0.907,2.721
1681,0.111,0.333
1682,0.11,0.33
1683,0.085,0.255
1684,0.105,0.315
1685,0.081,0.243
1686,0.106,0.318
1687,0.778,2.334
1688,0.345,1.035
1689,0.347,1.041
1690,0.531,1.593
1691,1.148,3.444
1692,2.901,4.999241077
1693,2.3220001,5.024252694
1694,0.408,1.224
1695,0.272,0.816
1696,0.46,1.38
1697,0.841,2.523
1698,1.074,3.222
1699,0.514,1.542
1700,0.856,2.568
1701,0.621,1.863
1702,0.566,1.698
1703,0.312,0.936
1704,0.089,0.267
1705,0.105,0.315
1706,0.102,0.306
1707,0.08,0.24
1708,0.099,0.297
1709,0.081,0.243
1710,0.105,0.315
1711,0.11,0.33
1712,0.11,0.33
1713,0.101,0.303
1714,0.076,0.228
1715,0.104,0.312
1716,0.092,0.276
1717,0.177,0.531
1718,0.374,1.122
1719,0.22,0.66
1720,0.293,0.879
1721,1.747,4.920055609
1722,0.783,2.349
1723,1.625,4.875
1724,0.792,2.376
1725,0.67,2.01
1726,0.484,1.452
1727,0.106,0.318
1728,0.087,0.261
1729,0.1,0.3
1730,0.104,0.312
1731,0.089,0.267
1732,0.276,0.828
1733,0.148,0.444
1734,0.162,0.486
1735,0.132,0.396
1736,0.372,1.116
1737,0.418,1.254
1738,0.243,0.729
1739,0.247,0.741
1740,0.38,1.14
1741,0.226,0.678
1742,0.227,0.681
1743,0.34,1.02
1744,0.268,0.804
1745,2.7069999,4.999213957
1746,2.259,5.081210663
1747,0.549,1.647
1748,0.583,1.749
1749,0.599,1.797
1750,0.631,1.893
1751,0.439,1.317
1752,0.196,0.588
1753,0.101,0.303
1754,0.105,0.315
1755,0.086,0.258
1756,0.1,0.3
1757,0.082,0.246
1758,0.106,0.318
1759,0.081,0.243
1760,0.216,0.648
1761,0.109,0.327
1762,0.114,0.342
1763,0.109,0.327
1764,0.139,0.417
1765,0.102,0.306
1766,0.116,0.348
1767,0.405,1.215
1768,0.286,0.858
1769,0.226,0.678
1770,0.379,1.137
1771,2.002,5.061024784
1772,0.759,2.277
1773,0.685,2.055
1774,0.641,1.923
1775,0.978,2.934
1776,0.529,1.587
1777,0.201,0.603
1778,0.088,0.264
1779,0.112,0.336
1780,0.102,0.306
1781,0.103,0.309
1782,0.112,0.336
1783,0.249,0.747
1784,0.385,1.155
1785,0.147,0.441
1786,0.219,0.657
1787,0.356,1.068
1788,0.219,0.657
1789,0.337,1.011
1790,0.221,0.663
1791,0.229,0.687
1792,0.174,0.522
1793,0.352,1.056
1794,0.35,1.05
1795,0.613,1.839
1796,0.601,1.803
1797,0.589,1.767
1798,0.342,1.026
1799,0.103,0.309
1800,0.101,0.303
1801,0.106,0.318
1802,0.099,0.297
1803,0.327,0.981
1804,0.173,0.519
1805,0.082,0.246
1806,0.189,0.567
1807,0.168,0.504
1808,0.251,0.753
1809,0.301,0.903
1810,0.261,0.783
1811,0.437,1.311
1812,0.254,0.762
1813,0.352,1.056
1814,0.247,0.741
1815,0.221,0.663
1816,0.254,0.762
1817,0.425,1.275
1818,0.272,0.816
1819,0.286,0.858
1820,0.322,0.966
1821,0.458,1.374
1822,0.217,0.651
1823,0.128,0.384
1824,0.11,0.33
1825,0.106,0.318
1826,0.091,0.273
1827,0.096,0.288
1828,0.108,0.324
1829,0.241,0.723
1830,0.244,0.732
1831,0.348,1.044
1832,0.394,1.182
1833,0.176,0.528
1834,0.106,0.318
1835,0.125,0.375
1836,0.1,0.3
1837,0.086,0.258
1838,0.197,0.591
1839,0.324,0.972
1840,0.307,0.921
1841,0.369,1.107
1842,0.653,1.959
1843,0.601,1.803
1844,0.433,1.299
1845,0.391,1.173
1846,0.298,0.894
1847,0.144,0.432
1848,0.129,0.387
1849,0.115,0.345
1850,0.166,0.498
1851,0.124,0.372
1852,0.117,0.351
1853,0.14,0.42
1854,0.117,0.351
1855,1.77,4.924158786
1856,1.866,5.050153784
1857,1.152,3.456
1858,1.624,4.872
1859,1.843,5.082964104
1860,3.144,5.046419175
1861,3.919,4.911252617
1862,0.883,2.649
1863,0.295,0.885
1864,1.654,4.962
1865,1.098,3.294
1866,0.464,1.392
1867,0.372,1.116
1868,0.607,1.821
1869,0.398,1.194
1870,0.27,0.81
1871,0.121,0.363
1872,0.078,0.234
1873,0.102,0.306
1874,0.083,0.249
1875,0.087,0.261
1876,0.089,0.267
1877,0.147,0.441
1878,1.263,3.789
1879,1.243,3.729
1880,0.098,0.294
1881,0.231,0.693
1882,0.215,0.645
1883,0.317,0.951
1884,0.305,0.915
1885,0.175,0.525
1886,0.132,0.396
1887,0.178,0.534
1888,0.246,0.738
1889,0.445,1.335
1890,1.264,3.792
1891,1.019,3.057
1892,0.608,1.824
1893,0.507,1.521
1894,0.351,1.053
1895,0.264,0.792
1896,0.104,0.312
1897,0.098,0.294
1898,0.084,0.252
1899,0.099,0.297
1900,0.093,0.279
1901,0.246,0.738
1902,0.124,0.372
1903,1.542,4.626
1904,0.095,0.285
1905,0.097,0.291
1906,0.1,0.3
1907,0.097,0.291
1908,0.272,0.816
1909,0.33,0.99
1910,0.298,0.894
1911,0.377,1.131
1912,0.19,0.57
1913,0.212,0.636
1914,0.411,1.233
1915,0.622,1.866
1916,0.525,1.575
1917,0.495,1.485
1918,0.556,1.668
1919,0.313,0.939
1920,0.105,0.315
1921,0.113,0.339
1922,0.114,0.342
1923,0.109,0.327
1924,0.106,0.318
1925,0.099,0.297
1926,0.179,0.537
1927,0.608,1.824
1928,0.181,0.543
1929,0.245,0.735
1930,0.154,0.462
1931,0.156,0.468
1932,0.163,0.489
1933,0.176,0.528
1934,0.377,1.131
1935,0.178,0.534
1936,0.741,2.223
1937,0.521,1.563
1938,0.43,1.29
1939,2.312,4.92828234
1940,1.524,4.572
1941,0.75,2.25
1942,0.362,1.086
1943,0.189,0.567
1944,0.102,0.306
1945,0.077,0.231
1946,0.098,0.294
1947,0.104,0.312
1948,0.097,0.291
1949,0.134,0.402
1950,0.103,0.309
1951,0.25,0.75
1952,0.089,0.267
1953,0.102,0.306
1954,0.097,0.291
1955,0.139,0.417
1956,0.305,0.915
1957,0.228,0.684
1958,0.296,0.888
1959,0.386,1.158
1960,0.385,1.155
1961,0.727,2.181
1962,0.443,1.329
1963,0.537,1.611
1964,0.527,1.581
1965,0.589,1.767
1966,0.402,1.206
1967,0.3,0.9
1968,0.15,0.45
1969,0.127,0.381
1970,0.127,0.381
1971,0.111,0.333
1972,0.179,0.537
1973,0.197,0.591
1974,0.237,0.711
1975,0.422,1.266
1976,0.242,0.726
1977,0.175,0.525
1978,0.39,1.17
1979,0.222,0.666
1980,0.221,0.663
1981,0.133,0.399
1982,0.31,0.93
1983,0.232,0.696
1984,0.235,0.705
1985,0.289,0.867
1986,0.355,1.065
1987,0.311,0.933
1988,0.445,1.335
1989,0.451,1.353
1990,0.748,2.244
1991,0.518,1.554
1992,0.198,0.594
1993,0.136,0.408
1994,0.128,0.384
1995,0.111,0.333
1996,0.131,0.393
1997,0.125,0.375
1998,0.111,0.333
1999,1.484,4.452
2000,0.323,0.969
2001,0.167,0.501
2002,0.154,0.462
2003,0.271,0.813
2004,0.167,0.501
2005,0.183,0.549
2006,0.25,0.75
2007,0.245,0.735
2008,0.277,0.831
2009,1.756,5.096174075
2010,0.287,0.861
2011,0.445,1.335
2012,0.48,1.44
2013,0.676,2.028
2014,0.439,1.317
2015,0.414,1.242
2016,0.469,1.407
2017,0.136,0.408
2018,0.14,0.42
2019,0.108,0.324
2020,0.129,0.387
2021,0.15,0.45
2022,0.097,0.291
2023,0.255,0.765
2024,0.737,2.211
2025,1.216,3.648
2026,2.1420001,4.944276885
2027,2.532,5.025310691
2028,1.6479999,4.9439997
2029,0.249,0.747
2030,0.236,0.708
2031,0.353,1.059
2032,0.288,0.864
2033,0.723,2.169
2034,0.444,1.332
2035,0.505,1.515
2036,0.529,1.587
2037,0.494,1.482
2038,0.494,1.482
2039,0.594,1.782
2040,0.3,0.9
2041,0.095,0.285
2042,0.109,0.327
2043,0.092,0.276
2044,0.111,0.333
2045,0.134,0.402
2046,0.092,0.276
2047,0.341,1.023
2048,0.164,0.492
2049,0.361,1.083
2050,0.237,0.711
2051,0.313,0.939
2052,0.296,0.888
2053,0.245,0.735
2054,0.239,0.717
2055,0.278,0.834
2056,2.49,5.040659879
2057,0.56,1.68
2058,0.41,1.23
2059,0.429,1.287
2060,0.741,2.223
2061,0.51,1.53
2062,0.258,0.774
2063,0.144,0.432
2064,0.113,0.339
2065,0.117,0.351
2066,0.113,0.339
2067,0.108,0.324
2068,0.201,0.603
2069,0.227,0.681
2070,0.438,1.314
2071,2.2860001,5.038960925
2072,1.348,4.044
2073,0.454,1.362
2074,0.275,0.825
2075,0.383,1.149
2076,0.239,0.717
2077,0.265,0.795
2078,0.319,0.957
2079,0.236,0.708
2080,0.632,1.896
2081,1.05,3.15
2082,1.011,3.033
2083,0.468,1.404
2084,0.633,1.899
2085,0.412,1.236
2086,0.176,0.528
2087,0.177,0.531
2088,0.179,0.537
2089,0.177,0.531
2090,0.181,0.543
2091,0.176,0.528
2092,0.226,0.678
2093,0.331,0.993
2094,0.836,2.508
2095,0.403,1.209
2096,0.361,1.083
2097,0.159,0.477
2098,0.373,1.119
2099,0.242,0.726
2100,0.242,0.726
2101,0.253,0.759
2102,0.34,1.02
2103,0.171,0.513
2104,0.306,0.918
2105,0.229,0.687
2106,0.82,2.46
2107,1.054,3.162
2108,0.634,1.902
2109,0.477,1.431
2110,0.417,1.251
2111,0.205,0.615
2112,0.103,0.309
2113,0.096,0.288
2114,0.091,0.273
2115,0.095,0.285
2116,0.154,0.462
2117,0.279,0.837
2118,0.301,0.903
2119,0.305,0.915
2120,0.349,1.047
2121,0.218,0.654
2122,0.228,0.684
2123,0.294,0.882
2124,0.375,1.125
2125,0.294,0.882
2126,0.459,1.377
2127,0.265,0.795
2128,0.262,0.786
2129,0.306,0.918
2130,0.488,1.464
2131,0.382,1.146
2132,0.455,1.365
2133,0.511,1.533
2134,0.274,0.822
2135,0.098,0.294
2136,0.092,0.276
2137,0.097,0.291
2138,0.09,0.27
2139,0.097,0.291
2140,0.102,0.306
2141,0.093,0.279
2142,0.257,0.771
2143,0.113,0.339
2144,0.236,0.708
2145,0.256,0.768
2146,0.221,0.663
2147,0.243,0.729
2148,0.219,0.657
2149,0.158,0.474
2150,0.142,0.426
2151,0.119,0.357
2152,0.316,0.948
2153,0.511,1.533
2154,0.298,0.894
2155,0.253,0.759
2156,0.588,1.764
2157,0.534,1.602
2158,0.338,1.014
2159,0.097,0.291
2160,0.101,0.303
2161,0.1,0.3
2162,0.112,0.336
2163,0.207,0.621
2164,0.175,0.525
2165,0.204,0.612
2166,0.181,0.543
2167,0.194,0.582
2168,0.257,0.771
2169,0.14,0.42
2170,0.285,0.855
2171,0.293,0.879
2172,0.216,0.648
2173,0.227,0.681
2174,0.303,0.909
2175,0.276,0.828
2176,0.244,0.732
2177,0.284,0.852
2178,0.53,1.59
2179,0.736,2.208
2180,0.698,2.094
2181,0.616,1.848
2182,0.269,0.807
2183,0.106,0.318
2184,0.099,0.297
2185,0.113,0.339
2186,0.104,0.312
2187,0.206,0.618
2188,0.204,0.612
2189,0.205,0.615
2190,0.873,2.619
2191,1.818,4.931903267
2192,2.6050001,4.945274587
2193,2.049,4.876278049
2194,1.675,5.025
2195,0.837,2.511
2196,0.62,1.86
2197,0.284,0.852
2198,0.267,0.801
2199,0.368,1.104
2200,0.268,0.804
2201,0.542,1.626
2202,0.675,2.025
2203,0.84,2.52
2204,0.511,1.533
2205,0.105,0.315
2206,0.106,0.318
2207,0.103,0.309
2208,0.097,0.291
2209,0.089,0.267
2210,0.101,0.303
2211,0.1,0.3
2212,0.239,0.717
2213,0.685,2.055
2214,0.434,1.302
2215,0.285,0.855
2216,0.336,1.008
2217,0.296,0.888
2218,0.259,0.777
2219,0.236,0.708
2220,0.232,0.696
2221,0.334,1.002
2222,1.155,3.465
2223,0.452,1.356
2224,0.256,0.768
2225,0.276,0.828
2226,0.508,1.524
2227,0.512,1.536
2228,0.481,1.443
2229,0.415,1.245
2230,0.103,0.309
2231,0.122,0.366
2232,0.102,0.306
2233,0.112,0.336
2234,0.166,0.498
2235,0.164,0.492
2236,0.161,0.483
2237,0.143,0.429
2238,0.261,0.783
2239,0.311,0.933
2240,0.224,0.672
2241,0.222,0.666
2242,0.347,1.041
2243,0.262,0.786
2244,0.368,1.104
2245,0.227,0.681
2246,0.226,0.678
2247,0.383,1.149
2248,0.362,1.086
2249,0.596,1.788
2250,0.719,2.157
2251,0.723,2.169
2252,0.573,1.719
2253,0.469,1.407
2254,0.273,0.819
2255,0.117,0.351
2256,0.119,0.357
2257,0.117,0.351
2258,0.191,0.573
2259,0.193,0.579
2260,0.21,0.63
2261,0.359,1.077
2262,0.107,0.321
2263,0.229,0.687
2264,0.364,1.092
2265,0.26,0.78
2266,0.196,0.588
2267,0.262,0.786
2268,0.227,0.681
2269,0.277,0.831
2270,0.52,1.56
2271,0.646,1.938
2272,0.938,2.814
2273,0.406,1.218
2274,0.534,1.602
2275,0.455,1.365
2276,0.46,1.38
2277,0.132,0.396
2278,0.097,0.291
2279,0.112,0.336
2280,0.14,0.42
2281,0.108,0.324
2282,0.129,0.387
2283,0.173,0.519
2284,0.177,0.531
2285,0.317,0.951
2286,0.209,0.627
2287,0.256,0.768
2288,0.283,0.849
2289,0.464,1.392
2290,0.314,0.942
2291,0.273,0.819
2292,0.287,0.861
2293,0.271,0.813
2294,1.062,3.186
2295,1.262,3.786
2296,0.4,1.2
2297,0.43,1.29
2298,0.437,1.311
2299,0.417,1.251
2300,0.39,1.17
2301,0.444,1.332
2302,0.685,2.055
2303,0.212,0.636
2304,0.117,0.351
2305,0.13,0.39
2306,0.086,0.258
2307,0.118,0.354
2308,0.148,0.444
2309,0.222,0.666
2310,0.189,0.567
2311,0.455,1.365
2312,0.24,0.72
2313,0.243,0.729
2314,0.592,1.776
2315,0.74,2.22
2316,0.36,1.08
2317,1.317,3.951
2318,1.749,4.959412198
2319,1.881,4.942256478
2320,2.2169998,4.885392506
2321,1.095,3.285
2322,1.771,4.9996678
2323,0.861,2.583
2324,0.424,1.272
2325,0.263,0.789
2326,0.102,0.306
2327,0.106,0.318
2328,0.106,0.318
2329,0.102,0.306
2330,0.181,0.543
2331,0.21,0.63
2332,0.204,0.612
2333,0.207,0.621
2334,0.156,0.468
2335,0.156,0.468
2336,0.352,1.056
2337,0.297,0.891
2338,0.222,0.666
2339,0.222,0.666
2340,0.364,1.092
2341,0.316,0.948
2342,0.224,0.672
2343,0.345,1.035
2344,0.277,0.831
2345,0.308,0.924
2346,0.438,1.314
2347,0.612,1.836
2348,0.691,2.073
2349,0.176,0.528
2350,0.099,0.297
2351,0.147,0.441
2352,0.105,0.315
2353,0.13,0.39
2354,0.167,0.501
2355,0.139,0.417
2356,0.18,0.54
2357,0.464,1.392
2358,0.979,2.937
2359,1.055,3.165
2360,1.325,3.975
2361,0.331,0.993
2362,0.379,1.137
2363,0.205,0.615
2364,0.226,0.678
2365,0.122,0.366
2366,0.205,0.615
2367,0.248,0.744
2368,0.357,1.071
2369,0.331,0.993
2370,0.365,1.095
2371,0.319,0.957
2372,0.396,1.188
2373,0.278,0.834
2374,0.128,0.384
2375,0.129,0.387
2376,0.133,0.399
2377,0.109,0.327
2378,0.133,0.399
2379,0.227,0.681
2380,0.212,0.636
2381,0.134,0.402
2382,0.115,0.345
2383,0.109,0.327
2384,0.134,0.402
2385,0.362,1.086
2386,0.225,0.675
2387,0.344,1.032
2388,0.332,0.996
2389,0.357,1.071
2390,0.495,1.485
2391,0.628,1.884
2392,0.632,1.896
2393,0.579,1.737
2394,0.519,1.557
2395,0.47,1.41
2396,0.446,1.338
2397,0.112,0.336
2398,0.114,0.342
2399,0.082,0.246
2400,0.116,0.348
2401,0.083,0.249
2402,0.182,0.546
2403,0.165,0.495
2404,0.198,0.594
2405,0.391,1.173
2406,0.313,0.939
2407,0.242,0.726
2408,0.118,0.354
2409,0.213,0.639
2410,0.243,0.729
2411,0.257,0.771
2412,0.253,0.759
2413,0.475,1.425
2414,0.337,1.011
2415,0.49,1.47
2416,0.424,1.272
2417,0.226,0.678
2418,0.231,0.693
2419,0.444,1.332
2420,0.401,1.203
2421,0.111,0.333
2422,0.102,0.306
2423,0.093,0.279
2424,0.113,0.339
2425,0.087,0.261
2426,0.204,0.612
2427,0.141,0.423
2428,0.162,0.486
2429,0.195,0.585
2430,0.274,0.822
2431,0.247,0.741
2432,0.384,1.152
2433,0.256,0.768
2434,0.229,0.687
2435,0.235,0.705
2436,0.277,0.831
2437,0.248,0.744
2438,1.397,4.191
2439,1.43,4.29
2440,0.221,0.663
2441,0.374,1.122
2442,0.485,1.455
2443,0.517,1.551
2444,0.448,1.344
2445,0.183,0.549
2446,0.111,0.333
2447,0.13,0.39
2448,0.104,0.312
2449,0.169,0.507
2450,0.171,0.513
2451,0.193,0.579
2452,0.271,0.813
2453,0.392,1.176
2454,0.148,0.444
2455,0.196,0.588
2456,0.249,0.747
2457,0.234,0.702
2458,0.315,0.945
2459,0.152,0.456
2460,0.227,0.681
2461,0.205,0.615
2462,0.235,0.705
2463,0.779,2.337
2464,0.559,1.677
2465,0.507,1.521
2466,0.599,1.797
2467,0.549,1.647
2468,0.816,2.448
2469,0.126,0.378
2470,0.092,0.276
2471,0.12,0.36
2472,0.092,0.276
2473,0.087,0.261
2474,0.182,0.546
2475,0.158,0.474
2476,0.158,0.474
2477,0.359,1.077
2478,0.277,0.831
2479,0.238,0.714
2480,0.354,1.062
2481,0.36,1.08
2482,0.247,0.741
2483,0.235,0.705
2484,0.254,0.762
2485,0.226,0.678
2486,1.346,4.038
2487,3.293,4.916622013
2488,0.951,2.853
2489,0.334,1.002
2490,0.401,1.203
2491,0.443,1.329
2492,0.338,1.014
2493,0.166,0.498
2494,0.085,0.255
2495,0.102,0.306
2496,0.078,0.234
2497,0.171,0.513
2498,0.107,0.321
2499,0.654,1.962
2500,0.159,0.477
2501,0.307,0.921
2502,0.085,0.255
2503,0.162,0.486
2504,0.271,0.813
2505,0.381,1.143
2506,0.22,0.66
2507,0.334,1.002
2508,0.243,0.729
2509,0.237,0.711
2510,0.369,1.107
2511,0.277,0.831
2512,0.207,0.621
2513,0.359,1.077
2514,0.405,1.215
2515,0.504,1.512
2516,0.395,1.185
2517,0.172,0.516
2518,0.097,0.291
2519,0.079,0.237
2520,0.101,0.303
2521,0.073,0.219
2522,0.135,0.405
2523,0.171,0.513
2524,0.136,0.408
2525,2.2629999,5.031877888
2526,1.497,4.491
2527,0.894,2.682
2528,1.647,4.941
2529,2.7089999,4.952416654
2530,1.371,4.113
2531,0.908,2.724
2532,0.325,0.975
2533,0.465,1.395
2534,0.385,1.155
2535,0.692,2.076
2536,0.369,1.107
2537,0.523,1.569
2538,0.628,1.884
2539,0.603,1.809
2540,0.431,1.293
2541,0.103,0.309
2542,0.106,0.318
2543,0.087,0.261
2544,0.082,0.246
2545,0.143,0.429
2546,0.181,0.543
2547,0.177,0.531
2548,0.223,0.669
2549,0.128,0.384
2550,0.144,0.432
2551,0.144,0.432
2552,0.25,0.75
2553,0.197,0.591
2554,0.104,0.312
2555,0.097,0.291
2556,0.217,0.651
2557,0.121,0.363
2558,0.113,0.339
2559,0.292,0.876
2560,0.702,2.106
2561,0.588,1.764
2562,0.491,1.473
2563,0.486,1.458
2564,0.443,1.329
2565,0.296,0.888
2566,0.11,0.33
2567,0.105,0.315
2568,0.126,0.378
2569,0.107,0.321
2570,0.13,0.39
2571,0.154,0.462
2572,0.189,0.567
2573,0.174,0.522
2574,0.33,0.99
2575,0.319,0.957
2576,0.311,0.933
2577,0.435,1.305
2578,0.297,0.891
2579,0.233,0.699
2580,0.231,0.693
2581,0.311,0.933
2582,0.233,0.699
2583,1.469,4.407
2584,0.286,0.858
2585,0.326,0.978
2586,0.329,0.987
2587,0.726,2.178
2588,0.297,0.891
2589,0.267,0.801
2590,0.167,0.501
2591,0.085,0.255
2592,0.112,0.336
2593,0.086,0.258
2594,0.106,0.318
2595,0.087,0.261
2596,0.124,0.372
2597,1.423,4.269
2598,0.327,0.981
2599,0.309,0.927
2600,0.189,0.567
2601,0.299,0.897
2602,0.157,0.471
2603,0.19,0.57
2604,0.353,1.059
2605,0.238,0.714
2606,0.234,0.702
2607,1.068,3.204
2608,0.339,1.017
2609,0.3,0.9
2610,0.392,1.176
2611,0.344,1.032
2612,0.379,1.137
2613,0.164,0.492
2614,0.126,0.378
2615,0.101,0.303
2616,0.117,0.351
2617,0.101,0.303
2618,0.119,0.357
2619,0.196,0.588
2620,0.74,2.22
2621,0.35,1.05
2622,0.082,0.246
2623,0.206,0.618
2624,0.209,0.627
2625,0.232,0.696
2626,0.403,1.209
2627,0.209,0.627
2628,0.311,0.933
2629,0.228,0.684
2630,0.201,0.603
2631,1.402,4.206
2632,0.371,1.113
2633,0.41,1.23
2634,0.382,1.146
2635,0.484,1.452
2636,0.41,1.23
2637,0.312,0.936
2638,0.11,0.33
2639,0.107,0.321
2640,0.108,0.324
2641,0.085,0.255
2642,0.105,0.315
2643,0.629,1.887
2644,0.149,0.447
2645,0.478,1.434
2646,0.807,2.421
2647,0.507,1.521
2648,0.392,1.176
2649,0.373,1.119
2650,0.395,1.185
2651,0.4,1.2
2652,0.251,0.753
2653,0.282,0.846
2654,0.434,1.302
2655,0.866,2.598
2656,0.92,2.76
2657,0.756,2.268
2658,0.533,1.599
2659,0.495,1.485
2660,0.41,1.23
2661,0.122,0.366
2662,0.082,0.246
2663,0.106,0.318
2664,0.076,0.228
2665,0.101,0.303
2666,0.081,0.243
2667,0.131,0.393
2668,0.673,2.019
2669,0.627,1.881
2670,0.364,1.092
2671,0.144,0.432
2672,0.169,0.507
2673,0.236,0.708
2674,0.397,1.191
2675,0.205,0.615
2676,0.317,0.951
2677,0.238,0.714
2678,0.277,0.831
2679,0.203,0.609
2680,0.312,0.936
2681,0.457,1.371
2682,0.275,0.825
2683,0.536,1.608
2684,2.128,4.997138159
2685,2.9,5.035359617
2686,1.031,3.093
2687,0.098,0.294
2688,0.115,0.345
2689,0.119,0.357
2690,0.093,0.279
2691,0.132,0.396
2692,0.112,0.336
2693,0.09,0.27
2694,0.291,0.873
2695,3.3209999,5.201952099
2696,1.988,5.124080255
2697,2.8409999,4.85596477
2698,3.515,5.031855401
2699,1.128,3.384
2700,0.32,0.96
2701,0.781,2.343
2702,1.6180001,4.8540003
2703,1.031,3.093
2704,0.449,1.347
2705,0.263,0.789
2706,0.32,0.96
2707,0.46,1.38
2708,0.428,1.284
2709,0.38,1.14
2710,0.113,0.339
2711,0.077,0.231
2712,0.099,0.297
2713,0.104,0.312
2714,0.124,0.372
2715,0.174,0.522
2716,0.763,2.289
2717,0.208,0.624
2718,0.131,0.393
2719,0.148,0.444
2720,0.298,0.894
2721,0.13,0.39
2722,0.226,0.678
2723,0.246,0.738
2724,0.286,0.858
2725,0.593,1.779
2726,0.42,1.26
2727,0.611,1.833
2728,0.435,1.305
2729,0.415,1.245
2730,0.446,1.338
2731,0.494,1.482
2732,0.335,1.005
2733,0.123,0.369
2734,0.097,0.291
2735,0.078,0.234
2736,0.104,0.312
2737,0.073,0.219
2738,0.663,1.989
2739,0.145,0.435
2740,0.127,0.381
2741,0.383,1.149
2742,0.168,0.504
2743,0.338,1.014
2744,0.288,0.864
2745,0.289,0.867
2746,0.341,1.023
2747,0.284,0.852
2748,0.418,1.254
2749,0.501,1.503
2750,0.386,1.158
2751,0.251,0.753
2752,0.24,0.72
2753,0.252,0.756
2754,0.291,0.873
2755,0.53,1.59
2756,0.31,0.93
2757,0.13,0.39
2758,0.156,0.468
2759,0.096,0.288
2760,0.124,0.372
2761,0.098,0.294
2762,0.272,0.816
2763,0.112,0.336
2764,0.107,0.321
2765,0.137,0.411
2766,0.2,0.6
2767,0.319,0.957
2768,0.368,1.104
2769,0.317,0.951
2770,0.362,1.086
2771,0.24,0.72
2772,0.269,0.807
2773,0.256,0.768
2774,0.228,0.684
2775,1.4130001,4.2390003
2776,0.972,2.916
2777,0.458,1.374
2778,0.497,1.491
2779,0.427,1.281
2780,0.427,1.281
2781,0.241,0.723
2782,0.116,0.348
2783,0.08,0.24
2784,0.111,0.333
2785,0.085,0.255
2786,0.173,0.519
2787,0.085,0.255
2788,0.11,0.33
2789,0.215,0.645
2790,0.101,0.303
2791,0.36,1.08
2792,0.229,0.687
2793,0.322,0.966
2794,0.279,0.837
2795,0.335,1.005
2796,0.218,0.654
2797,0.256,0.768
2798,0.232,0.696
2799,0.34,1.02
2800,0.314,0.942
2801,0.233,0.699
2802,0.391,1.173
2803,0.319,0.957
2804,0.354,1.062
2805,0.36,1.08
2806,0.267,0.801
2807,0.211,0.633
2808,0.144,0.432
2809,0.134,0.402
2810,0.075,0.225
2811,0.103,0.309
2812,0.137,0.411
2813,0.291,0.873
2814,0.167,0.501
2815,0.12,0.36
2816,0.109,0.327
2817,0.11,0.33
2818,0.091,0.273
2819,0.09,0.27
2820,0.111,0.333
2821,0.244,0.732
2822,1.42,4.26
2823,0.285,0.855
2824,0.242,0.726
2825,0.152,0.456
2826,0.424,1.272
2827,0.493,1.479
2828,0.46,1.38
2829,0.08,0.24
2830,0.095,0.285
2831,0.098,0.294
2832,0.1,0.3
2833,0.175,0.525
2834,0.154,0.462
2835,0.218,0.654
2836,1.106,3.318
2837,0.261,0.783
2838,0.331,0.993
2839,0.25,0.75
2840,0.229,0.687
2841,0.336,1.008
2842,0.205,0.615
2843,0.243,0.729
2844,0.327,0.981
2845,0.257,0.771
2846,0.454,1.362
2847,0.34,1.02
2848,0.352,1.056
2849,0.408,1.224
2850,0.622,1.866
2851,0.377,1.131
2852,0.164,0.492
2853,0.112,0.336
2854,0.12,0.36
2855,0.096,0.288
2856,0.12,0.36
2857,0.099,0.297
2858,0.115,0.345
2859,0.326,0.978
2860,0.12,0.36
2861,0.092,0.276
2862,0.117,0.351
2863,0.284,0.852
2864,0.431,1.293
2865,0.282,0.846
2866,0.234,0.702
2867,0.311,0.933
2868,0.206,0.618
2869,0.224,0.672
2870,1.111,3.333
2871,0.727,2.181
2872,0.409,1.227
2873,0.286,0.858
2874,0.824,2.472
2875,1.309,3.927
2876,0.353,1.059
2877,0.092,0.276
2878,0.094,0.282
2879,0.097,0.291
2880,0.201,0.603
2881,0.146,0.438
2882,0.129,0.387
2883,0.144,0.432
2884,0.926,2.778
2885,0.112,0.336
2886,0.164,0.492
2887,0.226,0.678
2888,0.321,0.963
2889,0.379,1.137
2890,0.249,0.747
2891,0.144,0.432
2892,0.235,0.705
2893,0.504,1.512
2894,1.464,4.392
2895,0.353,1.059
2896,0.4,1.2
2897,0.531,1.593
2898,0.581,1.743
2899,0.541,1.623
2900,0.419,1.257
2901,0.115,0.345
2902,0.109,0.327
2903,0.134,0.402
2904,0.11,0.33
2905,0.113,0.339
2906,1.264,3.792
2907,0.262,0.786
2908,0.228,0.684
2909,0.29,0.87
2910,0.288,0.864
2911,0.236,0.708
2912,0.219,0.657
2913,0.258,0.774
2914,0.28,0.84
2915,0.363,1.089
2916,0.236,0.708
2917,0.281,0.843
2918,0.485,1.455
2919,1.905,4.95259363
2920,0.305,0.915
2921,0.132,0.396
2922,0.446,1.338
2923,0.49,1.47
2924,0.281,0.843
2925,0.142,0.426
2926,0.11,0.33
2927,0.106,0.318
2928,0.094,0.282
2929,0.098,0.294
2930,0.15,0.45
2931,0.116,0.348
2932,0.359,1.077
2933,0.245,0.735
2934,0.223,0.669
2935,0.122,0.366
2936,0.213,0.639
2937,0.29,0.87
2938,0.258,0.774
2939,0.137,0.411
2940,0.288,0.864
2941,0.36,1.08
2942,0.227,0.681
2943,1.016,3.048
2944,1.086,3.258
2945,0.545,1.635
2946,0.528,1.584
2947,0.346,1.038
2948,0.137,0.411
2949,0.109,0.327
2950,0.105,0.315
2951,0.104,0.312
2952,0.099,0.297
2953,0.188,0.564
2954,0.132,0.396
2955,0.354,1.062
2956,0.462,1.386
2957,0.368,1.104
2958,0.093,0.279
2959,0.263,0.789
2960,0.354,1.062
2961,0.251,0.753
2962,0.25,0.75
2963,0.184,0.552
2964,0.14,0.42
2965,0.144,0.432
2966,0.839,2.517
2967,0.234,0.702
2968,0.225,0.675
2969,0.276,0.828
2970,0.451,1.353
2971,0.496,1.488
2972,0.138,0.414
2973,0.1,0.3
2974,0.123,0.369
2975,0.106,0.318
2976,0.115,0.345
2977,0.118,0.354
2978,0.094,0.282
2979,0.177,0.531
2980,0.326,0.978
2981,0.491,1.473
2982,0.142,0.426
2983,0.127,0.381
2984,0.203,0.609
2985,0.242,0.726
2986,0.329,0.987
2987,0.223,0.669
2988,0.399,1.197
2989,0.42,1.26
2990,1.593,4.779
2991,0.254,0.762
2992,0.663,1.989
2993,0.981,2.943
2994,0.587,1.761
2995,0.576,1.728
2996,0.553,1.659
2997,0.138,0.414
2998,0.143,0.429
2999,0.1,0.3
3000,0.115,0.345
3001,0.098,0.294
3002,0.166,0.498
3003,0.096,0.288
3004,0.164,0.492
3005,0.369,1.107
3006,0.304,0.912
3007,0.219,0.657
3008,0.237,0.711
3009,0.215,0.645
3010,0.407,1.221
3011,0.238,0.714
3012,0.222,0.666
3013,0.335,1.005
3014,0.236,0.708
3015,0.239,0.717
3016,0.252,0.756
3017,0.261,0.783
3018,0.394,1.182
3019,0.554,1.662
3020,0.726,2.178
3021,0.353,1.059
3022,0.144,0.432
3023,0.135,0.405
3024,0.118,0.354
3025,0.247,0.741
3026,0.258,0.774
3027,0.228,0.684
3028,0.135,0.405
3029,0.173,0.519
3030,1.856,4.851830001
3031,2.626,4.923906476
3032,2.394,5.102059436
3033,5.2100001,5.145637782
3034,2.363,5.005190067
3035,1.691,5.073
3036,0.927,2.781
3037,2.579,5.009178081
3038,2.014,4.832391579
3039,0.623,1.869
3040,1.566,4.698
3041,2.0030001,4.972452065
3042,0.888,2.664
3043,0.532,1.596
3044,0.701,2.103
3045,0.135,0.405
3046,0.117,0.351
3047,0.099,0.297
3048,0.107,0.321
3049,0.157,0.471
3050,0.159,0.477
3051,0.123,0.369
3052,0.243,0.729
3053,0.784,2.352
3054,0.852,2.556
3055,1.59,4.77
3056,2.805,4.984773218
3057,0.608,1.824
3058,0.565,1.695
3059,1.23,3.69
3060,0.259,0.777
3061,0.873,2.619
3062,1.068,3.204
3063,2.5600001,5.006931291
3064,1.356,4.068
3065,0.735,2.205
3066,0.548,1.644
3067,0.77,2.31
3068,0.444,1.332
3069,0.191,0.573
3070,0.122,0.366
3071,0.121,0.363
3072,0.119,0.357
3073,0.132,0.396
3074,0.108,0.324
3075,1.118,3.354
3076,2.375,4.964922599
3077,0.608,1.824
3078,0.307,0.921
3079,0.235,0.705
3080,0.265,0.795
3081,0.396,1.188
3082,0.243,0.729
3083,0.327,0.981
3084,0.242,0.726
3085,0.408,1.224
3086,0.304,0.912
3087,0.248,0.744
3088,0.235,0.705
3089,0.329,0.987
3090,0.871,2.613
3091,0.555,1.665
3092,0.25,0.75
3093,0.116,0.348
3094,0.104,0.312
3095,0.114,0.342
3096,0.123,0.369
3097,0.236,0.708
3098,0.165,0.495
3099,0.165,0.495
3100,0.426,1.278
3101,0.298,0.894
3102,0.327,0.981
3103,0.292,0.876
3104,0.291,0.873
3105,0.266,0.798
3106,0.258,0.774
3107,0.262,0.786
3108,0.265,0.795
3109,0.338,1.014
3110,0.254,0.762
3111,2.201,4.970904223
3112,0.428,1.284
3113,0.456,1.368
3114,0.775,2.325
3115,1.522,4.566
3116,0.121,0.363
3117,0.12,0.36
3118,0.123,0.369
3119,0.12,0.36
3120,0.118,0.354
3121,0.131,0.393
3122,0.379,1.137
3123,0.166,0.498
3124,0.294,0.882
3125,0.396,1.188
3126,0.705,2.115
3127,0.14,0.42
3128,0.258,0.774
3129,0.247,0.741
3130,0.344,1.032
3131,0.197,0.591
3132,0.146,0.438
3133,0.197,0.591
3134,0.27,0.81
3135,1.9429999,4.937946086
3136,1.146,3.438
3137,1.622,4.866
3138,1.762,5.030010644
3139,0.702,2.106
3140,0.477,1.431
3141,0.307,0.921
3142,0.126,0.378
3143,0.15,0.45
3144,0.119,0.357
3145,0.741,2.223
3146,0.114,0.342
3147,0.12,0.36
3148,1.157,3.471
3149,0.211,0.633
3150,0.264,0.792
3151,0.131,0.393
3152,0.152,0.456
3153,0.32,0.96
3154,0.256,0.768
3155,0.378,1.134
3156,0.252,0.756
3157,0.577,1.731
3158,0.541,1.623
3159,0.436,1.308
3160,0.391,1.173
3161,0.271,0.813
3162,0.509,1.527
3163,0.373,1.119
3164,0.117,0.351
3165,0.118,0.354
3166,0.114,0.342
3167,0.114,0.342
3168,0.119,0.357
3169,0.196,0.588
3170,0.177,0.531
3171,0.147,0.441
3172,0.307,0.921
3173,0.751,2.253
3174,0.303,0.909
3175,0.122,0.366
3176,0.401,1.203
3177,0.245,0.735
3178,0.248,0.744
3179,0.245,0.735
3180,0.246,0.738
3181,0.243,0.729
3182,0.245,0.735
3183,0.865,2.595
3184,0.237,0.711
3185,0.336,1.008
3186,0.313,0.939
3187,0.606,1.818
3188,0.436,1.308
3189,0.236,0.708
3190,0.114,0.342
3191,0.106,0.318
3192,0.133,0.399
3193,0.113,0.339
3194,0.249,0.747
3195,0.746,2.238
3196,0.404,1.212
3197,0.289,0.867
3198,1.114,3.342
3199,0.526,1.578
3200,1.182,3.546
3201,3.191,5.021321922
3202,1.639,4.917
3203,0.397,1.191
3204,0.267,0.801
3205,0.274,0.822
3206,0.407,1.221
3207,0.395,1.185
3208,0.72,2.16
3209,0.525,1.575
3210,0.712,2.136
3211,0.538,1.614
3212,0.145,0.435
3213,0.139,0.417
3214,0.11,0.33
3215,0.106,0.318
3216,0.104,0.312
3217,0.104,0.312
3218,0.124,0.372
3219,0.104,0.312
3220,0.254,0.762
3221,0.149,0.447
3222,0.161,0.483
3223,0.227,0.681
3224,0.428,1.284
3225,0.229,0.687
3226,0.126,0.378
3227,0.303,0.909
3228,0.165,0.495
3229,0.152,0.456
3230,0.305,0.915
3231,0.251,0.753
3232,0.324,0.972
3233,0.458,1.374
3234,0.405,1.215
3235,0.216,0.648
3236,0.103,0.309
3237,0.103,0.309
3238,0.101,0.303
3239,0.1,0.3
3240,0.109,0.327
3241,0.163,0.489
3242,0.166,0.498
3243,0.16,0.48
3244,0.334,1.002
3245,0.207,0.621
3246,0.355,1.065
3247,0.248,0.744
3248,0.381,1.143
3249,0.35,1.05
3250,0.321,0.963
3251,0.224,0.672
3252,0.242,0.726
3253,0.205,0.615
3254,2.638,4.907186347
3255,0.346,1.038
3256,0.282,0.846
3257,0.247,0.741
3258,0.507,1.521
3259,0.46,1.38
3260,0.445,1.335
3261,0.186,0.558
3262,0.103,0.309
3263,0.081,0.243
3264,0.097,0.291
3265,0.079,0.237
3266,0.128,0.384
3267,0.172,0.516
3268,0.423,1.269
3269,0.131,0.393
3270,0.1,0.3
3271,0.22,0.66
3272,0.127,0.381
3273,0.231,0.693
3274,0.232,0.696
3275,0.236,0.708
3276,0.331,0.993
3277,0.231,0.693
3278,0.226,0.678
3279,0.23,0.69
3280,1.282,3.846
3281,0.429,1.287
3282,0.445,1.335
3283,0.602,1.806
3284,0.149,0.447
3285,0.102,0.306
3286,0.094,0.282
3287,0.084,0.252
3288,0.1,0.3
3289,0.162,0.486
3290,0.095,0.285
3291,0.239,0.717
3292,0.408,1.224
3293,0.174,0.522
3294,0.196,0.588
3295,0.264,0.792
3296,0.234,0.702
3297,0.385,1.155
3298,0.232,0.696
3299,0.229,0.687
3300,0.242,0.726
3301,0.226,0.678
3302,0.905,2.715
3303,1.525,4.575
3304,0.612,1.836
3305,0.341,1.023
3306,0.448,1.344
3307,0.47,1.41
3308,0.551,1.653
3309,0.098,0.294
3310,0.104,0.312
3311,0.11,0.33
3312,0.102,0.306
3313,0.1,0.3
3314,0.174,0.522
3315,0.174,0.522
3316,0.251,0.753
3317,0.161,0.483
3318,0.276,0.828
3319,0.202,0.606
3320,0.149,0.447
3321,0.404,1.212
3322,0.285,0.855
3323,0.571,1.713
3324,0.187,0.561
3325,0.286,0.858
3326,0.255,0.765
3327,0.455,1.365
3328,0.393,1.179
3329,0.428,1.284
3330,0.354,1.062
3331,0.435,1.305
3332,0.342,1.026
3333,0.12,0.36
3334,0.128,0.384
3335,0.115,0.345
3336,0.128,0.384
3337,0.114,0.342
3338,0.107,0.321
3339,0.108,0.324
3340,0.151,0.453
3341,0.591,1.773
3342,0.635,1.905
3343,0.235,0.705
3344,0.339,1.017
3345,0.24,0.72
3346,0.344,1.032
3347,0.255,0.765
3348,0.229,0.687
3349,0.242,0.726
3350,0.23,0.69
3351,0.231,0.693
3352,0.351,1.053
3353,0.416,1.248
3354,0.32,0.96
3355,0.29,0.87
3356,0.262,0.786
3357,0.307,0.921
3358,0.299,0.897
3359,0.129,0.387
3360,0.125,0.375
3361,0.126,0.378
3362,0.185,0.555
3363,0.127,0.381
3364,0.116,0.348
3365,0.106,0.318
3366,0.352,1.056
3367,0.321,0.963
3368,1.458,4.374
3369,3.096,5.132954181
3370,2.2129999,5.004971642
3371,0.721,2.163
3372,0.365,1.095
3373,0.259,0.777
3374,0.267,0.801
3375,0.305,0.915
3376,0.263,0.789
3377,0.243,0.729
3378,0.258,0.774
3379,0.527,1.581
3380,0.379,1.137
3381,0.237,0.711
3382,0.104,0.312
3383,0.137,0.411
3384,0.099,0.297
3385,0.377,1.131
3386,0.962,2.886
3387,0.323,0.969
3388,0.455,1.365
3389,0.69,2.07
3390,0.176,0.528
3391,0.305,0.915
3392,0.274,0.822
3393,0.264,0.792
3394,0.628,1.884
3395,0.302,0.906
3396,0.235,0.705
3397,0.155,0.465
3398,0.376,1.128
3399,1.687,5.061
3400,0.296,0.888
3401,0.304,0.912
3402,0.358,1.074
3403,0.437,1.311
3404,0.31,0.93
3405,0.128,0.384
3406,0.098,0.294
3407,0.1,0.3
3408,0.098,0.294
3409,0.093,0.279
3410,0.103,0.309
3411,0.746,2.238
3412,0.431,1.293
3413,0.971,2.913
3414,0.232,0.696
3415,0.11,0.33
3416,0.394,1.182
3417,0.23,0.69
3418,0.24,0.72
3419,0.231,0.693
3420,0.234,0.702
3421,0.236,0.708
3422,0.4,1.2
3423,0.333,0.999
3424,0.377,1.131
3425,0.226,0.678
3426,0.466,1.398
3427,0.534,1.602
3428,0.415,1.245
3429,0.277,0.831
3430,0.106,0.318
3431,0.103,0.309
3432,0.102,0.306
3433,0.103,0.309
3434,0.131,0.393
3435,0.13,0.39
3436,0.11,0.33
3437,0.907,2.721
3438,0.169,0.507
3439,0.206,0.618
3440,0.146,0.438
3441,0.131,0.393
3442,0.129,0.387
3443,0.248,0.744
3444,0.255,0.765
3445,0.27,0.81
3446,0.254,0.762
3447,0.405,1.215
3448,1.088,3.264
3449,0.334,1.002
3450,0.381,1.143
3451,0.45,1.35
3452,0.554,1.662
3453,0.298,0.894
3454,0.257,0.771
3455,0.094,0.282
3456,0.121,0.363
3457,0.113,0.339
3458,0.117,0.351
3459,0.113,0.339
3460,0.119,0.357
3461,0.325,0.975
3462,0.118,0.354
3463,0.303,0.909
3464,0.255,0.765
3465,0.249,0.747
3466,0.303,0.909
3467,0.226,0.678
3468,0.273,0.819
3469,0.24,0.72
3470,0.297,0.891
3471,0.268,0.804
3472,0.249,0.747
3473,0.505,1.515
3474,0.377,1.131
3475,0.571,1.713
3476,0.554,1.662
3477,0.531,1.593
3478,0.266,0.798
3479,0.121,0.363
3480,0.109,0.327
3481,0.145,0.435
3482,0.138,0.414
3483,0.251,0.753
3484,0.752,2.256
3485,0.339,1.017
3486,0.407,1.221
3487,0.224,0.672
3488,0.411,1.233
3489,0.239,0.717
3490,0.224,0.672
3491,0.215,0.645
3492,0.134,0.402
3493,0.276,0.828
3494,0.27,0.81
3495,0.538,1.614
3496,0.576,1.728
3497,1.982,5.016378404
3498,0.459,1.377
3499,0.387,1.161
3500,0.395,1.185
3501,0.18,0.54
3502,0.171,0.513
3503,0.121,0.363
3504,0.183,0.549
3505,0.192,0.576
3506,0.183,0.549
3507,0.138,0.414
3508,0.128,0.384
3509,0.639,1.917
3510,0.175,0.525
3511,0.138,0.414
3512,0.133,0.399
3513,0.465,1.395
3514,0.259,0.777
3515,0.402,1.206
3516,0.258,0.774
3517,0.265,0.795
3518,0.283,0.849
3519,0.259,0.777
3520,0.252,0.756
3521,0.246,0.738
3522,0.252,0.756
3523,0.386,1.158
3524,0.408,1.224
3525,0.515,1.545
3526,0.308,0.924
3527,0.138,0.414
3528,0.133,0.399
3529,0.167,0.501
3530,0.122,0.366
3531,0.131,0.393
3532,0.193,0.579
3533,0.251,0.753
3534,0.253,0.759
3535,0.765,2.295
3536,0.766,2.298
3537,0.321,0.963
3538,0.291,0.873
3539,0.266,0.798
3540,0.267,0.801
3541,0.256,0.768
3542,0.246,0.738
3543,0.269,0.807
3544,0.311,0.933
3545,0.525,1.575
3546,0.458,1.374
3547,0.45,1.35
3548,0.498,1.494
3549,0.419,1.257
3550,0.301,0.903
3551,0.115,0.345
3552,0.1,0.3
3553,0.11,0.33
3554,0.12,0.36
3555,0.159,0.477
3556,0.183,0.549
3557,0.305,0.915
3558,0.14,0.42
3559,0.175,0.525
3560,0.31,0.93
3561,0.385,1.155
3562,0.326,0.978
3563,0.36,1.08
3564,0.246,0.738
3565,0.309,0.927
3566,1.431,4.293
3567,0.899,2.697
3568,0.297,0.891
3569,0.282,0.846
3570,0.284,0.852
3571,0.292,0.876
3572,0.413,1.239
3573,0.241,0.723
3574,0.127,0.381
3575,0.123,0.369
3576,0.129,0.387
3577,0.118,0.354
3578,0.165,0.495
3579,0.225,0.675
3580,0.194,0.582
3581,0.511,1.533
3582,0.73,2.19
3583,0.361,1.083
3584,0.287,0.861
3585,0.299,0.897
3586,0.267,0.801
3587,0.3,0.9
3588,0.291,0.873
3589,0.215,0.645
3590,0.291,0.873
3591,0.262,0.786
3592,0.442,1.326
3593,0.331,0.993
3594,0.327,0.981
3595,0.416,1.248
3596,0.412,1.236
3597,0.304,0.912
3598,0.121,0.363
3599,0.124,0.372
3600,0.17,0.51
3601,0.134,0.402
3602,0.112,0.336
3603,0.116,0.348
3604,0.129,0.387
3605,0.864,2.592
3606,0.132,0.396
3607,0.223,0.669
3608,0.261,0.783
3609,0.246,0.738
3610,0.253,0.759
3611,0.27,0.81
3612,0.193,0.579
3613,0.342,1.026
3614,0.724,2.172
3615,2.074,4.929208814
3616,0.401,1.203
3617,0.29,0.87
3618,0.282,0.846
3619,0.465,1.395
3620,0.187,0.561
3621,0.122,0.366
3622,0.112,0.336
3623,0.126,0.378
3624,0.124,0.372
3625,0.102,0.306
3626,0.111,0.333
3627,0.127,0.381
3628,0.137,0.411
3629,0.273,0.819
3630,0.117,0.351
3631,0.326,0.978
3632,0.253,0.759
3633,0.306,0.918
3634,0.297,0.891
3635,0.372,1.116
3636,0.319,0.957
3637,0.427,1.281
3638,0.584,1.752
3639,0.473,1.419
3640,1.038,3.114
3641,0.409,1.227
3642,0.446,1.338
3643,0.433,1.299
3644,0.375,1.125
3645,0.101,0.303
3646,0.113,0.339
3647,0.117,0.351
3648,0.105,0.315
3649,0.109,0.327
3650,0.189,0.567
3651,0.1,0.3
3652,0.224,0.672
3653,0.312,0.936
3654,0.188,0.564
3655,0.292,0.876
3656,0.389,1.167
3657,0.214,0.642
3658,0.159,0.477
3659,0.178,0.534
3660,0.191,0.573
3661,0.158,0.474
3662,1.7279999,5.177408258
3663,0.438,1.314
3664,0.304,0.912
3665,0.241,0.723
3666,0.254,0.762
3667,0.337,1.011
3668,0.345,1.035
3669,0.178,0.534
3670,0.121,0.363
3671,0.137,0.411
3672,0.12,0.36
3673,0.118,0.354
3674,0.141,0.423
3675,0.432,1.296
3676,0.158,0.474
3677,0.118,0.354
3678,0.133,0.399
3679,0.151,0.453
3680,0.115,0.345
3681,0.325,0.975
3682,0.256,0.768
3683,0.47,1.41
3684,0.247,0.741
3685,0.161,0.483
3686,0.138,0.414
3687,0.339,1.017
3688,0.224,0.672
3689,0.307,0.921
3690,0.431,1.293
3691,0.463,1.389
3692,0.694,2.082
3693,0.426,1.278
3694,0.106,0.318
3695,0.115,0.345
3696,0.097,0.291
3697,0.164,0.492
3698,0.147,0.441
3699,0.152,0.456
3700,0.149,0.447
3701,0.143,0.429
3702,0.873,2.619
3703,0.455,1.365
3704,1.091,3.273
3705,1.993,4.98582921
3706,2.738,5.028740307
3707,0.39,1.17
3708,0.468,1.404
3709,0.283,0.849
3710,0.448,1.344
3711,0.347,1.041
3712,0.384,1.152
3713,0.735,2.205
3714,0.491,1.473
3715,0.515,1.545
3716,0.607,1.821
3717,0.424,1.272
3718,0.329,0.987
3719,0.12,0.36
3720,0.109,0.327
3721,0.124,0.372
3722,0.097,0.291
3723,0.117,0.351
3724,0.71,2.13
3725,0.146,0.438
3726,0.102,0.306
3727,0.574,1.722
3728,0.425,1.275
3729,0.362,1.086
3730,0.565,1.695
3731,0.243,0.729
3732,0.277,0.831
3733,0.343,1.029
3734,1.181,3.543
3735,0.514,1.542
3736,0.318,0.954
3737,0.323,0.969
3738,0.322,0.966
3739,0.405,1.215
3740,0.417,1.251
3741,0.366,1.098
3742,0.223,0.669
3743,0.157,0.471
3744,0.182,0.546
3745,0.101,0.303
3746,0.094,0.282
3747,0.089,0.267
3748,0.28,0.84
3749,0.419,1.257
3750,0.673,2.019
3751,0.562,1.686
3752,0.281,0.843
3753,0.453,1.359
3754,1.5969999,4.7909997
3755,1.163,3.489
3756,0.205,0.615
3757,0.1,0.3
3758,0.107,0.321
3759,0.098,0.294
3760,0.095,0.285
3761,0.099,0.297
3762,0.329,0.987
3763,0.491,1.473
3764,0.343,1.029
3765,0.153,0.459
3766,0.101,0.303
3767,0.098,0.294
3768,0.097,0.291
3769,0.101,0.303
3770,0.102,0.306
3771,0.126,0.378
3772,0.123,0.369
3773,0.274,0.822
3774,0.167,0.501
3775,0.276,0.828
3776,0.235,0.705
3777,0.197,0.591
3778,0.123,0.369
3779,0.13,0.39
3780,0.153,0.459
3781,0.282,0.846
3782,0.323,0.969
3783,0.484,1.452
3784,2.108,4.873727106
3785,0.394,1.182
3786,0.491,1.473
3787,0.486,1.458
3788,0.107,0.321
3789,0.115,0.345
3790,0.098,0.294
3791,0.098,0.294
3792,0.112,0.336
3793,0.164,0.492
3794,0.144,0.432
3795,0.146,0.438
3796,0.157,0.471
3797,0.315,0.945
3798,0.109,0.327
3799,0.164,0.492
3800,0.312,0.936
3801,0.222,0.666
3802,0.363,1.089
3803,0.254,0.762
3804,0.319,0.957
3805,0.257,0.771
3806,0.383,1.149
3807,0.987,2.961
3808,0.395,1.185
3809,0.368,1.104
3810,0.324,0.972
3811,0.318,0.954
3812,0.34,1.02
3813,0.142,0.426
3814,0.097,0.291
3815,0.094,0.282
3816,0.218,0.654
3817,0.095,0.285
3818,0.096,0.288
3819,0.103,0.309
3820,0.242,0.726
3821,0.128,0.384
3822,0.113,0.339
3823,0.264,0.792
3824,0.239,0.717
3825,0.15,0.45
3826,0.14,0.42
3827,0.223,0.669
3828,0.453,1.359
3829,0.231,0.693
3830,0.295,0.885
3831,1.353,4.059
3832,0.471,1.413
3833,0.24,0.72
3834,0.311,0.933
3835,0.452,1.356
3836,0.439,1.317
3837,0.262,0.786
3838,0.1,0.3
3839,0.115,0.345
3840,0.102,0.306
3841,0.121,0.363
3842,0.091,0.273
3843,0.103,0.309
3844,0.15,0.45
3845,0.366,1.098
3846,0.276,0.828
3847,0.226,0.678
3848,0.386,1.158
3849,0.291,0.873
3850,0.225,0.675
3851,0.125,0.375
3852,0.138,0.414
3853,0.122,0.366
3854,0.169,0.507
3855,0.189,0.567
3856,0.243,0.729
3857,0.244,0.732
3858,0.142,0.426
3859,1.995,5.090567541
3860,2.284,4.953019378
3861,0.754,2.262
3862,0.18,0.54
3863,0.181,0.543
3864,0.105,0.315
3865,0.1,0.3
3866,0.114,0.342
3867,0.134,0.402
3868,0.103,0.309
3869,0.112,0.336
3870,0.612,1.836
3871,0.355,1.065
3872,0.257,0.771
3873,3.162,5.063739025
3874,2.607,4.965964499
3875,0.584,1.752
3876,0.344,1.032
3877,0.266,0.798
3878,0.296,0.888
3879,0.251,0.753
3880,0.355,1.065
3881,0.251,0.753
3882,0.396,1.188
3883,0.417,1.251
3884,0.396,1.188
3885,0.34,1.02
3886,0.145,0.435
3887,0.148,0.444
3888,0.178,0.534
3889,0.222,0.666
3890,0.531,1.593
3891,0.365,1.095
3892,0.307,0.921
3893,1.244,3.732
3894,0.584,1.752
3895,0.274,0.822
3896,0.274,0.822
3897,0.268,0.804
3898,0.397,1.191
3899,0.265,0.795
3900,0.357,1.071
3901,0.252,0.756
3902,1.275,3.825
3903,1.163,3.489
3904,0.983,2.949
3905,0.837,2.511
3906,0.551,1.653
3907,0.399,1.197
3908,0.278,0.834
3909,0.097,0.291
3910,0.096,0.288
3911,0.098,0.294
3912,0.098,0.294
3913,0.094,0.282
3914,0.136,0.408
3915,0.096,0.288
3916,0.264,0.792
3917,0.329,0.987
3918,0.423,1.269
3919,0.242,0.726
3920,0.219,0.657
3921,0.368,1.104
3922,0.227,0.681
3923,0.513,1.539
3924,0.305,0.915
3925,0.267,0.801
3926,0.254,0.762
3927,0.252,0.756
3928,0.372,1.116
3929,0.191,0.573
3930,0.218,0.654
3931,0.397,1.191
3932,0.492,1.476
3933,0.219,0.657
3934,0.125,0.375
3935,0.114,0.342
3936,0.115,0.345
3937,0.154,0.462
3938,0.119,0.357
3939,0.604,1.812
3940,0.291,0.873
3941,0.155,0.465
3942,0.117,0.351
3943,0.35,1.05
3944,0.255,0.765
3945,0.288,0.864
3946,0.141,0.423
3947,0.257,0.771
3948,0.233,0.699
3949,0.289,0.867
3950,0.243,0.729
3951,1.48,4.44
3952,0.777,2.331
3953,0.237,0.711
3954,0.232,0.696
3955,0.38,1.14
3956,0.274,0.822
3957,0.115,0.345
3958,0.116,0.348
3959,0.118,0.354
3960,0.114,0.342
3961,0.18,0.54
3962,0.168,0.504
3963,0.164,0.492
3964,0.234,0.702
3965,0.122,0.366
3966,0.186,0.558
3967,0.149,0.447
3968,0.146,0.438
3969,0.125,0.375
3970,0.141,0.423
3971,0.129,0.387
3972,0.365,1.095
3973,0.262,0.786
3974,0.336,1.008
3975,0.327,0.981
3976,0.546,1.638
3977,0.304,0.912
3978,0.587,1.761
3979,0.42,1.26
3980,0.409,1.227
3981,0.199,0.597
3982,0.109,0.327
3983,0.103,0.309
3984,0.131,0.393
3985,0.11,0.33
3986,0.102,0.306
3987,0.099,0.297
3988,0.145,0.435
3989,0.133,0.399
3990,0.109,0.327
3991,0.1,0.3
3992,0.111,0.333
3993,0.161,0.483
3994,0.238,0.714
3995,0.338,1.014
3996,0.235,0.705
3997,0.372,1.116
3998,0.23,0.69
3999,1.916,5.172243371
4000,0.295,0.885
4001,0.294,0.882
4002,0.254,0.762
4003,0.285,0.855
4004,0.332,0.996
4005,0.183,0.549
4006,0.116,0.348
4007,0.13,0.39
4008,0.157,0.471
4009,0.841,2.523
4010,0.351,1.053
4011,0.367,1.101
4012,0.874,2.622
4013,0.435,1.305
4014,0.311,0.933
4015,1.214,3.642
4016,0.232,0.696
4017,0.359,1.077
4018,0.237,0.711
4019,0.238,0.714
4020,0.229,0.687
4021,0.283,0.849
4022,0.243,0.729
4023,0.567,1.701
4024,0.713,2.139
4025,0.4,1.2
4026,0.526,1.578
4027,0.353,1.059
4028,0.23,0.69
4029,0.154,0.462
4030,0.141,0.423
4031,0.139,0.417
4032,0.146,0.438
4033,0.125,0.375
4034,0.139,0.417
4035,0.126,0.378
4036,0.13,0.39
4037,0.555,1.665
4038,0.15,0.45
4039,0.571,1.713
4040,1.909,4.950871261
4041,4.344,5.011300633
4042,1.422,4.266
4043,0.522,1.566
4044,0.33,0.99
4045,0.456,1.368
4046,1.189,3.567
4047,0.362,1.086
4048,0.331,0.993
4049,0.271,0.813
4050,0.356,1.068
4051,0.342,1.026
4052,0.259,0.777
4053,0.134,0.402
4054,0.12,0.36
4055,0.115,0.345
4056,0.098,0.294
4057,0.167,0.501
4058,0.157,0.471
4059,0.154,0.462
4060,0.18,0.54
4061,0.291,0.873
4062,0.236,0.708
4063,0.247,0.741
4064,0.266,0.798
4065,0.817,2.451
4066,0.138,0.414
4067,0.288,0.864
4068,0.233,0.699
4069,0.236,0.708
4070,0.123,0.369
4071,0.14,0.42
4072,0.415,1.245
4073,0.395,1.185
4074,0.27,0.81
4075,0.321,0.963
4076,0.379,1.137
4077,0.284,0.852
4078,0.155,0.465
4079,0.104,0.312
4080,0.092,0.276
4081,0.115,0.345
4082,0.091,0.273
4083,0.102,0.306
4084,0.09,0.27
4085,0.264,0.792
4086,0.14,0.42
4087,0.267,0.801
4088,0.229,0.687
4089,0.231,0.693
4090,0.316,0.948
4091,0.247,0.741
4092,0.299,0.897
4093,0.26,0.78
4094,0.269,0.807
4095,0.258,0.774
4096,0.256,0.768
4097,0.244,0.732
4098,0.141,0.423
4099,0.17,0.51
4100,0.276,0.828
4101,0.21,0.63
4102,0.139,0.417
4103,0.126,0.378
4104,0.128,0.384
4105,0.133,0.399
4106,0.136,0.408
4107,0.131,0.393
4108,0.13,0.39
4109,0.171,0.513
4110,0.221,0.663
4111,0.149,0.447
4112,0.255,0.765
4113,0.769,2.307
4114,0.341,1.023
4115,0.262,0.786
4116,0.256,0.768
4117,0.264,0.792
4118,0.367,1.101
4119,0.651,1.953
4120,0.365,1.095
4121,0.337,1.011
4122,0.315,0.945
4123,0.281,0.843
4124,0.281,0.843
4125,0.176,0.528
4126,0.102,0.306
4127,0.107,0.321
4128,0.106,0.318
4129,0.103,0.309
4130,0.106,0.318
4131,0.103,0.309
4132,0.1,0.3
4133,0.281,0.843
4134,0.181,0.543
4135,0.158,0.474
4136,0.126,0.378
4137,0.116,0.348
4138,0.123,0.369
4139,0.161,0.483
4140,0.257,0.771
4141,0.243,0.729
4142,0.612,1.836
4143,0.654,1.962
4144,0.291,0.873
4145,0.283,0.849
4146,0.326,0.978
4147,0.424,1.272
4148,0.605,1.815
4149,0.533,1.599
4150,0.889,2.667
4151,0.337,1.011
4152,0.206,0.618
4153,0.197,0.591
4154,0.113,0.339
4155,0.097,0.291
4156,0.109,0.327
4157,0.605,1.815
4158,0.331,0.993
4159,0.095,0.285
4160,0.177,0.531
4161,0.127,0.381
4162,0.315,0.945
4163,0.165,0.495
4164,0.266,0.798
4165,0.184,0.552
4166,0.306,0.918
4167,0.417,1.251
4168,0.412,1.236
4169,0.239,0.717
4170,0.296,0.888
4171,0.379,1.137
4172,0.356,1.068
4173,0.356,1.068
4174,0.127,0.381
4175,0.094,0.282
4176,0.103,0.309
4177,0.14,0.42
4178,0.124,0.372
4179,0.134,0.402
4180,0.141,0.423
4181,0.468,1.404
4182,0.143,0.429
4183,0.249,0.747
4184,0.237,0.711
4185,0.311,0.933
4186,0.223,0.669
4187,0.236,0.708
4188,0.235,0.705
4189,0.236,0.708
4190,0.179,0.537
4191,0.204,0.612
4192,0.215,0.645
4193,0.234,0.702
4194,0.99,2.97
4195,1.083,3.249
4196,0.57,1.71
4197,0.481,1.443
4198,0.15,0.45
4199,0.114,0.342
4200,0.109,0.327
4201,0.105,0.315
4202,0.104,0.312
4203,0.135,0.405
4204,0.164,0.492
4205,0.164,0.492
4206,0.148,0.444
4207,1.17,3.51
4208,1.433,4.299
4209,2.824,4.972993211
4210,3.169,5.002709436
4211,0.831,2.493
4212,0.375,1.125
4213,0.317,0.951
4214,0.287,0.861
4215,0.241,0.723
4216,0.44,1.32
4217,0.422,1.266
4218,0.364,1.092
4219,0.292,0.876
4220,0.371,1.113
4221,0.162,0.486
4222,0.127,0.381
4223,0.128,0.384
4224,0.124,0.372
4225,0.2,0.6
4226,0.349,1.047
4227,0.823,2.469
4228,0.156,0.468
4229,0.621,1.863
4230,0.328,0.984
4231,0.282,0.846
4232,0.245,0.735
4233,0.272,0.816
4234,0.262,0.786
4235,0.322,0.966
4236,0.275,0.825
4237,0.408,1.224
4238,0.744,2.232
4239,0.712,2.136
4240,0.317,0.951
4241,0.327,0.981
4242,0.94,2.82
4243,0.428,1.284
4244,0.412,1.236
4245,0.128,0.384
4246,0.113,0.339
4247,0.115,0.345
4248,0.119,0.357
4249,0.116,0.348
4250,0.115,0.345
4251,0.112,0.336
4252,0.167,0.501
4253,0.422,1.266
4254,0.287,0.861
4255,0.169,0.507
4256,0.235,0.705
4257,0.673,2.019
4258,0.486,1.458
4259,0.365,1.095
4260,0.258,0.774
4261,0.253,0.759
4262,0.592,1.776
4263,0.992,2.976
4264,0.345,1.035
4265,0.254,0.762
4266,0.473,1.419
4267,0.54,1.62
4268,0.533,1.599
4269,0.347,1.041
4270,0.116,0.348
4271,0.156,0.468
4272,0.108,0.324
4273,0.158,0.474
4274,0.097,0.291
4275,0.145,0.435
4276,0.135,0.405
4277,0.272,0.816
4278,0.123,0.369
4279,0.146,0.438
4280,0.227,0.681
4281,0.365,1.095
4282,0.275,0.825
4283,0.311,0.933
4284,0.341,1.023
4285,0.254,0.762
4286,0.255,0.765
4287,0.593,1.779
4288,0.308,0.924
4289,0.311,0.933
4290,0.293,0.879
4291,0.346,1.038
4292,0.371,1.113
4293,0.345,1.035
4294,0.287,0.861
4295,0.174,0.522
4296,0.13,0.39
4297,0.115,0.345
4298,0.132,0.396
4299,0.106,0.318
4300,0.131,0.393
4301,0.301,0.903
4302,0.153,0.459
4303,0.173,0.519
4304,0.148,0.444
4305,0.147,0.441
4306,0.185,0.555
4307,0.215,0.645
4308,0.276,0.828
4309,0.28,0.84
4310,0.279,0.837
4311,1.138,3.414
4312,0.418,1.254
4313,0.443,1.329
4314,0.579,1.737
4315,0.682,2.046
4316,0.922,2.766
4317,0.412,1.236
4318,0.177,0.531
4319,0.121,0.363
4320,0.166,0.498
4321,0.12,0.36
4322,0.122,0.366
4323,0.117,0.351
4324,0.175,0.525
4325,0.122,0.366
4326,0.164,0.492
4327,0.343,1.029
4328,0.262,0.786
4329,0.379,1.137
4330,0.245,0.735
4331,0.273,0.819
4332,0.252,0.756
4333,0.271,0.813
4334,0.181,0.543
4335,0.73,2.19
4336,1.302,3.906
4337,0.506,1.518
4338,0.263,0.789
4339,0.489,1.467
4340,0.387,1.161
4341,0.183,0.549
4342,0.135,0.405
4343,0.108,0.324
4344,0.115,0.345
4345,0.165,0.495
4346,0.103,0.309
4347,0.11,0.33
4348,0.132,0.396
4349,0.291,0.873
4350,0.221,0.663
4351,0.358,1.074
4352,0.242,0.726
4353,0.26,0.78
4354,0.241,0.723
4355,0.246,0.738
4356,0.253,0.759
4357,0.351,1.053
4358,0.236,0.708
4359,0.248,0.744
4360,0.242,0.726
4361,0.394,1.182
4362,0.519,1.557
4363,0.342,1.026
4364,0.438,1.314
4365,0.293,0.879
4366,0.135,0.405
4367,0.132,0.396
4368,0.123,0.369
4369,0.143,0.429
4370,0.187,0.561
4371,0.187,0.561
4372,0.183,0.549
4373,0.68,2.04
4374,0.397,1.191
4375,0.357,1.071
4376,2,4.882836319
4377,2.169,5.052019423
4378,3.066,5.05360717
4379,1.648,4.944
4380,0.128,0.384
4381,0.51,1.53
4382,0.288,0.864
4383,0.38,1.14
4384,0.256,0.768
4385,0.392,1.176
4386,0.261,0.783
4387,0.262,0.786
4388,0.348,1.044
4389,0.18,0.54
4390,0.122,0.366
4391,0.116,0.348
4392,0.147,0.441
4393,0.169,0.507
4394,0.427,1.281
4395,0.377,1.131
4396,0.355,1.065
4397,0.337,1.011
4398,0.61,1.83
4399,0.251,0.753
4400,0.432,1.296
4401,0.274,0.822
4402,0.21,0.63
4403,0.166,0.498
4404,0.788,2.364
4405,0.246,0.738
4406,0.243,0.729
4407,0.3,0.9
4408,0.55,1.65
4409,0.855,2.565
4410,0.648,1.944
4411,0.394,1.182
4412,0.398,1.194
4413,0.325,0.975
4414,0.146,0.438
4415,0.138,0.414
4416,0.119,0.357
4417,0.12,0.36
4418,0.138,0.414
4419,0.257,0.771
4420,0.299,0.897
4421,0.353,1.059
4422,0.31,0.93
4423,0.099,0.297
4424,0.286,0.858
4425,0.402,1.206
4426,0.344,1.032
4427,0.236,0.708
4428,0.241,0.723
4429,0.265,0.795
4430,0.244,0.732
4431,0.224,0.672
4432,0.195,0.585
4433,0.198,0.594
4434,0.165,0.495
4435,0.789,2.367
4436,0.521,1.563
4437,0.408,1.224
4438,0.28,0.84
4439,0.129,0.387
4440,0.142,0.426
4441,0.127,0.381
4442,0.205,0.615
4443,0.233,0.699
4444,0.253,0.759
4445,0.594,1.782
4446,0.27,0.81
4447,0.161,0.483
4448,0.25,0.75
4449,0.263,0.789
4450,0.167,0.501
4451,0.163,0.489
4452,0.218,0.654
4453,0.302,0.906
4454,0.479,1.437
4455,0.569,1.707
4456,0.283,0.849
4457,0.284,0.852
4458,0.311,0.933
4459,0.685,2.055
4460,0.574,1.722
4461,0.524,1.572
4462,0.203,0.609
4463,0.182,0.546
4464,0.175,0.525
4465,0.158,0.474
4466,0.156,0.468
4467,0.171,0.513
4468,0.147,0.441
4469,0.293,0.879
4470,0.226,0.678
4471,0.218,0.654
4472,0.173,0.519
4473,0.155,0.465
4474,0.172,0.516
4475,0.195,0.585
4476,0.222,0.666
4477,0.277,0.831
4478,0.411,1.233
4479,0.253,0.759
4480,0.544,1.632
4481,0.369,1.107
4482,0.286,0.858
4483,0.421,1.263
4484,0.443,1.329
4485,0.388,1.164
4486,0.158,0.474
4487,0.163,0.489
4488,0.164,0.492
4489,0.157,0.471
4490,0.131,0.393
4491,0.148,0.444
4492,0.188,0.564
4493,0.218,0.654
4494,0.218,0.654
4495,0.399,1.197
4496,0.25,0.75
4497,0.353,1.059
4498,0.237,0.711
4499,0.248,0.744
4500,0.206,0.618
4501,0.37,1.11
4502,0.235,0.705
4503,0.563,1.689
4504,1.175,3.525
4505,0.234,0.702
4506,0.237,0.711
4507,0.255,0.765
4508,0.298,0.894
4509,0.256,0.768
4510,0.295,0.885
4511,0.158,0.474
4512,0.134,0.402
4513,0.127,0.381
4514,0.18,0.54
4515,0.134,0.402
4516,0.134,0.402
4517,0.451,1.353
4518,0.332,0.996
4519,0.221,0.663
4520,0.199,0.597
4521,0.299,0.897
4522,0.252,0.756
4523,0.238,0.714
4524,0.259,0.777
4525,0.222,0.666
4526,0.158,0.474
4527,0.298,0.894
4528,0.249,0.747
4529,0.266,0.798
4530,0.247,0.741
4531,0.399,1.197
4532,0.443,1.329
4533,0.399,1.197
4534,0.151,0.453
4535,0.17,0.51
4536,0.148,0.444
4537,0.129,0.387
4538,0.172,0.516
4539,0.128,0.384
4540,0.128,0.384
4541,0.143,0.429
4542,0.321,0.963
4543,0.214,0.642
4544,0.595,1.785
4545,2.436,4.958598407
4546,3.5629999,5.051292833
4547,1.018,3.054
4548,0.372,1.116
4549,0.491,1.473
4550,0.955,2.865
4551,1.034,3.102
4552,0.306,0.918
4553,0.314,0.942
4554,0.573,1.719
4555,0.825,2.475
4556,0.754,2.262
4557,0.539,1.617
4558,0.435,1.305
4559,0.122,0.366
4560,0.119,0.357
4561,0.14,0.42
4562,0.191,0.573
4563,0.375,1.125
4564,0.485,1.455
4565,0.347,1.041
4566,0.137,0.411
4567,0.318,0.954
4568,0.288,0.864
4569,0.809,2.427
4570,0.243,0.729
4571,0.254,0.762
4572,0.283,0.849
4573,0.238,0.714
4574,0.478,1.434
4575,0.324,0.972
4576,0.395,1.185
4577,0.318,0.954
4578,0.311,0.933
4579,0.285,0.855
4580,0.295,0.885
4581,0.239,0.717
4582,0.134,0.402
4583,0.129,0.387
4584,0.145,0.435
4585,0.129,0.387
4586,0.388,1.164
4587,0.131,0.393
4588,0.136,0.408
4589,0.148,0.444
4590,0.339,1.017
4591,0.278,0.834
4592,0.23,0.69
4593,0.226,0.678
4594,0.279,0.837
4595,0.232,0.696
4596,0.265,0.795
4597,0.261,0.783
4598,0.253,0.759
4599,0.536,1.608
4600,0.415,1.245
4601,0.37,1.11
4602,0.264,0.792
4603,0.49,1.47
4604,0.682,2.046
4605,0.147,0.441
4606,0.126,0.378
4607,0.144,0.432
4608,0.128,0.384
4609,0.126,0.378
4610,0.217,0.651
4611,0.148,0.444
4612,0.122,0.366
4613,0.238,0.714
4614,0.276,0.828
4615,0.153,0.459
4616,0.239,0.717
4617,0.237,0.711
4618,0.213,0.639
4619,0.307,0.921
4620,0.227,0.681
4621,0.24,0.72
4622,0.35,1.05
4623,0.236,0.708
4624,0.267,0.801
4625,0.433,1.299
4626,0.337,1.011
4627,1.712,4.870665917
4628,1.074,3.222
4629,0.275,0.825
4630,0.151,0.453
4631,0.153,0.459
4632,0.168,0.504
4633,0.158,0.474
4634,0.15,0.45
4635,0.24,0.72
4636,0.679,2.037
4637,0.394,1.182
4638,0.182,0.546
4639,0.192,0.576
4640,0.18,0.54
4641,0.163,0.489
4642,0.166,0.498
4643,0.205,0.615
4644,0.272,0.816
4645,0.272,0.816
4646,0.26,0.78
4647,0.329,0.987
4648,1.04,3.12
4649,0.429,1.287
4650,0.526,1.578
4651,0.521,1.563
4652,0.502,1.506
4653,0.289,0.867
4654,0.108,0.324
4655,0.112,0.336
4656,0.118,0.354
4657,0.108,0.324
4658,0.108,0.324
4659,0.14,0.42
4660,0.119,0.357
4661,0.255,0.765
4662,0.166,0.498
4663,0.113,0.339
4664,0.252,0.756
4665,0.245,0.735
4666,0.303,0.909
4667,0.145,0.435
4668,0.159,0.477
4669,0.195,0.585
4670,0.32,0.96
4671,0.259,0.777
4672,0.656,1.968
4673,0.46,1.38
4674,0.354,1.062
4675,0.313,0.939
4676,0.46,1.38
4677,0.326,0.978
4678,0.235,0.705
4679,0.127,0.381
4680,0.135,0.405
4681,0.159,0.477
4682,0.109,0.327
4683,0.164,0.492
4684,0.108,0.324
4685,0.265,0.795
4686,0.423,1.269
4687,0.308,0.924
4688,0.221,0.663
4689,0.191,0.573
4690,0.308,0.924
4691,0.234,0.702
4692,0.242,0.726
4693,0.259,0.777
4694,0.307,0.921
4695,0.142,0.426
4696,0.237,0.711
4697,1.284,3.852
4698,0.359,1.077
4699,0.372,1.116
4700,0.469,1.407
4701,0.321,0.963
4702,0.142,0.426
4703,0.132,0.396
4704,0.122,0.366
4705,0.118,0.354
4706,0.179,0.537
4707,0.128,0.384
4708,0.129,0.387
4709,0.128,0.384
4710,0.165,0.495
4711,0.407,1.221
4712,0.419,1.257
4713,0.826,2.478
4714,1.469,4.407
4715,2.034,4.851556879
4716,1.159,3.477
4717,0.561,1.683
4718,0.364,1.092
4719,0.363,1.089
4720,0.321,0.963
4721,0.413,1.239
4722,0.476,1.428
4723,0.478,1.434
4724,0.327,0.981
4725,0.335,1.005
4726,0.212,0.636
4727,0.116,0.348
4728,0.097,0.291
4729,0.096,0.288
4730,0.108,0.324
4731,0.091,0.273
4732,0.102,0.306
4733,0.21,0.63
4734,0.397,1.191
4735,0.108,0.324
4736,0.119,0.357
4737,0.101,0.303
4738,0.106,0.318
4739,0.297,0.891
4740,0.159,0.477
4741,0.339,1.017
4742,0.254,0.762
4743,0.394,1.182
4744,0.354,1.062
4745,0.298,0.894
4746,0.367,1.101
4747,0.327,0.981
4748,0.39,1.17
4749,0.182,0.546
4750,0.141,0.423
4751,0.129,0.387
4752,0.129,0.387
4753,0.145,0.435
4754,0.152,0.456
4755,0.294,0.882
4756,0.287,0.861
4757,0.282,0.846
4758,0.375,1.125
4759,0.147,0.441
4760,0.327,0.981
4761,0.241,0.723
4762,0.26,0.78
4763,0.237,0.711
4764,0.261,0.783
4765,0.275,0.825
4766,0.303,0.909
4767,0.305,0.915
4768,0.466,1.398
4769,0.361,1.083
4770,0.407,1.221
4771,0.475,1.425
4772,0.484,1.452
4773,0.226,0.678
4774,0.125,0.375
4775,0.111,0.333
4776,0.116,0.348
4777,0.121,0.363
4778,0.115,0.345
4779,0.115,0.345
4780,0.222,0.666
4781,0.432,1.296
4782,0.206,0.618
4783,0.231,0.693
4784,0.283,0.849
4785,0.278,0.834
4786,0.267,0.801
4787,0.275,0.825
4788,0.266,0.798
4789,0.364,1.092
4790,0.294,0.882
4791,0.231,0.693
4792,1.11,3.33
4793,1.287,3.861
4794,0.272,0.816
4795,0.528,1.584
4796,0.96,2.88
4797,0.516,1.548
4798,0.217,0.651
4799,0.186,0.558
4800,0.193,0.579
4801,0.215,0.645
4802,0.197,0.591
4803,0.224,0.672
4804,0.213,0.639
4805,0.213,0.639
4806,0.196,0.588
4807,0.268,0.804
4808,0.148,0.444
4809,0.149,0.447
4810,1.318,3.954
4811,0.375,1.125
4812,0.308,0.924
4813,0.286,0.858
4814,0.543,1.629
4815,0.282,0.846
4816,0.879,2.637
4817,0.735,2.205
4818,0.417,1.251
4819,0.437,1.311
4820,0.562,1.686
4821,0.481,1.443
4822,0.377,1.131
4823,0.143,0.429
4824,0.106,0.318
4825,0.11,0.33
4826,0.123,0.369
4827,0.108,0.324
4828,0.102,0.306
4829,0.212,0.636
4830,0.469,1.407
4831,0.235,0.705
4832,0.131,0.393
4833,0.11,0.33
4834,0.118,0.354
4835,0.129,0.387
4836,0.109,0.327
4837,0.155,0.465
4838,0.386,1.158
4839,0.274,0.822
4840,1.306,3.918
4841,0.312,0.936
4842,0.521,1.563
4843,1.318,3.954
4844,0.903,2.709
4845,0.533,1.599
4846,0.122,0.366
4847,0.11,0.33
4848,0.119,0.357
4849,0.103,0.309
4850,0.104,0.312
4851,0.117,0.351
4852,0.097,0.291
4853,0.111,0.333
4854,0.39,1.17
4855,0.287,0.861
4856,0.227,0.681
4857,0.382,1.146
4858,0.227,0.681
4859,0.26,0.78
4860,0.25,0.75
4861,0.231,0.693
4862,0.249,0.747
4863,0.23,0.69
4864,0.252,0.756
4865,0.355,1.065
4866,0.454,1.362
4867,0.34,1.02
4868,0.512,1.536
4869,0.485,1.455
4870,0.348,1.044
4871,0.111,0.333
4872,0.096,0.288
4873,0.102,0.306
4874,0.105,0.315
4875,0.095,0.285
4876,0.218,0.654
4877,0.286,0.858
4878,0.272,0.816
4879,0.37,1.11
4880,0.186,0.558
4881,0.86,2.58
4882,0.43,1.29
4883,0.519,1.557
4884,0.374,1.122
4885,0.244,0.732
4886,0.159,0.477
4887,0.212,0.636
4888,0.397,1.191
4889,0.241,0.723
4890,0.378,1.134
4891,0.697,2.091
4892,0.825,2.475
4893,0.673,2.019
4894,0.563,1.689
4895,0.141,0.423
4896,0.105,0.315
4897,0.12,0.36
4898,0.107,0.321
4899,0.115,0.345
4900,0.107,0.321
4901,0.11,0.33
4902,0.264,0.792
4903,0.122,0.366
4904,0.249,0.747
4905,0.353,1.059
4906,0.25,0.75
4907,0.334,1.002
4908,0.257,0.771
4909,0.26,0.78
4910,0.43,1.29
4911,0.767,2.301
4912,0.81,2.43
4913,0.316,0.948
4914,0.46,1.38
4915,0.389,1.167
4916,0.65,1.95
4917,0.702,2.106
4918,0.389,1.167
4919,0.197,0.591
4920,0.154,0.462
4921,0.154,0.462
4922,0.15,0.45
4923,0.149,0.447
4924,0.15,0.45
4925,0.173,0.519
4926,0.626,1.878
4927,0.321,0.963
4928,0.383,1.149
4929,0.28,0.84
4930,0.333,0.999
4931,0.394,1.182
4932,0.308,0.924
4933,0.28,0.84
4934,0.239,0.717
4935,0.218,0.654
4936,0.532,1.596
4937,0.334,1.002
4938,0.341,1.023
4939,0.358,1.074
4940,0.564,1.692
4941,0.428,1.284
4942,0.184,0.552
4943,0.205,0.615
4944,0.159,0.477
4945,0.202,0.606
4946,0.185,0.555
4947,0.155,0.465
4948,0.172,0.516
4949,0.188,0.564
4950,0.169,0.507
4951,0.279,0.837
4952,0.222,0.666
4953,0.464,1.392
4954,0.306,0.918
4955,0.317,0.951
4956,0.25,0.75
4957,0.316,0.948
4958,0.324,0.972
4959,0.427,1.281
4960,1.239,3.717
4961,0.347,1.041
4962,0.346,1.038
4963,0.403,1.209
4964,0.604,1.812
4965,0.434,1.302
4966,0.33,0.99
4967,0.173,0.519
4968,0.155,0.465
4969,0.11,0.33
4970,0.133,0.399
4971,0.124,0.372
4972,0.169,0.507
4973,0.234,0.702
4974,0.205,0.615
4975,0.205,0.615
4976,0.348,1.044
4977,0.472,1.416
4978,0.64,1.92
4979,0.894,2.682
4980,0.682,2.046
4981,0.491,1.473
4982,0.476,1.428
4983,0.881,2.643
4984,0.76,2.28
4985,0.589,1.767
4986,0.533,1.599
4987,0.656,1.968
4988,1.029,3.087
4989,0.506,1.518
4990,0.209,0.627
4991,0.181,0.543
4992,0.197,0.591
4993,0.236,0.708
4994,0.203,0.609
4995,0.206,0.618
4996,0.168,0.504
4997,0.188,0.564
4998,0.28,0.84
4999,0.41,1.23
5000,0.324,0.972
5001,0.26,0.78
5002,0.239,0.717
5003,0.136,0.408
5004,0.167,0.501
5005,0.144,0.432
5006,0.159,0.477
5007,0.229,0.687
5008,0.314,0.942
5009,0.464,1.392
5010,0.378,1.134
5011,0.658,1.974
5012,0.613,1.839
5013,0.92,2.76
5014,0.595,1.785
5015,0.281,0.843
5016,0.211,0.633
5017,0.16,0.48
5018,0.157,0.471
5019,0.115,0.345
5020,0.113,0.339
5021,0.118,0.354
5022,0.177,0.531
5023,0.14,0.42
5024,0.124,0.372
5025,0.405,1.215
5026,0.293,0.879
5027,0.36,1.08
5028,0.326,0.978
5029,0.365,1.095
5030,0.274,0.822
5031,0.274,0.822
5032,0.359,1.077
5033,0.447,1.341
5034,0.399,1.197
5035,0.41,1.23
5036,0.815,2.445
5037,0.568,1.704
5038,0.379,1.137
5039,0.163,0.489
5040,0.155,0.465
5041,0.158,0.474
5042,0.151,0.453
5043,0.204,0.612
5044,0.195,0.585
5045,0.172,0.516
5046,0.184,0.552
5047,0.284,0.852
5048,0.237,0.711
5049,0.172,0.516
5050,1.717,5.094369035
5051,4.525,5.129148967
5052,2.329,4.939643084
5053,0.487,1.461
5054,0.485,1.455
5055,0.243,0.729
5056,0.262,0.786
5057,0.871,2.613
5058,1.443,4.329
5059,0.417,1.251
5060,0.702,2.106
5061,0.568,1.704
5062,0.53,1.59
5063,0.363,1.089
5064,0.125,0.375
5065,0.105,0.315
5066,0.097,0.291
5067,0.098,0.294
5068,0.194,0.582
5069,0.201,0.603
5070,0.324,0.972
5071,0.203,0.609
5072,0.191,0.573
5073,0.336,1.008
5074,0.271,0.813
5075,0.367,1.101
5076,0.333,0.999
5077,0.384,1.152
5078,0.282,0.846
5079,0.393,1.179
5080,1.969,4.845619229
5081,2.182,4.797821463
5082,0.34,1.02
5083,0.333,0.999
5084,0.766,2.298
5085,0.525,1.575
5086,0.191,0.573
5087,0.146,0.438
5088,0.145,0.435
5089,0.143,0.429
5090,0.117,0.351
5091,0.475,1.425
5092,0.551,1.653
5093,0.652,1.956
5094,0.467,1.401
5095,0.386,1.158
5096,0.569,1.707
5097,0.453,1.359
5098,0.449,1.347
5099,0.423,1.269
5100,0.402,1.206
5101,0.498,1.494
5102,0.393,1.179
5103,0.523,1.569
5104,0.75,2.25
5105,1.553,4.659
5106,0.583,1.749
5107,0.481,1.443
5108,0.542,1.626
5109,0.537,1.611
5110,0.557,1.671
5111,0.188,0.564
5112,0.163,0.489
5113,0.141,0.423
5114,0.154,0.462
5115,0.145,0.435
5116,0.141,0.423
5117,0.156,0.468
5118,0.362,1.086
5119,0.384,1.152
5120,0.274,0.822
5121,0.281,0.843
5122,0.392,1.176
5123,0.198,0.594
5124,0.156,0.468
5125,0.258,0.774
5126,0.899,2.697
5127,0.832,2.496
5128,0.23,0.69
5129,0.42,1.26
5130,0.431,1.293
5131,0.264,0.792
5132,0.338,1.014
5133,0.31,0.93
5134,0.252,0.756
5135,0.158,0.474
5136,0.157,0.471
5137,0.158,0.474
5138,0.176,0.528
5139,0.268,0.804
5140,0.191,0.573
5141,0.198,0.594
5142,0.318,0.954
5143,0.201,0.603
5144,0.242,0.726
5145,0.16,0.48
5146,0.161,0.483
5147,0.399,1.197
5148,0.246,0.738
5149,0.237,0.711
5150,0.256,0.768
5151,0.834,2.502
5152,1.032,3.096
5153,0.415,1.245
5154,0.351,1.053
5155,0.618,1.854
5156,0.462,1.386
5157,0.491,1.473
5158,0.515,1.545
5159,0.18,0.54
5160,0.131,0.393
5161,0.139,0.417
5162,0.133,0.399
5163,0.143,0.429
5164,0.141,0.423
5165,0.315,0.945
5166,0.152,0.456
5167,0.169,0.507
5168,0.27,0.81
5169,0.337,1.011
5170,0.3,0.9
5171,0.345,1.035
5172,0.451,1.353
5173,0.328,0.984
5174,0.462,1.386
5175,0.262,0.786
5176,0.556,1.668
5177,0.658,1.974
5178,0.297,0.891
5179,0.303,0.909
5180,0.4,1.2
5181,0.315,0.945
5182,0.128,0.384
5183,0.158,0.474
5184,0.173,0.519
5185,0.128,0.384
5186,0.23,0.69
5187,0.17,0.51
5188,0.149,0.447
5189,0.164,0.492
5190,0.372,1.116
5191,0.289,0.867
5192,0.25,0.75
5193,0.307,0.921
5194,0.279,0.837
5195,0.39,1.17
5196,0.285,0.855
5197,0.408,1.224
5198,0.263,0.789
5199,0.255,0.765
5200,0.262,0.786
5201,0.371,1.113
5202,0.758,2.274
5203,0.269,0.807
5204,0.302,0.906
5205,0.361,1.083
5206,0.146,0.438
5207,0.152,0.456
5208,0.153,0.459
5209,0.148,0.444
5210,0.154,0.462
5211,0.139,0.417
5212,0.187,0.561
5213,0.212,0.636
5214,0.2,0.6
5215,0.319,0.957
5216,0.244,0.732
5217,1.321,3.963
5218,2.574,4.990585585
5219,2.312,5.162425689
5220,1.722,5.034504867
5221,1.303,3.909
5222,0.346,1.038
5223,0.283,0.849
5224,0.915,2.745
5225,0.438,1.314
5226,0.318,0.954
5227,0.505,1.515
5228,0.336,1.008
5229,0.354,1.062
5230,0.22,0.66
5231,0.188,0.564
5232,0.152,0.456
5233,0.152,0.456
5234,0.157,0.471
5235,0.197,0.591
5236,0.186,0.558
5237,0.324,0.972
5238,0.18,0.54
5239,0.193,0.579
5240,0.21,0.63
5241,0.49,1.47
5242,0.35,1.05
5243,0.397,1.191
5244,0.397,1.191
5245,0.537,1.611
5246,0.368,1.104
5247,0.442,1.326
5248,1.373,4.119
5249,0.665,1.995
5250,0.454,1.362
5251,0.397,1.191
5252,0.455,1.365
5253,0.487,1.461
5254,0.265,0.795
5255,0.169,0.507
5256,0.179,0.537
5257,0.17,0.51
5258,0.176,0.528
5259,0.193,0.579
5260,0.206,0.618
5261,0.172,0.516
5262,0.347,1.041
5263,0.149,0.447
5264,0.345,1.035
5265,0.368,1.104
5266,0.266,0.798
5267,0.259,0.777
5268,0.378,1.134
5269,0.318,0.954
5270,0.248,0.744
5271,0.214,0.642
5272,0.737,2.211
5273,1.245,3.735
5274,0.648,1.944
5275,0.947,2.841
5276,0.723,2.169
5277,1.238,3.714
5278,0.637,1.911
5279,0.446,1.338
5280,0.636,1.908
5281,0.21,0.63
5282,0.212,0.636
5283,0.255,0.765
5284,0.287,0.861
5285,0.255,0.765
5286,0.344,1.032
5287,0.282,0.846
5288,0.379,1.137
5289,0.19,0.57
5290,0.13,0.39
5291,0.318,0.954
5292,0.251,0.753
5293,0.274,0.822
5294,0.204,0.612
5295,0.206,0.618
5296,0.215,0.645
5297,0.22,0.66
5298,0.579,1.737
5299,0.5,1.5
5300,0.719,2.157
5301,0.699,2.097
5302,0.368,1.104
5303,0.124,0.372
5304,0.179,0.537
5305,0.196,0.588
5306,0.226,0.678
5307,0.418,1.254
5308,0.385,1.155
5309,0.321,0.963
5310,0.379,1.137
5311,0.183,0.549
5312,0.256,0.768
5313,0.234,0.702
5314,0.41,1.23
5315,0.321,0.963
5316,0.322,0.966
5317,0.31,0.93
5318,0.296,0.888
5319,0.363,1.089
5320,0.412,1.236
5321,0.471,1.413
5322,0.288,0.864
5323,0.807,2.421
5324,1.026,3.078
5325,0.636,1.908
5326,0.376,1.128
5327,0.244,0.732
5328,0.205,0.615
5329,0.152,0.456
5330,0.177,0.531
5331,0.192,0.576
5332,0.455,1.365
5333,0.229,0.687
5334,0.197,0.591
5335,0.198,0.594
5336,0.221,0.663
5337,0.283,0.849
5338,0.389,1.167
5339,0.414,1.242
5340,0.3,0.9
5341,0.299,0.897
5342,0.304,0.912
5343,0.233,0.699
5344,0.246,0.738
5345,0.261,0.783
5346,0.158,0.474
5347,0.483,1.449
5348,0.835,2.505
5349,0.457,1.371
5350,0.347,1.041
5351,0.212,0.636
5352,0.113,0.339
5353,0.229,0.687
5354,0.133,0.399
5355,0.167,0.501
5356,0.276,0.828
5357,0.494,1.482
5358,0.27,0.81
5359,0.453,1.359
5360,0.306,0.918
5361,0.296,0.888
5362,0.291,0.873
5363,0.305,0.915
5364,0.238,0.714
5365,0.264,0.792
5366,0.284,0.852
5367,0.352,1.056
5368,1.234,3.702
5369,0.596,1.788
5370,0.364,1.092
5371,0.38,1.14
5372,0.346,1.038
5373,0.4,1.2
5374,0.415,1.245
5375,0.206,0.618
5376,0.109,0.327
5377,0.184,0.552
5378,0.102,0.306
5379,0.184,0.552
5380,0.118,0.354
5381,0.19,0.57
5382,0.194,0.582
5383,0.514,1.542
5384,0.343,1.029
5385,0.451,1.353
5386,0.387,1.161
5387,0.305,0.915
5388,0.305,0.915
5389,0.378,1.134
5390,0.362,1.086
5391,0.305,0.915
5392,0.305,0.915
5393,0.236,0.708
5394,0.344,1.032
5395,0.32,0.96
5396,0.39,1.17
5397,0.352,1.056
5398,0.289,0.867
5399,0.279,0.837
5400,0.215,0.645
5401,0.121,0.363
5402,0.204,0.612
5403,0.133,0.399
5404,0.176,0.528
5405,0.359,1.077
5406,0.241,0.723
5407,0.441,1.323
5408,0.341,1.023
5409,0.423,1.269
5410,0.25,0.75
5411,0.199,0.597
5412,0.148,0.444
5413,0.235,0.705
5414,0.388,1.164
5415,0.667,2.001
5416,0.449,1.347
5417,0.231,0.693
5418,0.3,0.9
5419,0.233,0.699
5420,0.522,1.566
5421,0.339,1.017
5422,0.311,0.933
5423,0.142,0.426
5424,0.167,0.501
5425,0.161,0.483
5426,0.186,0.558
5427,0.123,0.369
5428,0.205,0.615
5429,0.113,0.339
5430,0.326,0.978
5431,0.267,0.801
5432,0.393,1.179
5433,0.307,0.921
5434,0.222,0.666
5435,0.199,0.597
5436,0.282,0.846
5437,0.271,0.813
5438,0.223,0.669
5439,0.696,2.088
5440,0.67,2.01
5441,0.344,1.032
5442,0.47,1.41
5443,0.357,1.071
5444,0.517,1.551
5445,0.426,1.278
5446,0.315,0.945
5447,0.177,0.531
5448,0.163,0.489
5449,0.087,0.261
5450,0.15,0.45
5451,0.121,0.363
5452,0.26,0.78
5453,0.15,0.45
5454,0.102,0.306
5455,0.169,0.507
5456,0.515,1.545
5457,0.31,0.93
5458,0.217,0.651
5459,0.279,0.837
5460,0.353,1.059
5461,1.033,3.099
5462,0.385,1.155
5463,0.208,0.624
5464,0.369,1.107
5465,0.318,0.954
5466,0.283,0.849
5467,0.254,0.762
5468,0.411,1.233
5469,0.231,0.693
5470,0.144,0.432
5471,0.168,0.504
5472,0.144,0.432
5473,0.133,0.399
5474,0.171,0.513
5475,0.184,0.552
5476,0.135,0.405
5477,0.183,0.549
5478,0.312,0.936
5479,0.169,0.507
5480,0.295,0.885
5481,0.281,0.843
5482,0.288,0.864
5483,0.256,0.768
5484,0.202,0.606
5485,0.197,0.591
5486,0.975,2.925
5487,0.233,0.699
5488,0.382,1.146
5489,0.326,0.978
5490,0.322,0.966
5491,0.327,0.981
5492,0.359,1.077
5493,0.327,0.981
5494,0.129,0.387
5495,0.16,0.48
5496,0.167,0.501
5497,0.129,0.387
5498,0.196,0.588
5499,0.12,0.36
5500,0.183,0.549
5501,0.257,0.771
5502,0.195,0.585
5503,0.285,0.855
5504,0.302,0.906
5505,0.382,1.146
5506,0.3,0.9
5507,0.333,0.999
5508,0.228,0.684
5509,0.203,0.609
5510,0.362,1.086
5511,0.852,2.556
5512,0.359,1.077
5513,0.379,1.137
5514,0.32,0.96
5515,0.405,1.215
5516,0.355,1.065
5517,0.326,0.978
5518,0.42,1.26
5519,0.157,0.471
5520,0.226,0.678
5521,0.185,0.555
5522,0.194,0.582
5523,0.243,0.729
5524,0.129,0.387
5525,0.22,0.66
5526,0.22,0.66
5527,0.22,0.66
5528,0.313,0.939
5529,0.31,0.93
5530,0.313,0.939
5531,0.22,0.66
5532,0.246,0.738
5533,0.304,0.912
5534,0.47,1.41
5535,0.307,0.921
5536,0.307,0.921
5537,0.362,1.086
5538,0.371,1.113
5539,0.395,1.185
5540,0.467,1.401
5541,0.461,1.383
5542,0.37,1.11
5543,0.232,0.696
5544,0.197,0.591
5545,0.213,0.639
5546,0.221,0.663
5547,0.212,0.636
5548,0.184,0.552
5549,0.174,0.522
5550,0.176,0.528
5551,0.339,1.017
5552,0.208,0.624
5553,0.215,0.645
5554,0.282,0.846
5555,0.39,1.17
5556,0.312,0.936
5557,0.316,0.948
5558,0.315,0.945
5559,0.312,0.936
5560,0.225,0.675
5561,0.403,1.209
5562,0.307,0.921
5563,0.405,1.215
5564,0.362,1.086
5565,0.813,2.439
5566,0.417,1.251
5567,0.316,0.948
5568,0.249,0.747
5569,0.246,0.738
5570,0.241,0.723
5571,0.244,0.732
5572,0.238,0.714
5573,0.203,0.609
5574,0.206,0.618
5575,0.199,0.597
5576,0.403,1.209
5577,0.234,0.702
5578,0.282,0.846
5579,0.199,0.597
5580,0.207,0.621
5581,0.287,0.861
5582,0.31,0.93
5583,0.302,0.906
5584,0.478,1.434
5585,0.335,1.005
5586,0.357,1.071
5587,0.343,1.029
5588,0.359,1.077
5589,0.269,0.807
5590,0.239,0.717
5591,0.251,0.753
5592,0.24,0.72
5593,0.242,0.726
5594,0.232,0.696
5595,0.151,0.453
5596,0.192,0.576
5597,0.355,1.065
5598,0.216,0.648
5599,0.216,0.648
5600,0.344,1.032
5601,0.309,0.927
5602,0.213,0.639
5603,0.412,1.236
5604,0.506,1.518
5605,0.415,1.245
5606,0.581,1.743
5607,0.413,1.239
5608,0.439,1.317
5609,0.473,1.419
5610,0.332,0.996
5611,0.311,0.933
5612,0.265,0.795
5613,0.531,1.593
5614,0.152,0.456
5615,0.164,0.492
5616,0.142,0.426
5617,0.13,0.39
5618,0.15,0.45
5619,0.151,0.453
5620,0.155,0.465
5621,0.142,0.426
5622,0.138,0.414
5623,0.163,0.489
5624,0.307,0.921
5625,0.304,0.912
5626,0.217,0.651
5627,0.195,0.585
5628,0.305,0.915
5629,0.55,1.65
5630,0.494,1.482
5631,0.335,1.005
5632,0.238,0.714
5633,0.298,0.894
5634,0.269,0.807
5635,0.661,1.983
5636,0.409,1.227
5637,0.368,1.104
5638,0.144,0.432
5639,0.154,0.462
5640,0.15,0.45
5641,0.152,0.456
5642,0.135,0.405
5643,0.754,2.262
5644,0.388,1.164
5645,0.18,0.54
5646,0.149,0.447
5647,0.182,0.546
5648,0.56,1.68
5649,0.73,2.19
5650,0.48,1.44
5651,0.725,2.175
5652,0.932,2.796
5653,0.246,0.738
5654,0.811,2.433
5655,0.343,1.029
5656,0.539,1.617
5657,0.246,0.738
5658,0.393,1.179
5659,0.429,1.287
5660,0.407,1.221
5661,0.414,1.242
5662,0.264,0.792
5663,0.247,0.741
5664,0.189,0.567
5665,0.255,0.765
5666,0.176,0.528
5667,0.237,0.711
5668,0.221,0.663
5669,0.306,0.918
5670,0.492,1.476
5671,0.181,0.543
5672,0.137,0.411
5673,0.18,0.54
5674,0.367,1.101
5675,0.26,0.78
5676,0.295,0.885
5677,0.169,0.507
5678,0.206,0.618
5679,0.175,0.525
5680,0.84,2.52
5681,0.532,1.596
5682,0.549,1.647
5683,1.085,3.255
5684,1.137,3.411
5685,0.614,1.842
5686,0.122,0.366
5687,0.114,0.342
5688,0.132,0.396
5689,0.128,0.384
5690,0.128,0.384
5691,0.117,0.351
5692,0.127,0.381
5693,0.135,0.405
5694,0.318,0.954
5695,0.112,0.336
5696,0.17,0.51
5697,0.137,0.411
5698,1.401,4.203
5699,0.349,1.047
5700,0.235,0.705
5701,0.417,1.251
5702,0.283,0.849
5703,0.368,1.104
5704,0.349,1.047
5705,0.462,1.386
5706,0.481,1.443
5707,0.497,1.491
5708,0.892,2.676
5709,0.833,2.499
5710,1.416,4.248
5711,0.732,2.196
5712,0.161,0.483
5713,0.144,0.432
5714,0.147,0.441
5715,0.141,0.423
5716,0.138,0.414
5717,0.144,0.432
5718,0.153,0.459
5719,0.2,0.6
5720,1.283,3.849
5721,2.6169999,5.080316226
5722,2.327,5.169835384
5723,1.315,3.945
5724,0.407,1.221
5725,0.376,1.128
5726,0.401,1.203
5727,0.305,0.915
5728,0.268,0.804
5729,0.588,1.764
5730,0.826,2.478
5731,0.429,1.287
5732,0.489,1.467
5733,0.212,0.636
5734,0.202,0.606
5735,0.146,0.438
5736,0.157,0.471
5737,0.145,0.435
5738,0.139,0.417
5739,0.131,0.393
5740,0.139,0.417
5741,1.087,3.261
5742,0.271,0.813
5743,0.485,1.455
5744,0.332,0.996
5745,0.344,1.032
5746,0.334,1.002
5747,0.281,0.843
5748,0.446,1.338
5749,0.32,0.96
5750,0.378,1.134
5751,0.831,2.493
5752,0.752,2.256
5753,0.624,1.872
5754,0.591,1.773
5755,0.636,1.908
5756,0.648,1.944
5757,0.535,1.605
5758,0.24,0.72
5759,0.139,0.417
5760,0.137,0.411
5761,0.119,0.357
5762,0.123,0.369
5763,0.121,0.363
5764,0.131,0.393
5765,0.218,0.654
5766,0.46,1.38
5767,0.301,0.903
5768,0.297,0.891
5769,0.316,0.948
5770,0.547,1.641
5771,0.304,0.912
5772,0.292,0.876
5773,0.301,0.903
5774,0.421,1.263
5775,0.354,1.062
5776,0.564,1.692
5777,0.432,1.296
5778,0.31,0.93
5779,0.737,2.211
5780,0.78,2.34
5781,0.526,1.578
5782,0.375,1.125
5783,0.175,0.525
5784,0.165,0.495
5785,0.175,0.525
5786,0.166,0.498
5787,0.117,0.351
5788,0.082,0.246
5789,0.093,0.279
5790,0.361,1.083
5791,0.308,0.924
5792,0.294,0.882
5793,0.302,0.906
5794,0.269,0.807
5795,0.216,0.648
5796,0.386,1.158
5797,0.298,0.894
5798,1.176,3.528
5799,0.901,2.703
5800,0.263,0.789
5801,0.382,1.146
5802,0.364,1.092
5803,0.37,1.11
5804,0.32,0.96
5805,0.238,0.714
5806,0.196,0.588
5807,0.199,0.597
5808,0.202,0.606
5809,0.198,0.594
5810,0.17,0.51
5811,0.145,0.435
5812,0.145,0.435
5813,0.206,0.618
5814,0.202,0.606
5815,0.335,1.005
5816,0.249,0.747
5817,0.361,1.083
5818,0.252,0.756
5819,0.388,1.164
5820,0.328,0.984
5821,0.425,1.275
5822,0.339,1.017
5823,0.358,1.074
5824,0.368,1.104
5825,0.593,1.779
5826,0.543,1.629
5827,0.757,2.271
5828,0.572,1.716
5829,0.225,0.675
5830,0.159,0.477
5831,0.16,0.48
5832,0.148,0.444
5833,0.138,0.414
5834,0.144,0.432
5835,0.208,0.624
5836,0.203,0.609
5837,0.311,0.933
5838,0.198,0.594
5839,0.272,0.816
5840,0.346,1.038
5841,0.272,0.816
5842,0.342,1.026
5843,0.388,1.164
5844,0.455,1.365
5845,0.356,1.068
5846,0.382,1.146
5847,0.621,1.863
5848,0.571,1.713
5849,0.388,1.164
5850,0.506,1.518
5851,1.089,3.267
5852,0.477,1.431
5853,0.345,1.035
5854,0.152,0.456
5855,0.11,0.33
5856,0.108,0.324
5857,0.11,0.33
5858,0.108,0.324
5859,0.105,0.315
5860,0.171,0.513
5861,0.243,0.729
5862,0.297,0.891
5863,0.254,0.762
5864,0.233,0.699
5865,0.317,0.951
5866,0.238,0.714
5867,0.309,0.927
5868,0.285,0.855
5869,0.947,2.841
5870,0.248,0.744
5871,0.444,1.332
5872,0.28,0.84
5873,0.344,1.032
5874,0.262,0.786
5875,0.643,1.929
5876,0.709,2.127
5877,0.579,1.737
5878,0.299,0.897
5879,0.204,0.612
5880,0.111,0.333
5881,0.118,0.354
5882,0.106,0.318
5883,0.124,0.372
5884,0.116,0.348
5885,0.125,0.375
5886,0.203,0.609
5887,0.417,1.251
5888,0.969,2.907
5889,1.441,4.323
5890,3.3439999,5.06567756
5891,1.315,3.945
5892,0.555,1.665
5893,0.474,1.422
5894,0.248,0.744
5895,0.382,1.146
5896,0.285,0.855
5897,0.357,1.071
5898,0.591,1.773
5899,0.574,1.722
5900,0.461,1.383
5901,0.373,1.119
5902,0.126,0.378
5903,0.127,0.381
5904,0.112,0.336
5905,0.112,0.336
5906,0.129,0.387
5907,0.111,0.333
5908,0.111,0.333
5909,0.12,0.36
5910,0.362,1.086
5911,0.326,0.978
5912,0.376,1.128
5913,0.291,0.873
5914,0.26,0.78
5915,0.262,0.786
5916,0.279,0.837
5917,0.269,0.807
5918,0.261,0.783
5919,0.594,1.782
5920,0.245,0.735
5921,0.252,0.756
5922,0.477,1.431
5923,0.612,1.836
5924,0.511,1.533
5925,0.469,1.407
5926,0.137,0.411
5927,0.128,0.384
5928,0.126,0.378
5929,0.138,0.414
5930,0.137,0.411
5931,0.136,0.408
5932,0.148,0.444
5933,0.33,0.99
5934,0.213,0.639
5935,0.212,0.636
5936,0.191,0.573
5937,0.175,0.525
5938,0.157,0.471
5939,0.503,1.509
5940,0.425,1.275
5941,0.572,1.716
5942,0.423,1.269
5943,0.297,0.891
5944,0.298,0.894
5945,0.402,1.206
5946,0.442,1.326
5947,0.663,1.989
5948,0.439,1.317
5949,0.383,1.149
5950,0.181,0.543
5951,0.175,0.525
5952,0.128,0.384
5953,0.174,0.522
5954,0.145,0.435
5955,0.148,0.444
5956,0.172,0.516
5957,0.246,0.738
5958,0.272,0.816
5959,0.567,1.701
5960,0.505,1.515
5961,0.284,0.852
5962,0.585,1.755
5963,0.263,0.789
5964,0.298,0.894
5965,0.277,0.831
5966,0.456,1.368
5967,0.293,0.879
5968,1.086,3.258
5969,0.403,1.209
5970,0.403,1.209
5971,0.286,0.858
5972,0.145,0.435
5973,0.147,0.441
5974,0.166,0.498
5975,0.154,0.462
5976,0.136,0.408
5977,0.176,0.528
5978,0.147,0.441
5979,0.368,1.104
5980,0.222,0.666
5981,0.236,0.708
5982,0.306,0.918
5983,0.351,1.053
5984,0.21,0.63
5985,0.149,0.447
5986,0.195,0.585
5987,0.322,0.966
5988,0.24,0.72
5989,0.25,0.75
5990,0.243,0.729
5991,0.308,0.924
5992,1.412,4.236
5993,0.344,1.032
5994,0.376,1.128
5995,0.39,1.17
5996,0.409,1.227
5997,0.159,0.477
5998,0.13,0.39
5999,0.128,0.384
6000,0.124,0.372
6001,0.139,0.417
6002,0.133,0.399
6003,0.225,0.675
6004,0.121,0.363
6005,0.225,0.675
6006,0.387,1.161
6007,0.265,0.795
6008,0.264,0.792
6009,0.322,0.966
6010,0.79,2.37
6011,1.67,5.01
6012,0.394,1.182
6013,0.343,1.029
6014,0.165,0.495
6015,0.177,0.531
6016,0.153,0.459
6017,0.16,0.48
6018,0.171,0.513
6019,0.132,0.396
6020,0.169,0.507
6021,0.292,0.876
6022,0.394,1.182
6023,0.178,0.534
6024,0.162,0.486
6025,0.148,0.444
6026,0.26,0.78
6027,0.297,0.891
6028,0.219,0.657
6029,0.286,0.858
6030,0.157,0.471
6031,0.181,0.543
6032,0.261,0.783
6033,0.396,1.188
6034,0.53,1.59
6035,0.357,1.071
6036,0.49,1.47
6037,0.458,1.374
6038,0.343,1.029
6039,0.462,1.386
6040,0.253,0.759
6041,0.519,1.557
6042,0.391,1.173
6043,0.574,1.722
6044,1.066,3.198
6045,0.544,1.632
6046,0.313,0.939
6047,0.177,0.531
6048,0.175,0.525
6049,0.158,0.474
6050,0.121,0.363
6051,0.136,0.408
6052,0.172,0.516
6053,0.295,0.885
6054,0.144,0.432
6055,0.191,0.573
6056,0.272,0.816
6057,1.435,4.305
6058,1.75,5.082324235
6059,2.121,5.013828995
6060,1.098,3.294
6061,0.475,1.425
6062,0.397,1.191
6063,0.391,1.173
6064,0.414,1.242
6065,0.452,1.356
6066,0.505,1.515
6067,0.546,1.638
6068,0.446,1.338
6069,0.248,0.744
6070,0.137,0.411
6071,0.211,0.633
6072,0.182,0.546
6073,0.091,0.273
6074,0.159,0.477
6075,0.23,0.69
6076,0.25,0.75
6077,0.186,0.558
6078,0.341,1.023
6079,0.273,0.819
6080,0.308,0.924
6081,0.447,1.341
6082,0.439,1.317
6083,0.266,0.798
6084,0.566,1.698
6085,0.307,0.921
6086,0.295,0.885
6087,0.77,2.31
6088,0.249,0.747
6089,0.591,1.773
6090,0.589,1.767
6091,0.561,1.683
6092,0.628,1.884
6093,1.152,3.456
6094,0.353,1.059
6095,0.098,0.294
6096,0.152,0.456
6097,0.116,0.348
6098,0.143,0.429
6099,0.195,0.585
6100,0.118,0.354
6101,0.312,0.936
6102,0.271,0.813
6103,0.27,0.81
6104,0.241,0.723
6105,0.24,0.72
6106,0.357,1.071
6107,0.334,1.002
6108,0.364,1.092
6109,0.255,0.765
6110,0.259,0.777
6111,0.687,2.061
6112,1.053,3.159
6113,0.48,1.44
6114,0.204,0.612
6115,0.241,0.723
6116,0.315,0.945
6117,0.228,0.684
6118,0.192,0.576
6119,0.141,0.423
6120,0.139,0.417
6121,0.138,0.414
6122,0.178,0.534
6123,0.142,0.426
6124,0.167,0.501
6125,0.605,1.815
6126,0.441,1.323
6127,0.331,0.993
6128,0.249,0.747
6129,0.237,0.711
6130,0.14,0.42
6131,0.142,0.426
6132,0.155,0.465
6133,0.152,0.456
6134,0.151,0.453
6135,0.161,0.483
6136,0.429,1.287
6137,0.299,0.897
6138,0.33,0.99
6139,0.387,1.161
6140,0.279,0.837
6141,0.14,0.42
6142,0.099,0.297
6143,0.112,0.336
6144,0.109,0.327
6145,0.099,0.297
6146,0.13,0.39
6147,0.128,0.384
6148,0.127,0.381
6149,0.157,0.471
6150,0.264,0.792
6151,0.342,1.026
6152,0.262,0.786
6153,0.256,0.768
6154,0.168,0.504
6155,0.444,1.332
6156,0.232,0.696
6157,0.231,0.693
6158,0.25,0.75
6159,0.482,1.446
6160,0.856,2.568
6161,0.692,2.076
6162,0.681,2.043
6163,0.534,1.602
6164,0.458,1.374
6165,0.408,1.224
6166,0.136,0.408
6167,0.119,0.357
6168,0.098,0.294
6169,0.099,0.297
6170,0.11,0.33
6171,0.11,0.33
6172,0.112,0.336
6173,1.135,3.405
6174,0.562,1.686
6175,0.344,1.032
6176,0.244,0.732
6177,0.254,0.762
6178,0.465,1.395
6179,0.235,0.705
6180,0.145,0.435
6181,0.146,0.438
6182,0.213,0.639
6183,0.321,0.963
6184,0.431,1.293
6185,0.328,0.984
6186,0.448,1.344
6187,0.31,0.93
6188,0.441,1.323
6189,0.367,1.101
6190,0.358,1.074
6191,0.139,0.417
6192,0.144,0.432
6193,0.132,0.396
6194,0.143,0.429
6195,0.24,0.72
6196,0.169,0.507
6197,0.193,0.579
6198,0.357,1.071
6199,0.275,0.825
6200,0.327,0.981
6201,0.282,0.846
6202,0.338,1.014
6203,0.398,1.194
6204,0.341,1.023
6205,0.338,1.014
6206,0.328,0.984
6207,0.503,1.509
6208,0.33,0.99
6209,0.409,1.227
6210,0.508,1.524
6211,0.538,1.614
6212,0.706,2.118
6213,0.588,1.764
6214,0.384,1.152
6215,0.257,0.771
6216,0.194,0.582
6217,0.184,0.552
6218,0.176,0.528
6219,0.171,0.513
6220,0.164,0.492
6221,0.171,0.513
6222,0.205,0.615
6223,0.172,0.516
6224,0.371,1.113
6225,0.434,1.302
6226,1.009,3.027
6227,0.645,1.935
6228,0.668,2.004
6229,2.3449999,5.098245127
6230,1.653,4.959
6231,0.374,1.122
6232,0.34,1.02
6233,0.604,1.812
6234,0.628,1.884
6235,0.511,1.533
6236,0.487,1.461
6237,0.213,0.639
6238,0.154,0.462
6239,0.137,0.411
6240,0.137,0.411
6241,0.137,0.411
6242,0.145,0.435
6243,0.172,0.516
6244,0.132,0.396
6245,0.209,0.627
6246,0.139,0.417
6247,0.321,0.963
6248,0.307,0.921
6249,0.18,0.54
6250,0.144,0.432
6251,0.148,0.444
6252,0.152,0.456
6253,0.146,0.438
6254,1.096,3.288
6255,0.944,2.832
6256,0.468,1.404
6257,0.475,1.425
6258,0.568,1.704
6259,0.692,2.076
6260,0.494,1.482
6261,0.404,1.212
6262,0.109,0.327
6263,0.122,0.366
6264,0.106,0.318
6265,0.122,0.366
6266,0.117,0.351
6267,0.143,0.429
6268,0.108,0.324
6269,0.132,0.396
6270,0.107,0.321
6271,0.222,0.666
6272,0.17,0.51
6273,0.201,0.603
6274,0.142,0.426
6275,0.136,0.408
6276,0.155,0.465
6277,0.305,0.915
6278,0.303,0.909
6279,0.253,0.759
6280,0.799,2.397
6281,0.559,1.677
6282,0.462,1.386
6283,0.432,1.296
6284,0.135,0.405
6285,0.111,0.333
6286,0.103,0.309
6287,0.098,0.294
6288,0.115,0.345
6289,0.101,0.303
6290,0.133,0.399
6291,0.107,0.321
6292,0.164,0.492
6293,0.16,0.48
6294,0.335,1.005
6295,0.288,0.864
6296,0.244,0.732
6297,0.228,0.684
6298,0.146,0.438
6299,0.152,0.456
6300,0.237,0.711
6301,0.333,0.999
6302,0.246,0.738
6303,0.196,0.588
6304,0.18,0.54
6305,0.221,0.663
6306,0.487,1.461
6307,0.665,1.995
6308,0.504,1.512
6309,0.35,1.05
6310,0.147,0.441
6311,0.137,0.411
6312,0.139,0.417
6313,0.135,0.405
6314,0.13,0.39
6315,0.173,0.519
6316,0.174,0.522
6317,0.245,0.735
6318,0.328,0.984
6319,0.122,0.366
6320,0.153,0.459
6321,0.33,0.99
6322,0.214,0.642
6323,0.129,0.387
6324,0.912,2.736
6325,0.248,0.744
6326,0.236,0.708
6327,0.231,0.693
6328,0.234,0.702
6329,0.375,1.125
6330,1.635,4.905
6331,0.658,1.974
6332,0.468,1.404
6333,0.2,0.6
6334,0.126,0.378
6335,0.127,0.381
6336,0.126,0.378
6337,0.127,0.381
6338,0.563,1.689
6339,0.438,1.314
6340,0.369,1.107
6341,0.317,0.951
6342,0.301,0.903
6343,0.863,2.589
6344,0.329,0.987
6345,0.305,0.915
6346,0.175,0.525
6347,0.13,0.39
6348,0.203,0.609
6349,0.227,0.681
6350,0.376,1.128
6351,0.23,0.69
6352,0.311,0.933
6353,0.539,1.617
6354,0.658,1.974
6355,0.474,1.422
6356,0.495,1.485
6357,0.371,1.113
6358,0.197,0.591
6359,0.159,0.477
6360,0.158,0.474
6361,0.156,0.468
6362,0.344,1.032
6363,0.173,0.519
6364,0.187,0.561
6365,0.192,0.576
6366,0.371,1.113
6367,0.272,0.816
6368,0.258,0.774
6369,0.329,0.987
6370,0.225,0.675
6371,0.328,0.984
6372,0.377,1.131
6373,0.225,0.675
6374,0.235,0.705
6375,0.361,1.083
6376,0.334,1.002
6377,0.365,1.095
6378,0.544,1.632
6379,0.466,1.398
6380,0.46,1.38
6381,0.214,0.642
6382,0.122,0.366
6383,0.116,0.348
6384,0.122,0.366
6385,0.125,0.375
6386,0.649,1.947
6387,0.834,2.502
6388,0.417,1.251
6389,0.364,1.092
6390,0.979,2.937
6391,0.312,0.936
6392,0.229,0.687
6393,0.157,0.471
6394,0.124,0.372
6395,0.119,0.357
6396,0.139,0.417
6397,2.222,5.323761972
6398,1.549,4.647
6399,0.548,1.644
6400,0.316,0.948
6401,0.599,1.797
6402,0.418,1.254
6403,0.429,1.287
6404,0.402,1.206
6405,0.374,1.122
6406,0.131,0.393
6407,0.091,0.273
6408,0.096,0.288
6409,0.093,0.279
6410,0.145,0.435
6411,0.161,0.483
6412,0.366,1.098
6413,0.374,1.122
6414,0.208,0.624
6415,0.109,0.327
6416,0.116,0.348
6417,0.254,0.762
6418,0.204,0.612
6419,0.244,0.732
6420,0.325,0.975
6421,0.203,0.609
6422,0.403,1.209
6423,0.942,2.826
6424,1.16,3.48
6425,0.466,1.398
6426,0.621,1.863
6427,0.467,1.401
6428,0.291,0.873
6429,0.095,0.285
6430,0.091,0.273
6431,0.09,0.27
6432,0.095,0.285
6433,0.092,0.276
6434,0.185,0.555
6435,0.16,0.48
6436,0.188,0.564
6437,0.184,0.552
6438,0.17,0.51
6439,0.304,0.912
6440,0.171,0.513
6441,0.3,0.9
6442,0.147,0.441
6443,0.127,0.381
6444,0.182,0.546
6445,0.215,0.645
6446,0.357,1.071
6447,0.467,1.401
6448,0.467,1.401
6449,0.44,1.32
6450,0.859,2.577
6451,0.419,1.257
6452,0.527,1.581
6453,0.196,0.588
6454,0.099,0.297
6455,0.088,0.264
6456,0.092,0.276
6457,0.095,0.285
6458,0.372,1.116
6459,0.091,0.273
6460,0.209,0.627
6461,0.239,0.717
6462,0.217,0.651
6463,0.226,0.678
6464,0.237,0.711
6465,0.321,0.963
6466,0.211,0.633
6467,0.147,0.441
6468,0.142,0.426
6469,0.136,0.408
6470,0.148,0.444
6471,0.231,0.693
6472,0.388,1.164
6473,0.315,0.945
6474,0.605,1.815
6475,0.651,1.953
6476,0.533,1.599
6477,0.441,1.323
6478,0.266,0.798
6479,0.192,0.576
6480,0.19,0.57
6481,0.189,0.567
6482,0.231,0.693
6483,0.201,0.603
6484,0.188,0.564
6485,0.231,0.693
6486,0.317,0.951
6487,0.319,0.957
6488,0.419,1.257
6489,0.415,1.245
6490,0.295,0.885
6491,0.317,0.951
6492,0.294,0.882
6493,0.329,0.987
6494,0.331,0.993
6495,0.273,0.819
6496,1.9660001,5.039348957
6497,1.327,3.981
6498,0.492,1.476
6499,0.6,1.8
6500,0.551,1.653
6501,0.334,1.002
6502,0.141,0.423
6503,0.141,0.423
6504,0.147,0.441
6505,0.156,0.468
6506,0.184,0.552
6507,0.228,0.684
6508,0.186,0.558
6509,0.529,1.587
6510,0.743,2.229
6511,0.373,1.119
6512,0.248,0.744
6513,1.38,4.14
6514,0.601,1.803
6515,0.386,1.158
6516,0.339,1.017
6517,0.38,1.14
6518,0.406,1.218
6519,0.513,1.539
6520,0.496,1.488
6521,0.506,1.518
6522,0.696,2.088
6523,0.547,1.641
6524,0.532,1.596
6525,0.441,1.323
6526,0.132,0.396
6527,0.138,0.414
6528,0.148,0.444
6529,0.136,0.408
6530,0.363,1.089
6531,0.258,0.774
6532,0.252,0.756
6533,0.269,0.807
6534,0.336,1.008
6535,0.238,0.714
6536,0.205,0.615
6537,0.258,0.774
6538,0.711,2.133
6539,0.317,0.951
6540,0.247,0.741
6541,0.262,0.786
6542,0.455,1.365
6543,0.435,1.305
6544,0.91,2.73
6545,0.455,1.365
6546,0.582,1.746
6547,0.506,1.518
6548,0.772,2.316
6549,0.566,1.698
6550,1.004,3.012
6551,0.676,2.028
6552,1.723,5.182522337
6553,0.128,0.384
6554,0.095,0.285
6555,0.099,0.297
6556,0.155,0.465
6557,0.125,0.375
6558,1.47,4.41
6559,1.861,5.220363944
6560,1.528,4.584
6561,1.524,4.572
6562,2.8430001,5.030617388
6563,1.199,3.597
6564,0.473,1.419
6565,0.376,1.128
6566,0.415,1.245
6567,0.437,1.311
6568,1.115,3.345
6569,0.703,2.109
6570,0.57,1.71
6571,0.561,1.683
6572,0.22,0.66
6573,0.152,0.456
6574,0.182,0.546
6575,0.143,0.429
6576,0.154,0.462
6577,0.142,0.426
6578,0.28,0.84
6579,0.204,0.612
6580,0.207,0.621
6581,0.425,1.275
6582,0.227,0.681
6583,0.284,0.852
6584,0.267,0.801
6585,0.299,0.897
6586,0.446,1.338
6587,0.258,0.774
6588,0.289,0.867
6589,0.354,1.062
6590,0.254,0.762
6591,1.057,3.171
6592,1.683,5.049
6593,0.669,2.007
6594,0.968,2.904
6595,1.6639999,4.9919997
6596,0.45,1.35
6597,0.254,0.762
6598,0.195,0.585
6599,0.164,0.492
6600,0.152,0.456
6601,0.149,0.447
6602,0.147,0.441
6603,0.486,1.458
6604,0.271,0.813
6605,0.49,1.47
6606,0.292,0.876
6607,0.217,0.651
6608,0.276,0.828
6609,0.435,1.305
6610,0.225,0.675
6611,0.595,1.785
6612,0.316,0.948
6613,0.474,1.422
6614,0.308,0.924
6615,0.317,0.951
6616,0.524,1.572
6617,0.538,1.614
6618,0.506,1.518
6619,0.458,1.374
6620,0.338,1.014
6621,0.33,0.99
6622,0.208,0.624
6623,0.13,0.39
6624,0.126,0.378
6625,0.13,0.39
6626,0.13,0.39
6627,0.152,0.456
6628,0.25,0.75
6629,0.181,0.543
6630,0.344,1.032
6631,0.286,0.858
6632,0.278,0.834
6633,0.23,0.69
6634,0.352,1.056
6635,0.25,0.75
6636,0.416,1.248
6637,1.361,4.083
6638,0.256,0.768
6639,1.3,3.9
6640,0.417,1.251
6641,0.366,1.098
6642,0.391,1.173
6643,0.61,1.83
6644,0.365,1.095
6645,0.142,0.426
6646,0.134,0.402
6647,0.131,0.393
6648,0.132,0.396
6649,0.119,0.357
6650,0.147,0.441
6651,0.157,0.471
6652,0.136,0.408
6653,0.298,0.894
6654,0.155,0.465
6655,0.225,0.675
6656,0.377,1.131
6657,0.32,0.96
6658,0.416,1.248
6659,0.45,1.35
6660,0.319,0.957
6661,0.553,1.659
6662,0.778,2.334
6663,0.754,2.262
6664,0.496,1.488
6665,0.631,1.893
6666,0.531,1.593
6667,0.512,1.536
6668,0.492,1.476
6669,0.408,1.224
6670,0.238,0.714
6671,0.133,0.399
6672,0.132,0.396
6673,0.133,0.399
6674,0.186,0.558
6675,0.133,0.399
6676,0.365,1.095
6677,0.287,0.861
6678,0.152,0.456
6679,0.146,0.438
6680,0.15,0.45
6681,0.295,0.885
6682,0.193,0.579
6683,0.307,0.921
6684,0.259,0.777
6685,0.312,0.936
6686,0.343,1.029
6687,0.328,0.984
6688,0.604,1.812
6689,0.459,1.377
6690,0.509,1.527
6691,0.602,1.806
6692,0.436,1.308
6693,0.215,0.645
6694,0.141,0.423
6695,0.138,0.414
6696,0.127,0.381
6697,0.124,0.372
6698,0.13,0.39
6699,0.261,0.783
6700,0.257,0.771
6701,1.022,3.066
6702,0.675,2.025
6703,0.467,1.401
6704,0.351,1.053
6705,0.419,1.257
6706,0.356,1.068
6707,0.332,0.996
6708,1.016,3.048
6709,0.347,1.041
6710,0.322,0.966
6711,0.374,1.122
6712,0.19,0.57
6713,0.142,0.426
6714,0.477,1.431
6715,0.53,1.59
6716,2.816,5.16321091
6717,1.945,4.877790464
6718,1.374,4.122
6719,0.487,1.461
6720,0.197,0.591
6721,0.11,0.33
6722,0.106,0.318
6723,0.105,0.315
6724,0.103,0.309
6725,0.135,0.405
6726,0.153,0.459
6727,0.348,1.044
6728,0.787,2.361
6729,1.427,4.281
6730,3.611,4.97073351
6731,1.095,3.285
6732,0.31,0.93
6733,0.258,0.774
6734,0.234,0.702
6735,0.521,1.563
6736,1.982,4.87778792
6737,0.722,2.166
6738,0.637,1.911
6739,0.512,1.536
6740,0.505,1.515
6741,0.404,1.212
6742,0.181,0.543
6743,0.129,0.387
6744,0.126,0.378
6745,0.112,0.336
6746,0.116,0.348
6747,0.2,0.6
6748,0.202,0.606
6749,0.347,1.041
6750,0.4,1.2
6751,0.423,1.269
6752,0.347,1.041
6753,0.342,1.026
6754,0.358,1.074
6755,0.184,0.552
6756,0.276,0.828
6757,0.25,0.75
6758,0.435,1.305
6759,0.324,0.972
6760,0.656,1.968
6761,0.695,2.085
6762,0.56,1.68
6763,0.553,1.659
6764,0.3,0.9
6765,0.212,0.636
6766,0.134,0.402
6767,0.167,0.501
6768,0.123,0.369
6769,0.125,0.375
6770,0.123,0.369
6771,0.369,1.107
6772,0.313,0.939
6773,0.458,1.374
6774,0.327,0.981
6775,0.265,0.795
6776,0.282,0.846
6777,0.204,0.612
6778,0.386,1.158
6779,0.342,1.026
6780,0.314,0.942
6781,0.391,1.173
6782,0.371,1.113
6783,0.356,1.068
6784,0.475,1.425
6785,0.456,1.368
6786,0.288,0.864
6787,0.506,1.518
6788,0.573,1.719
6789,0.448,1.344
6790,0.18,0.54
6791,0.124,0.372
6792,0.124,0.372
6793,0.122,0.366
6794,0.118,0.354
6795,0.112,0.336
6796,0.141,0.423
6797,0.327,0.981
6798,0.546,1.638
6799,0.258,0.774
6800,0.744,2.232
6801,0.132,0.396
6802,0.262,0.786
6803,0.236,0.708
6804,0.401,1.203
6805,0.221,0.663
6806,0.353,1.059
6807,0.336,1.008
6808,0.753,2.259
6809,0.577,1.731
6810,0.584,1.752
6811,0.658,1.974
6812,0.594,1.782
6813,0.231,0.693
6814,0.13,0.39
6815,0.144,0.432
6816,0.137,0.411
6817,0.119,0.357
6818,0.107,0.321
6819,0.117,0.351
6820,0.624,1.872
6821,0.812,2.436
6822,0.349,1.047
6823,0.363,1.089
6824,0.357,1.071
6825,0.3,0.9
6826,1.191,3.573
6827,1.388,4.164
6828,0.937,2.811
6829,0.427,1.281
6830,0.283,0.849
6831,0.292,0.876
6832,1.183,3.549
6833,1.152,3.456
6834,0.69,2.07
6835,0.813,2.439
6836,0.568,1.704
6837,0.218,0.654
6838,0.106,0.318
6839,0.109,0.327
6840,0.107,0.321
6841,0.107,0.321
6842,0.136,0.408
6843,0.103,0.309
6844,0.713,2.139
6845,0.332,0.996
6846,0.411,1.233
6847,0.248,0.744
6848,0.174,0.522
6849,0.396,1.188
6850,0.299,0.897
6851,0.381,1.143
6852,0.384,1.152
6853,0.338,1.014
6854,0.294,0.882
6855,0.429,1.287
6856,0.519,1.557
6857,0.564,1.692
6858,0.578,1.734
6859,0.513,1.539
6860,0.545,1.635
6861,0.329,0.987
6862,0.238,0.714
6863,0.174,0.522
6864,0.154,0.462
6865,0.151,0.453
6866,0.127,0.381
6867,0.148,0.444
6868,0.642,1.926
6869,0.199,0.597
6870,0.227,0.681
6871,0.26,0.78
6872,0.442,1.326
6873,0.284,0.852
6874,0.33,0.99
6875,0.252,0.756
6876,0.403,1.209
6877,0.233,0.699
6878,0.253,0.759
6879,0.227,0.681
6880,0.526,1.578
6881,0.49,1.47
6882,0.579,1.737
6883,0.691,2.073
6884,0.514,1.542
6885,0.418,1.254
6886,0.126,0.378
6887,0.126,0.378
6888,0.12,0.36
6889,0.102,0.306
6890,0.126,0.378
6891,0.313,0.939
6892,0.631,1.893
6893,0.514,1.542
6894,0.869,2.607
6895,1.958,4.89956357
6896,1.937,4.966988332
6897,1.9530001,5.06223007
6898,3.067,4.86278025
6899,1.923,4.846066174
6900,0.639,1.917
6901,0.57,1.71
6902,0.702,2.106
6903,0.364,1.092
6904,0.998,2.994
6905,0.875,2.625
6906,0.786,2.358
6907,0.649,1.947
6908,0.57,1.71
6909,0.341,1.023
6910,0.206,0.618
6911,0.126,0.378
6912,0.126,0.378
6913,0.126,0.378
6914,0.108,0.324
6915,0.126,0.378
6916,0.279,0.837
6917,0.377,1.131
6918,1.097,3.291
6919,0.202,0.606
6920,0.316,0.948
6921,0.412,1.236
6922,0.276,0.828
6923,0.288,0.864
6924,0.371,1.113
6925,0.35,1.05
6926,0.232,0.696
6927,0.257,0.771
6928,1.314,3.942
6929,0.537,1.611
6930,0.583,1.749
6931,0.555,1.665
6932,0.44,1.32
6933,0.178,0.534
6934,0.147,0.441
6935,0.129,0.387
6936,0.121,0.363
6937,0.13,0.39
6938,0.141,0.423
6939,0.138,0.414
6940,0.346,1.038
6941,0.383,1.149
6942,0.454,1.362
6943,0.331,0.993
6944,0.259,0.777
6945,0.263,0.789
6946,0.333,0.999
6947,0.281,0.843
6948,0.386,1.158
6949,0.222,0.666
6950,0.377,1.131
6951,1.914,4.972272469
6952,0.792,2.376
6953,0.636,1.908
6954,0.631,1.893
6955,0.522,1.566
6956,0.567,1.701
6957,0.52,1.56
6958,0.269,0.807
6959,0.131,0.393
6960,0.135,0.405
6961,0.137,0.411
6962,0.143,0.429
6963,0.384,1.152
6964,0.318,0.954
6965,0.391,1.173
6966,0.333,0.999
6967,0.276,0.828
6968,0.378,1.134
6969,0.275,0.825
6970,0.331,0.993
6971,0.246,0.738
6972,0.304,0.912
6973,0.378,1.134
6974,0.244,0.732
6975,0.24,0.72
6976,1.905,5.010711745
6977,0.516,1.548
6978,0.657,1.971
6979,0.467,1.401
6980,0.225,0.675
6981,0.133,0.399
6982,0.133,0.399
6983,0.135,0.405
6984,0.133,0.399
6985,0.132,0.396
6986,0.13,0.39
6987,0.128,0.384
6988,0.4,1.2
6989,0.522,1.566
6990,0.629,1.887
6991,0.611,1.833
6992,0.407,1.221
6993,0.375,1.125
6994,0.231,0.693
6995,0.208,0.624
6996,0.28,0.84
6997,0.351,1.053
6998,0.281,0.843
6999,1.7149999,4.95776606
7000,1.085,3.255
7001,1.082,3.246
7002,0.818,2.454
7003,0.724,2.172
7004,0.886,2.658
7005,0.376,1.128
7006,0.196,0.588
7007,0.157,0.471
7008,0.16,0.48
7009,0.171,0.513
7010,0.18,0.54
7011,0.175,0.525
7012,0.47,1.41
7013,0.325,0.975
7014,0.645,1.935
7015,0.405,1.215
7016,0.273,0.819
7017,0.381,1.143
7018,0.311,0.933
7019,0.336,1.008
7020,0.469,1.407
7021,0.276,0.828
7022,0.253,0.759
7023,0.42,1.26
7024,0.408,1.224
7025,1.584,4.752
7026,0.494,1.482
7027,1.118,3.354
7028,0.416,1.248
7029,0.194,0.582
7030,0.134,0.402
7031,0.136,0.408
7032,0.131,0.393
7033,0.134,0.402
7034,0.131,0.393
7035,0.12,0.36
7036,0.8,2.4
7037,0.353,1.059
7038,0.405,1.215
7039,0.252,0.756
7040,0.224,0.672
7041,0.211,0.633
7042,0.296,0.888
7043,0.405,1.215
7044,0.221,0.663
7045,0.17,0.51
7046,0.238,0.714
7047,0.279,0.837
7048,0.375,1.125
7049,0.544,1.632
7050,0.416,1.248
7051,0.429,1.287
7052,0.544,1.632
7053,0.506,1.518
7054,0.442,1.326
7055,0.226,0.678
7056,0.132,0.396
7057,0.155,0.465
7058,0.127,0.381
7059,0.13,0.39
7060,0.125,0.375
7061,0.438,1.314
7062,0.15,0.45
7063,0.171,0.513
7064,0.369,1.107
7065,1.72,4.939521556
7066,3.627,5.185628782
7067,3.269,4.930938285
7068,1.028,3.084
7069,0.492,1.476
7070,0.407,1.221
7071,0.458,1.374
7072,0.68,2.04
7073,0.568,1.704
7074,0.886,2.658
7075,0.917,2.751
7076,0.652,1.956
7077,0.723,2.169
7078,0.201,0.603
7079,0.129,0.387
7080,0.127,0.381
7081,0.126,0.378
7082,0.157,0.471
7083,0.124,0.372
7084,0.21,0.63
7085,0.907,2.721
7086,0.479,1.437
7087,0.333,0.999
7088,0.164,0.492
7089,0.379,1.137
7090,0.252,0.756
7091,0.322,0.966
7092,0.412,1.236
7093,0.303,0.909
7094,0.419,1.257
7095,0.336,1.008
7096,1.413,4.239
7097,0.719,2.157
7098,0.774,2.322
7099,0.919,2.757
7100,0.608,1.824
7101,0.532,1.596
7102,0.368,1.104
7103,0.145,0.435
7104,0.136,0.408
7105,0.138,0.414
7106,0.148,0.444
7107,0.13,0.39
7108,0.495,1.485
7109,0.83,2.49
7110,0.526,1.578
7111,0.239,0.717
7112,0.188,0.564
7113,0.305,0.915
7114,0.295,0.885
7115,0.572,1.716
7116,0.39,1.17
7117,0.258,0.774
7118,0.248,0.744
7119,0.504,1.512
7120,0.441,1.323
7121,0.544,1.632
7122,0.338,1.014
7123,0.481,1.443
7124,0.869,2.607
7125,0.564,1.692
7126,0.651,1.953
7127,0.145,0.435
7128,0.133,0.399
7129,0.136,0.408
7130,0.128,0.384
7131,0.121,0.363
7132,0.131,0.393
7133,0.562,1.686
7134,0.506,1.518
7135,0.513,1.539
7136,0.489,1.467
7137,0.665,1.995
7138,0.452,1.356
7139,0.314,0.942
7140,0.234,0.702
7141,0.426,1.278
7142,0.273,0.819
7143,0.334,1.002
7144,0.577,1.731
7145,2.3380001,5.113833673
7146,0.549,1.647
7147,0.671,2.013
7148,0.525,1.575
7149,0.374,1.122
7150,0.133,0.399
7151,0.134,0.402
7152,0.132,0.396
7153,0.134,0.402
7154,0.133,0.399
7155,0.159,0.477
7156,0.338,1.014
7157,0.703,2.109
7158,0.715,2.145
7159,0.285,0.855
7160,0.322,0.966
7161,0.318,0.954
7162,0.287,0.861
7163,0.381,1.143
7164,0.556,1.668
7165,0.712,2.136
7166,0.249,0.747
7167,0.194,0.582
7168,0.822,2.466
7169,0.885,2.655
7170,0.863,2.589
7171,0.619,1.857
7172,0.62,1.86
7173,0.437,1.311
7174,0.204,0.612
7175,0.126,0.378
7176,0.123,0.369
7177,0.155,0.465
7178,0.112,0.336
7179,0.134,0.402
7180,0.528,1.584
7181,1.047,3.141
7182,0.317,0.951
7183,0.25,0.75
7184,0.391,1.173
7185,0.251,0.753
7186,0.366,1.098
7187,0.351,1.053
7188,0.435,1.305
7189,0.236,0.708
7190,0.259,0.777
7191,0.266,0.798
7192,0.411,1.233
7193,0.714,2.142
7194,0.559,1.677
7195,0.317,0.951
7196,0.551,1.653
7197,0.541,1.623
7198,0.402,1.206
7199,0.203,0.609
7200,0.14,0.42
7201,0.107,0.321
7202,0.13,0.39
7203,0.217,0.651
7204,0.674,2.022
7205,0.219,0.657
7206,0.326,0.978
7207,0.27,0.81
7208,0.292,0.876
7209,0.255,0.765
7210,0.366,1.098
7211,0.331,0.993
7212,0.31,0.93
7213,0.27,0.81
7214,0.261,0.783
7215,0.38,1.14
7216,0.244,0.732
7217,0.371,1.113
7218,0.285,0.855
7219,0.504,1.512
7220,0.383,1.149
7221,0.326,0.978
7222,0.219,0.657
7223,0.113,0.339
7224,0.113,0.339
7225,0.132,0.396
7226,0.135,0.405
7227,0.112,0.336
7228,0.542,1.626
7229,0.295,0.885
7230,0.255,0.765
7231,0.281,0.843
7232,1.72,4.955342754
7233,1.067,3.201
7234,1.442,4.326
7235,1.145,3.435
7236,3.375,5.057187756
7237,1.778,4.974801444
7238,0.562,1.686
7239,0.387,1.161
7240,0.4,1.2
7241,0.639,1.917
7242,0.569,1.707
7243,0.505,1.515
7244,0.502,1.506
7245,0.662,1.986
7246,0.525,1.575
7247,0.324,0.972
7248,0.108,0.324
7249,0.118,0.354
7250,0.112,0.336
7251,0.109,0.327
7252,0.126,0.378
7253,0.458,1.374
7254,0.31,0.93
7255,0.461,1.383
7256,0.188,0.564
7257,0.338,1.014
7258,0.28,0.84
7259,0.315,0.945
7260,0.164,0.492
7261,0.195,0.585
7262,1.003,3.009
7263,0.692,2.076
7264,0.161,0.483
7265,2.432,5.190522093
7266,1.399,4.197
7267,0.867,2.601
7268,0.876,2.628
7269,0.677,2.031
7270,0.676,2.028
7271,0.227,0.681
7272,0.126,0.378
7273,0.103,0.309
7274,0.131,0.393
7275,0.107,0.321
7276,0.123,0.369
7277,0.104,0.312
7278,0.394,1.182
7279,0.584,1.752
7280,1.217,3.651
7281,0.381,1.143
7282,0.417,1.251
7283,0.307,0.921
7284,0.511,1.533
7285,0.276,0.828
7286,0.275,0.825
7287,0.456,1.368
7288,1.6009999,4.8029997
7289,1.085,3.255
7290,0.793,2.379
7291,0.658,1.974
7292,0.735,2.205
7293,0.638,1.914
7294,0.443,1.329
7295,0.16,0.48
7296,0.126,0.378
7297,0.124,0.372
7298,0.108,0.324
7299,0.133,0.399
7300,0.111,0.333
7301,0.631,1.893
7302,0.3,0.9
7303,0.709,2.127
7304,0.344,1.032
7305,0.417,1.251
7306,0.314,0.942
7307,0.364,1.092
7308,0.206,0.618
7309,0.305,0.915
7310,0.268,0.804
7311,0.206,0.618
7312,0.631,1.893
7313,0.378,1.134
7314,0.315,0.945
7315,0.59,1.77
7316,0.524,1.572
7317,0.618,1.854
7318,0.465,1.395
7319,0.135,0.405
7320,0.137,0.411
7321,0.113,0.339
7322,0.169,0.507
7323,0.129,0.387
7324,0.104,0.312
7325,0.629,1.887
7326,0.378,1.134
7327,0.363,1.089
7328,0.356,1.068
7329,0.383,1.149
7330,0.297,0.891
7331,0.291,0.873
7332,0.239,0.717
7333,0.247,0.741
7334,0.232,0.696
7335,0.364,1.092
7336,1.715,4.903857622
7337,0.667,2.001
7338,0.564,1.692
7339,0.436,1.308
7340,0.558,1.674
7341,0.454,1.362
7342,0.554,1.662
7343,0.147,0.441
7344,0.107,0.321
7345,0.124,0.372
7346,0.121,0.363
7347,0.107,0.321
7348,0.122,0.366
7349,0.336,1.008
7350,0.25,0.75
7351,0.259,0.777
7352,0.258,0.774
7353,0.413,1.239
7354,0.298,0.894
7355,0.257,0.771
7356,0.33,0.99
7357,0.24,0.72
7358,0.381,1.143
7359,0.26,0.78
7360,0.276,0.828
7361,0.236,0.708
7362,0.299,0.897
7363,0.428,1.284
7364,0.435,1.305
7365,0.937,2.811
7366,0.553,1.659
7367,0.246,0.738
7368,0.163,0.489
7369,0.108,0.324
7370,0.425,1.275
7371,0.131,0.393
7372,0.117,0.351
7373,0.148,0.444
7374,0.441,1.323
7375,0.598,1.794
7376,0.274,0.822
7377,0.157,0.471
7378,0.122,0.366
7379,0.186,0.558
7380,0.234,0.702
7381,0.292,0.876
7382,0.512,1.536
7383,0.793,2.379
7384,0.882,2.646
7385,0.576,1.728
7386,0.399,1.197
7387,0.398,1.194
7388,0.549,1.647
7389,0.371,1.113
7390,0.317,0.951
7391,0.434,1.302
7392,0.422,1.266
7393,0.151,0.453
7394,0.13,0.39
7395,0.113,0.339
7396,0.107,0.321
7397,0.123,0.369
7398,0.369,1.107
7399,0.693,2.079
7400,0.857,2.571
7401,0.695,2.085
7402,0.824,2.472
7403,0.393,1.179
7404,0.211,0.633
7405,0.349,1.047
7406,0.417,1.251
7407,0.381,1.143
7408,0.375,1.125
7409,1.558,4.674
7410,0.436,1.308
7411,0.439,1.317
7412,0.436,1.308
7413,0.434,1.302
7414,0.405,1.215
7415,0.173,0.519
7416,0.108,0.324
7417,0.115,0.345
7418,0.125,0.375
7419,0.114,0.342
7420,0.102,0.306
7421,0.51,1.53
7422,0.413,1.239
7423,0.278,0.834
7424,0.195,0.585
7425,0.374,1.122
7426,0.271,0.813
7427,0.345,1.035
7428,0.213,0.639
7429,0.256,0.768
7430,0.203,0.609
7431,0.134,0.402
7432,0.429,1.287
7433,0.497,1.491
7434,0.431,1.293
7435,0.897,2.691
7436,1.006,3.018
7437,0.729,2.187
7438,0.577,1.731
7439,0.518,1.554
7440,0.312,0.936
7441,0.337,1.011
7442,0.145,0.435
7443,0.148,0.444
7444,0.142,0.426
7445,0.452,1.356
7446,0.636,1.908
7447,0.4,1.2
7448,0.308,0.924
7449,0.4,1.2
7450,0.272,0.816
7451,0.371,1.113
7452,0.301,0.903
7453,0.625,1.875
7454,0.428,1.284
7455,0.377,1.131
7456,0.531,1.593
7457,0.774,2.322
7458,0.47,1.41
7459,0.472,1.416
7460,0.487,1.461
7461,0.452,1.356
7462,0.36,1.08
7463,0.266,0.798
7464,0.123,0.369
7465,0.128,0.384
7466,0.11,0.33
7467,0.132,0.396
7468,0.153,0.459
7469,0.418,1.254
7470,0.474,1.422
7471,0.479,1.437
7472,0.281,0.843
7473,0.149,0.447
7474,0.189,0.567
7475,0.233,0.699
7476,0.241,0.723
7477,0.248,0.744
7478,0.178,0.534
7479,0.21,0.63
7480,0.84,2.52
7481,0.973,2.919
7482,0.62,1.86
7483,0.606,1.818
7484,0.618,1.854
7485,0.65,1.95
7486,0.263,0.789
7487,0.111,0.333
7488,0.128,0.384
7489,0.129,0.387
7490,0.266,0.798
7491,0.181,0.543
7492,0.131,0.393
7493,0.572,1.716
7494,0.725,2.175
7495,0.42,1.26
7496,0.861,2.583
7497,0.261,0.783
7498,0.229,0.687
7499,0.227,0.681
7500,0.325,0.975
7501,0.259,0.777
7502,0.43,1.29
7503,0.316,0.948
7504,0.219,0.657
7505,0.601,1.803
7506,2.206,4.946501924
7507,1.518,4.554
7508,1.795,5.049710071
7509,0.694,2.082
7510,0.499,1.497
7511,0.285,0.855
7512,0.126,0.378
7513,0.127,0.381
7514,0.127,0.381
7515,0.157,0.471
7516,0.139,0.417
7517,0.121,0.363
7518,0.679,2.037
7519,0.504,1.512
7520,0.556,1.668
7521,0.338,1.014
7522,0.248,0.744
7523,0.246,0.738
7524,0.26,0.78
7525,0.386,1.158
7526,0.218,0.654
7527,0.219,0.657
7528,0.888,2.664
7529,0.775,2.325
7530,0.607,1.821
7531,0.907,2.721
7532,0.925,2.775
7533,0.457,1.371
7534,0.433,1.299
7535,0.186,0.558
7536,0.173,0.519
7537,0.132,0.396
7538,0.139,0.417
7539,0.125,0.375
7540,0.125,0.375
7541,0.805,2.415
7542,0.797,2.391
7543,0.648,1.944
7544,0.606,1.818
7545,0.391,1.173
7546,0.337,1.011
7547,0.379,1.137
7548,0.275,0.825
7549,0.357,1.071
7550,0.202,0.606
7551,0.33,0.99
7552,0.3,0.9
7553,0.923,2.769
7554,1.042,3.126
7555,0.572,1.716
7556,0.482,1.446
7557,0.637,1.911
7558,1.342,4.026
7559,1.139,3.417
7560,0.68,2.04
7561,0.537,1.611
7562,0.239,0.717
7563,0.156,0.468
7564,0.102,0.306
7565,0.12,0.36
7566,0.286,0.858
7567,0.542,1.626
7568,0.783,2.349
7569,1.596,4.788
7570,1.428,4.284
7571,2.125,5.078156139
7572,2.545,5.080051072
7573,1.348,4.044
7574,0.497,1.491
7575,0.539,1.617
7576,0.709,2.127
7577,0.83,2.49
7578,0.491,1.473
7579,0.912,2.736
7580,0.814,2.442
7581,1.073,3.219
7582,1.44,4.32
7583,0.895,2.685
7584,0.281,0.843
7585,0.149,0.447
7586,0.138,0.414
7587,0.148,0.444
7588,0.136,0.408
7589,0.145,0.435
7590,0.839,2.517
7591,0.836,2.508
7592,0.156,0.468
7593,0.256,0.768
7594,0.238,0.714
7595,0.243,0.729
7596,0.306,0.918
7597,0.235,0.705
7598,0.221,0.663
7599,0.87,2.61
7600,1.611,4.833
7601,0.648,1.944
7602,1.3040001,3.9120003
7603,0.95,2.85
7604,1.556,4.668
7605,0.832,2.496
7606,0.581,1.743
7607,0.611,1.833
7608,1.458,4.374
7609,0.207,0.621
7610,0.175,0.525
7611,0.168,0.504
7612,0.152,0.456
7613,0.839,2.517
7614,0.884,2.652
7615,0.503,1.509
7616,0.367,1.101
7617,0.585,1.755
7618,0.319,0.957
7619,0.456,1.368
7620,0.542,1.626
7621,1.407,4.221
7622,0.659,1.977
7623,0.522,1.566
7624,0.794,2.382
7625,0.601,1.803
7626,0.557,1.671
7627,0.771,2.313
7628,0.584,1.752
7629,0.61,1.83
7630,0.689,2.067
7631,0.745,2.235
7632,0.2,0.6
7633,0.14,0.42
7634,0.148,0.444
7635,0.136,0.408
7636,0.132,0.396
7637,0.128,0.384
7638,0.225,0.675
7639,0.526,1.578
7640,0.455,1.365
7641,0.328,0.984
7642,0.256,0.768
7643,0.346,1.038
7644,0.242,0.726
7645,0.378,1.134
7646,0.25,0.75
7647,0.451,1.353
7648,0.442,1.326
7649,1.103,3.309
7650,2.563,5.153100246
7651,0.681,2.043
7652,0.561,1.683
7653,0.569,1.707
7654,0.481,1.443
7655,0.226,0.678
7656,0.143,0.429
7657,0.117,0.351
7658,0.143,0.429
7659,0.121,0.363
7660,0.538,1.614
7661,1.324,3.972
7662,0.346,1.038
7663,0.319,0.957
7664,0.484,1.452
7665,0.176,0.528
7666,0.142,0.426
7667,0.172,0.516
7668,0.174,0.522
7669,0.244,0.732
7670,0.24,0.72
7671,0.288,0.864
7672,0.559,1.677
7673,0.583,1.749
7674,1.273,3.819
7675,1.289,3.867
7676,0.994,2.982
7677,0.487,1.461
7678,0.458,1.374
7679,0.179,0.537
7680,0.115,0.345
7681,0.145,0.435
7682,0.123,0.369
7683,0.116,0.348
7684,0.173,0.519
7685,0.336,1.008
7686,0.59,1.77
7687,0.586,1.758
7688,0.66,1.98
7689,0.622,1.866
7690,0.332,0.996
7691,0.379,1.137
7692,0.227,0.681
7693,0.207,0.621
7694,0.321,0.963
7695,0.33,0.99
7696,0.483,1.449
7697,0.421,1.263
7698,0.624,1.872
7699,0.527,1.581
7700,0.725,2.175
7701,0.429,1.287
7702,0.254,0.762
7703,0.161,0.483
7704,0.137,0.411
7705,0.14,0.42
7706,0.33,0.99
7707,0.337,1.011
7708,0.512,1.536
7709,0.582,1.746
7710,0.503,1.509
7711,0.487,1.461
7712,0.533,1.599
7713,0.555,1.665
7714,0.212,0.636
7715,0.201,0.603
7716,0.216,0.648
7717,0.197,0.591
7718,0.195,0.585
7719,0.365,1.095
7720,0.283,0.849
7721,0.383,1.149
7722,0.288,0.864
7723,0.313,0.939
7724,0.341,1.023
7725,0.282,0.846
7726,0.308,0.924
7727,0.197,0.591
7728,0.139,0.417
7729,0.155,0.465
7730,0.164,0.492
7731,0.169,0.507
7732,0.127,0.381
7733,0.16,0.48
7734,0.657,1.971
7735,0.653,1.959
7736,0.526,1.578
7737,0.458,1.374
7738,0.463,1.389
7739,0.715,2.145
7740,1.281,3.843
7741,2.2570001,4.951259395
7742,0.896,2.688
7743,0.678,2.034
7744,0.791,2.373
7745,0.928,2.784
7746,1.053,3.159
7747,0.946,2.838
7748,0.937,2.811
7749,0.936,2.808
7750,0.797,2.391
7751,0.837,2.511
7752,0.619,1.857
7753,0.122,0.366
7754,0.119,0.357
7755,0.143,0.429
7756,0.114,0.342
7757,0.466,1.398
7758,0.719,2.157
7759,0.457,1.371
7760,0.643,1.929
7761,0.287,0.861
7762,0.302,0.906
7763,0.272,0.816
7764,0.16,0.48
7765,0.244,0.732
7766,0.469,1.407
7767,0.329,0.987
7768,0.676,2.028
7769,1.01,3.03
7770,1.106,3.318
7771,0.528,1.584
7772,0.477,1.431
7773,0.706,2.118
7774,0.555,1.665
7775,0.494,1.482
7776,0.164,0.492
7777,0.157,0.471
7778,0.159,0.477
7779,0.163,0.489
7780,0.145,0.435
7781,0.343,1.029
7782,0.526,1.578
7783,0.458,1.374
7784,0.305,0.915
7785,0.448,1.344
7786,1.018,3.054
7787,0.397,1.191
7788,0.324,0.972
7789,0.316,0.948
7790,0.291,0.873
7791,0.541,1.623
7792,0.539,1.617
7793,0.522,1.566
7794,1.4319999,4.2959997
7795,1.233,3.699
7796,1.061,3.183
7797,0.851,2.553
7798,0.89,2.67
7799,0.234,0.702
7800,0.162,0.486
7801,0.139,0.417
7802,0.137,0.411
7803,0.139,0.417
7804,0.217,0.651
7805,0.222,0.666
7806,0.26,0.78
7807,0.78,2.34
7808,0.606,1.818
7809,0.519,1.557
7810,0.353,1.059
7811,1.471,4.413
7812,0.529,1.587
7813,0.599,1.797
7814,0.339,1.017
7815,0.343,1.029
7816,0.401,1.203
7817,0.498,1.494
7818,0.424,1.272
7819,0.4,1.2
7820,0.422,1.266
7821,0.65,1.95
7822,0.536,1.608
7823,0.493,1.479
7824,0.108,0.324
7825,0.085,0.255
7826,0.141,0.423
7827,0.086,0.258
7828,0.186,0.558
7829,0.138,0.414
7830,0.359,1.077
7831,0.274,0.822
7832,0.327,0.981
7833,0.326,0.978
7834,0.281,0.843
7835,0.414,1.242
7836,0.187,0.561
7837,0.164,0.492
7838,0.201,0.603
7839,0.452,1.356
7840,0.445,1.335
7841,0.499,1.497
7842,0.816,2.448
7843,0.984,2.952
7844,0.703,2.109
7845,0.786,2.358
7846,0.83,2.49
7847,0.691,2.073
7848,0.151,0.453
7849,0.109,0.327
7850,0.112,0.336
7851,0.086,0.258
7852,0.164,0.492
7853,0.229,0.687
7854,0.209,0.627
7855,0.45,1.35
7856,0.67,2.01
7857,0.96,2.88
7858,1.354,4.062
7859,0.727,2.181
7860,1.777,5.066516796
7861,1.548,4.644
7862,0.895,2.685
7863,1.133,3.399
7864,1.692,5.076
7865,1.922,5.038731279
7866,0.94,2.82
7867,0.985,2.955
7868,0.812,2.436
7869,0.842,2.526
7870,0.858,2.574
7871,0.475,1.425
7872,0.427,1.281
7873,0.435,1.305
7874,0.421,1.263
7875,0.416,1.248
7876,0.419,1.257
7877,0.582,1.746
7878,0.571,1.713
7879,0.661,1.983
7880,1.506,4.518
7881,0.419,1.257
7882,0.454,1.362
7883,0.246,0.738
7884,0.234,0.702
7885,0.578,1.734
7886,0.527,1.581
7887,0.294,0.882
7888,0.137,0.411
7889,0.247,0.741
7890,0.533,1.599
7891,0.706,2.118
7892,1.079,3.237
7893,0.536,1.608
7894,0.62,1.86
7895,0.629,1.887
7896,0.278,0.834
7897,0.158,0.474
7898,0.139,0.417
7899,0.116,0.348
7900,0.139,0.417
7901,0.12,0.36
7902,0.692,2.076
7903,0.84,2.52
7904,0.658,1.974
7905,0.404,1.212
7906,0.302,0.906
7907,0.306,0.918
7908,0.31,0.93
7909,0.276,0.828
7910,0.302,0.906
7911,0.297,0.891
7912,0.339,1.017
7913,0.505,1.515
7914,0.998,2.994
7915,0.8,2.4
7916,1.395,4.185
7917,0.947,2.841
7918,0.503,1.509
7919,0.453,1.359
7920,0.21,0.63
7921,0.145,0.435
7922,0.135,0.405
7923,0.141,0.423
7924,0.165,0.495
7925,0.169,0.507
7926,0.328,0.984
7927,1.091,3.273
7928,0.511,1.533
7929,0.155,0.465
7930,0.137,0.411
7931,0.27,0.81
7932,0.39,1.17
7933,0.369,1.107
7934,0.362,1.086
7935,0.287,0.861
7936,0.449,1.347
7937,1.647,4.941
7938,0.7,2.1
7939,0.572,1.716
7940,0.65,1.95
7941,1.463,4.389
7942,0.817,2.451
7943,0.647,1.941
7944,0.581,1.743
7945,0.375,1.125
7946,0.088,0.264
7947,0.108,0.324
7948,0.122,0.366
7949,0.338,1.014
7950,0.185,0.555
7951,0.657,1.971
7952,0.483,1.449
7953,0.6,1.8
7954,0.673,2.019
7955,0.481,1.443
7956,0.459,1.377
7957,0.454,1.362
7958,0.637,1.911
7959,0.146,0.438
7960,0.425,1.275
7961,0.849,2.547
7962,0.634,1.902
7963,0.947,2.841
7964,1.817,5.050958038
7965,0.577,1.731
7966,0.745,2.235
7967,0.693,2.079
7968,0.397,1.191
7969,0.156,0.468
7970,0.092,0.276
7971,0.089,0.267
7972,0.113,0.339
7973,0.458,1.374
7974,0.239,0.717
7975,0.578,1.734
7976,0.61,1.83
7977,0.289,0.867
7978,0.411,1.233
7979,0.273,0.819
7980,0.301,0.903
7981,0.24,0.72
7982,0.462,1.386
7983,0.352,1.056
7984,0.24,0.72
7985,0.523,1.569
7986,1.631,4.893
7987,0.803,2.409
7988,0.61,1.83
7989,0.647,1.941
7990,0.635,1.905
7991,0.441,1.323
7992,0.148,0.444
7993,0.089,0.267
7994,0.078,0.234
7995,0.083,0.249
7996,0.084,0.252
7997,0.301,0.903
7998,0.292,0.876
7999,0.499,1.497
8000,0.448,1.344
8001,0.426,1.278
8002,0.2,0.6
8003,0.379,1.137
8004,0.39,1.17
8005,0.332,0.996
8006,0.217,0.651
8007,0.483,1.449
8008,0.349,1.047
8009,1.359,4.077
8010,1.325,3.975
8011,1.307,3.921
8012,1.326,3.978
8013,1.747,5.101141104
8014,0.666,1.998
8015,0.311,0.933
8016,0.11,0.33
8017,0.112,0.336
8018,0.113,0.339
8019,0.107,0.321
8020,0.107,0.321
8021,0.142,0.426
8022,0.406,1.218
8023,0.57,1.71
8024,0.523,1.569
8025,0.198,0.594
8026,0.471,1.413
8027,0.347,1.041
8028,0.4,1.2
8029,0.95,2.85
8030,0.225,0.675
8031,0.235,0.705
8032,0.781,2.343
8033,0.674,2.022
8034,0.776,2.328
8035,0.399,1.197
8036,0.503,1.509
8037,0.431,1.293
8038,0.602,1.806
8039,0.407,1.221
8040,0.42,1.26
8041,0.136,0.408
8042,0.12,0.36
8043,0.144,0.432
8044,0.141,0.423
8045,0.134,0.402
8046,0.303,0.909
8047,0.379,1.137
8048,0.615,1.845
8049,0.378,1.134
8050,0.224,0.672
8051,0.348,1.044
8052,0.471,1.413
8053,0.267,0.801
8054,0.169,0.507
8055,0.357,1.071
8056,0.236,0.708
8057,0.294,0.882
8058,0.292,0.876
8059,0.537,1.611
8060,0.922,2.766
8061,0.563,1.689
8062,0.513,1.539
8063,0.477,1.431
8064,0.296,0.888
8065,0.138,0.414
8066,0.105,0.315
8067,0.111,0.333
8068,0.137,0.411
8069,0.165,0.495
8070,0.47,1.41
8071,0.224,0.672
8072,0.476,1.428
8073,2.125,4.973418782
8074,1.407,4.221
8075,1.722,4.955667681
8076,3.4380001,4.927160812
8077,2.507,5.108961626
8078,1.041,3.123
8079,0.703,2.109
8080,0.589,1.767
8081,1.156,3.468
8082,0.927,2.781
8083,1.037,3.111
8084,1.165,3.495
8085,0.67,2.01
8086,0.996,2.988
8087,0.653,1.959
8088,0.243,0.729
8089,0.142,0.426
8090,0.139,0.417
8091,0.158,0.474
8092,0.134,0.402
8093,0.137,0.411
8094,0.696,2.088
8095,0.555,1.665
8096,0.299,0.897
8097,0.297,0.891
8098,0.154,0.462
8099,0.38,1.14
8100,0.368,1.104
8101,0.3,0.9
8102,0.267,0.801
8103,0.226,0.678
8104,0.409,1.227
8105,0.757,2.271
8106,1.5189999,4.5569997
8107,1.342,4.026
8108,0.827,2.481
8109,0.475,1.425
8110,0.34,1.02
8111,0.246,0.738
8112,0.16,0.48
8113,0.166,0.498
8114,0.147,0.441
8115,0.175,0.525
8116,0.167,0.501
8117,0.605,1.815
8118,0.819,2.457
8119,0.48,1.44
8120,0.632,1.896
8121,0.456,1.368
8122,0.306,0.918
8123,0.278,0.834
8124,0.266,0.798
8125,0.273,0.819
8126,0.548,1.644
8127,0.476,1.428
8128,0.631,1.893
8129,0.564,1.692
8130,0.805,2.415
8131,0.78,2.34
8132,0.549,1.647
8133,0.439,1.317
8134,0.809,2.427
8135,0.511,1.533
8136,0.171,0.513
8137,0.108,0.324
8138,0.099,0.297
8139,0.096,0.288
8140,0.111,0.333
8141,0.438,1.314
8142,0.782,2.346
8143,0.837,2.511
8144,0.581,1.743
8145,0.215,0.645
8146,0.12,0.36
8147,0.124,0.372
8148,0.238,0.714
8149,0.41,1.23
8150,0.245,0.735
8151,0.333,0.999
8152,0.192,0.576
8153,0.529,1.587
8154,1.308,3.924
8155,1.038,3.114
8156,0.928,2.784
8157,0.705,2.115
8158,0.8,2.4
8159,0.416,1.248
8160,0.194,0.582
8161,0.128,0.384
8162,0.125,0.375
8163,0.137,0.411
8164,0.14,0.42
8165,0.304,0.912
8166,0.426,1.278
8167,0.533,1.599
8168,0.306,0.918
8169,0.198,0.594
8170,0.399,1.197
8171,0.459,1.377
8172,0.306,0.918
8173,0.19,0.57
8174,0.286,0.858
8175,0.429,1.287
8176,0.6,1.8
8177,0.802,2.406
8178,0.99,2.97
8179,0.99,2.97
8180,0.5,1.5
8181,0.466,1.398
8182,0.745,2.235
8183,0.547,1.641
8184,0.343,1.029
8185,0.638,1.914
8186,0.63,1.89
8187,0.216,0.648
8188,0.095,0.285
8189,0.373,1.119
8190,0.518,1.554
8191,0.703,2.109
8192,0.716,2.148
8193,0.654,1.962
8194,0.301,0.903
8195,0.218,0.654
8196,0.318,0.954
8197,0.254,0.762
8198,0.156,0.468
8199,0.188,0.564
8200,0.404,1.212
8201,0.712,2.136
8202,1.736,4.846922379
8203,1.402,4.206
8204,1.473,4.419
8205,0.654,1.962
8206,0.55,1.65
8207,0.492,1.476
8208,0.321,0.963
8209,0.149,0.447
8210,0.086,0.258
8211,0.083,0.249
8212,0.074,0.222
8213,0.084,0.252
8214,0.387,1.161
8215,0.621,1.863
8216,1.175,3.525
8217,0.153,0.459
8218,0.15,0.45
8219,0.183,0.549
8220,0.34,1.02
8221,0.44,1.32
8222,0.387,1.161
8223,0.352,1.056
8224,0.354,1.062
8225,0.41,1.23
8226,0.626,1.878
8227,0.726,2.178
8228,0.909,2.727
8229,1.05,3.15
8230,0.534,1.602
8231,0.152,0.456
8232,0.091,0.273
8233,0.101,0.303
8234,0.09,0.27
8235,0.1,0.3
8236,0.278,0.834
8237,0.252,0.756
8238,0.5,1.5
8239,0.579,1.737
8240,1.072,3.216
8241,1.782,5.078991224
8242,1.97,4.816577256
8243,2.136,4.823843527
8244,4.0489999,4.91246005
8245,1.758,4.963489434
8246,1.197,3.591
8247,0.316,0.948
8248,0.309,0.927
8249,0.361,1.083
8250,0.667,2.001
8251,0.828,2.484
8252,0.573,1.719
8253,0.705,2.115
8254,0.61,1.83
8255,0.271,0.813
8256,0.162,0.486
8257,0.152,0.456
8258,0.159,0.477
8259,0.284,0.852
8260,0.221,0.663
8261,0.113,0.339
8262,0.193,0.579
8263,0.511,1.533
8264,0.444,1.332
8265,0.293,0.879
8266,0.26,0.78
8267,0.169,0.507
8268,0.107,0.321
8269,0.106,0.318
8270,0.199,0.597
8271,0.159,0.477
8272,0.546,1.638
8273,1.921,5.002592453
8274,0.939,2.817
8275,0.984,2.952
8276,0.821,2.463
8277,0.7,2.1
8278,0.518,1.554
8279,0.091,0.273
8280,0.08,0.24
8281,0.09,0.27
8282,0.163,0.489
8283,0.086,0.258
8284,0.102,0.306
8285,0.37,1.11
8286,0.298,0.894
8287,0.377,1.131
8288,0.294,0.882
8289,0.388,1.164
8290,0.244,0.732
8291,0.178,0.534
8292,0.174,0.522
8293,0.221,0.663
8294,0.331,0.993
8295,0.366,1.098
8296,0.673,2.019
8297,0.8,2.4
8298,0.489,1.467
8299,0.453,1.359
8300,0.563,1.689
8301,0.838,2.514
8302,0.637,1.911
8303,0.653,1.959
8304,0.302,0.906
8305,0.07,0.21
8306,0.109,0.327
8307,0.254,0.762
8308,0.162,0.486
8309,0.241,0.723
8310,0.419,1.257
8311,1.121,3.363
8312,0.544,1.632
8313,1.107,3.321
8314,0.285,0.855
8315,0.315,0.945
8316,0.27,0.81
8317,0.417,1.251
8318,0.556,1.668
8319,1.102,3.306
8320,0.512,1.536
8321,1.192,3.576
8322,0.808,2.424
8323,0.627,1.881
8324,0.627,1.881
8325,0.714,2.142
8326,0.582,1.746
8327,0.121,0.363
8328,0.073,0.219
8329,0.08,0.24
8330,0.166,0.498
8331,0.222,0.666
8332,0.239,0.717
8333,0.323,0.969
8334,0.265,0.795
8335,0.407,1.221
8336,0.153,0.459
8337,0.1,0.3
8338,0.101,0.303
8339,0.194,0.582
8340,0.395,1.185
8341,0.412,1.236
8342,0.32,0.96
8343,0.389,1.167
8344,0.407,1.221
8345,0.379,1.137
8346,1.543,4.629
8347,0.918,2.754
8348,0.981,2.943
8349,1.978,4.968996574
8350,0.718,2.154
8351,0.149,0.447
8352,0.101,0.303
8353,0.11,0.33
8354,0.279,0.837
8355,0.122,0.366
8356,0.152,0.456
8357,0.344,1.032
8358,0.233,0.699
8359,0.516,1.548
8360,0.211,0.633
8361,0.17,0.51
8362,0.177,0.531
8363,0.529,1.587
8364,0.212,0.636
8365,0.214,0.642
8366,0.178,0.534
8367,0.261,0.783
8368,0.62,1.86
8369,0.742,2.226
8370,0.349,1.047
8371,1.017,3.051
8372,0.639,1.917
8373,0.637,1.911
8374,0.671,2.013
8375,0.278,0.834
8376,0.12,0.36
8377,0.131,0.393
8378,0.113,0.339
8379,0.288,0.864
8380,0.134,0.402
8381,0.3,0.9
8382,0.111,0.333
8383,0.297,0.891
8384,0.234,0.702
8385,0.112,0.336
8386,0.131,0.393
8387,0.107,0.321
8388,0.335,1.005
8389,0.269,0.807
8390,0.793,2.379
8391,0.106,0.318
8392,0.147,0.441
8393,0.457,1.371
8394,0.32,0.96
8395,0.501,1.503
8396,0.496,1.488
8397,0.524,1.572
8398,0.467,1.401
8399,1.209,3.627
8400,0.41,1.23
8401,0.303,0.909
8402,0.115,0.345
8403,0.128,0.384
8404,0.109,0.327
8405,0.409,1.227
8406,0.247,0.741
8407,0.25,0.75
8408,1.6,4.8
8409,0.323,0.969
8410,0.314,0.942
8411,0.253,0.759
8412,0.165,0.495
8413,0.185,0.555
8414,1.226,3.678
8415,0.313,0.939
8416,0.611,1.833
8417,2.219,5.072355501
8418,0.795,2.385
8419,0.734,2.202
8420,0.608,1.824
8421,0.619,1.857
8422,0.91,2.73
8423,1.185,3.555
8424,0.538,1.614
8425,0.139,0.417
8426,0.128,0.384
8427,0.116,0.348
8428,0.276,0.828
8429,0.113,0.339
8430,0.113,0.339
8431,0.335,1.005
8432,0.108,0.324
8433,0.2,0.6
8434,0.107,0.321
8435,0.121,0.363
8436,0.136,0.408
8437,0.123,0.369
8438,0.27,0.81
8439,0.163,0.489
8440,0.142,0.426
8441,0.136,0.408
8442,0.658,1.974
8443,2.658,5.082463104
8444,0.97,2.91
8445,0.866,2.598
8446,0.667,2.001
8447,0.655,1.965
8448,0.287,0.861
8449,0.163,0.489
8450,0.114,0.342
8451,0.125,0.375
8452,0.142,0.426
8453,0.26,0.78
8454,0.489,1.467
8455,0.275,0.825
8456,0.245,0.735
8457,0.592,1.776
8458,0.487,1.461
8459,0.664,1.992
8460,0.56,1.68
8461,1.878,5.055923784
8462,0.614,1.842
8463,0.74,2.22
8464,0.842,2.526
8465,1.205,3.615
8466,1.143,3.429
8467,0.607,1.821
8468,0.606,1.818
8469,0.582,1.746
8470,0.795,2.385
8471,0.691,2.073
8472,0.692,2.076
8473,0.299,0.897
8474,0.169,0.507
8475,0.148,0.444
8476,0.158,0.474
8477,0.14,0.42
8478,0.354,1.062
8479,0.537,1.611
8480,0.564,1.692
8481,0.312,0.936
8482,0.367,1.101
8483,0.227,0.681
8484,0.143,0.429
8485,0.127,0.381
8486,0.12,0.36
8487,0.608,1.824
8488,0.536,1.608
8489,0.768,2.304
8490,1.189,3.567
8491,1.107,3.321
8492,1.476,4.428
8493,1.324,3.972
8494,0.832,2.496
8495,0.438,1.314
8496,0.479,1.437
8497,0.164,0.492
8498,0.115,0.345
8499,0.11,0.33
8500,0.11,0.33
8501,0.146,0.438
8502,0.549,1.647
8503,0.811,2.433
8504,0.784,2.352
8505,0.661,1.983
8506,0.654,1.962
8507,0.416,1.248
8508,0.372,1.116
8509,0.66,1.98
8510,0.53,1.59
8511,0.695,2.085
8512,0.579,1.737
8513,0.76,2.28
8514,1.588,4.764
8515,1.331,3.993
8516,1.627,4.881
8517,1.423,4.269
8518,1.408,4.224
8519,0.919,2.757
8520,0.322,0.966
8521,0.374,1.122
8522,0.185,0.555
8523,0.117,0.351
8524,0.109,0.327
8525,0.147,0.441
8526,0.234,0.702
8527,0.563,1.689
8528,0.762,2.286
8529,0.384,1.152
8530,0.271,0.813
8531,0.479,1.437
8532,0.279,0.837
8533,0.244,0.732
8534,0.239,0.717
8535,0.221,0.663
8536,0.279,0.837
8537,0.273,0.819
8538,1.802,4.889341543
8539,1.272,3.816
8540,1.199,3.597
8541,1.179,3.537
8542,1.174,3.522
8543,0.804,2.412
8544,1.175,3.525
8545,0.278,0.834
8546,0.176,0.528
8547,0.209,0.627
8548,0.177,0.531
8549,0.211,0.633
8550,0.386,1.158
8551,0.309,0.927
8552,0.284,0.852
8553,0.304,0.912
8554,0.34,1.02
8555,0.576,1.728
8556,0.483,1.449
8557,0.461,1.383
8558,0.408,1.224
8559,0.275,0.825
8560,0.184,0.552
8561,0.143,0.429
8562,1.018,3.054
8563,1.069,3.207
8564,1.253,3.759
8565,1.314,3.942
8566,1.429,4.287
8567,1.381,4.143
8568,0.82,2.46
8569,0.501,1.503
8570,0.159,0.477
8571,0.157,0.471
8572,0.154,0.462
8573,0.149,0.447
8574,0.225,0.675
8575,0.266,0.798
8576,0.252,0.756
8577,0.51,1.53
8578,0.906,2.718
8579,0.81,2.43
8580,0.349,1.047
8581,0.315,0.945
8582,0.322,0.966
8583,0.346,1.038
8584,0.272,0.816
8585,1.155,3.465
8586,1.301,3.903
8587,1.316,3.948
8588,1.224,3.672
8589,1.558,4.674
8590,0.993,2.979
8591,0.73,2.19
8592,0.705,2.115
8593,0.692,2.076
8594,0.668,2.004
8595,0.273,0.819
8596,0.156,0.468
8597,0.13,0.39
8598,0.155,0.465
8599,0.189,0.567
8600,0.21,0.63
8601,0.452,1.356
8602,0.706,2.118
8603,0.962,2.886
8604,0.708,2.124
8605,0.391,1.173
8606,0.176,0.528
8607,0.384,1.152
8608,0.335,1.005
8609,0.528,1.584
8610,1.381,4.143
8611,2.128,5.126755084
8612,1.409,4.227
8613,2.4069999,4.887040367
8614,2.189,4.994023897
8615,2.274,5.130834594
8616,2.523,4.903076775
8617,1.534,4.602
8618,0.578,1.734
8619,0.172,0.516
8620,0.172,0.516
8621,0.26,0.78
8622,0.139,0.417
8623,0.269,0.807
8624,0.334,1.002
8625,0.557,1.671
8626,0.977,2.931
8627,1.075,3.225
8628,0.689,2.067
8629,0.691,2.073
8630,2.236,5.079034441
8631,0.662,1.986
8632,0.338,1.014
8633,0.687,2.061
8634,0.548,1.644
8635,0.576,1.728
8636,0.687,2.061
8637,0.711,2.133
8638,0.947,2.841
8639,0.792,2.376
8640,0.794,2.382
8641,0.566,1.698
8642,0.124,0.372
8643,0.114,0.342
8644,0.123,0.369
8645,0.111,0.333
8646,0.166,0.498
8647,0.4,1.2
8648,0.246,0.738
8649,0.216,0.648
8650,0.407,1.221
8651,0.516,1.548
8652,1.224,3.672
8653,2.271,4.786783235
8654,1.549,4.647
8655,2.1729999,5.193915476
8656,3.232,5.143898795
8657,1.6689999,5.0069997
8658,0.979,2.937
8659,0.913,2.739
8660,1.357,4.071
8661,1.563,4.689
8662,1.272,3.816
8663,1.248,3.744
8664,1.572,4.716
8665,0.709,2.127
8666,0.549,1.647
8667,0.553,1.659
8668,0.547,1.641
8669,0.454,1.362
8670,0.326,0.978
8671,0.14,0.42
8672,0.414,1.242
8673,0.518,1.554
8674,0.527,1.581
8675,0.995,2.985
8676,0.793,2.379
8677,0.902,2.706
8678,0.633,1.899
8679,0.53,1.59
8680,0.729,2.187
8681,0.657,1.971
8682,0.751,2.253
8683,1.807,4.962757566
8684,1.7,5.1
8685,1.254,3.762
8686,1.309,3.927
8687,1.291,3.873
8688,0.968,2.904
8689,0.115,0.345
8690,0.113,0.339
8691,0.118,0.354
8692,0.11,0.33
8693,0.244,0.732
8694,0.106,0.318
8695,0.089,0.267
8696,0.407,1.221
8697,0.609,1.827
8698,0.447,1.341
8699,0.468,1.404
8700,0.317,0.951
8701,0.292,0.876
8702,0.547,1.641
8703,0.426,1.278
8704,0.611,1.833
8705,0.766,2.298
8706,1.471,4.413
8707,1.455,4.365
8708,1.293,3.879
8709,2.1859999,4.956310793
8710,1.532,4.596
8711,1.02,3.06
8712,0.817,2.451
8713,0.442,1.326
8714,0.154,0.462
8715,0.148,0.444
8716,0.152,0.456
8717,0.152,0.456
8718,0.491,1.473
8719,0.333,0.999
8720,1.332,3.996
8721,0.532,1.596
8722,0.273,0.819
8723,0.445,1.335
8724,0.303,0.909
8725,0.261,0.783
8726,0.253,0.759
8727,0.774,2.322
8728,0.4,1.2
8729,0.48,1.44
8730,0.317,0.951
8731,0.305,0.915
8732,0.389,1.167
8733,0.952,2.856
8734,1.1,3.3
8735,1.027,3.081
8736,0.53,1.59
8737,0.126,0.378
8738,0.123,0.369
8739,0.122,0.366
8740,0.114,0.342
8741,0.118,0.354
8742,0.192,0.576
8743,0.152,0.456
8744,0.369,1.107
8745,0.278,0.834
8746,0.72,2.16
8747,1.6350001,4.9050003
8748,1.818,5.04893277
8749,5.0639999,5.256988998
8750,3.0909999,5.113599428
8751,0.936,2.808
8752,1.12,3.36
8753,1.027,3.081
8754,1.564,4.692
8755,0.95,2.85
8756,1.042,3.126
8757,0.75,2.25
8758,0.636,1.908
8759,1.282,3.846
8760,0.885,2.655
8761,0.208,0.624
8762,0.159,0.477
8763,0.089,0.267
8764,0.102,0.306
8765,0.107,0.321
8766,0.097,0.291
8767,0.147,0.441
8768,0.394,1.182
8769,0.739,2.217
8770,0.944,2.832
8771,0.619,1.857
8772,0.689,2.067
8773,0.891,2.673
8774,1.043,3.129
8775,0.682,2.046
8776,0.693,2.079
8777,0.9,2.7
8778,0.899,2.697
8779,0.707,2.121
8780,1.271,3.813
8781,1.152,3.456
8782,1.075,3.225
8783,0.566,1.698
8784,0.802,2.406
8785,1.188,3.564
8786,0.503,1.509
8787,0.164,0.492
8788,0.143,0.429
8789,0.128,0.384
8790,0.159,0.477
8791,0.551,1.653
8792,0.234,0.702
8793,0.608,1.824
8794,0.486,1.458
8795,0.5,1.5
8796,0.326,0.978
8797,0.289,0.867
8798,0.243,0.729
8799,1.02,3.06
8800,0.243,0.729
8801,0.37,1.11
8802,0.444,1.332
8803,1.083,3.249
8804,0.931,2.793
8805,0.69,2.07
8806,0.947,2.841
8807,0.74,2.22
8808,0.645,1.935
8809,0.227,0.681
8810,0.111,0.333
8811,0.136,0.408
8812,0.131,0.393
8813,0.144,0.432
8814,0.186,0.558
8815,0.137,0.411
8816,0.471,1.413
8817,0.584,1.752
8818,0.427,1.281
8819,0.552,1.656
8820,0.382,1.146
8821,0.315,0.945
8822,0.299,0.897
8823,0.566,1.698
8824,0.466,1.398
8825,0.541,1.623
8826,2.02,4.948717009
8827,1.438,4.314
8828,1.269,3.807
8829,1.168,3.504
8830,1.337,4.011
8831,1.305,3.915
8832,0.844,2.532
8833,0.12,0.36
8834,0.154,0.462
8835,0.118,0.354
8836,0.106,0.318
8837,0.153,0.459
8838,0.206,0.618
8839,0.347,1.041
8840,0.513,1.539
8841,0.424,1.272
8842,0.144,0.432
8843,0.172,0.516
8844,0.13,0.39
8845,0.169,0.507
8846,0.222,0.666
8847,0.213,0.639
8848,0.266,0.798
8849,0.444,1.332
8850,0.529,1.587
8851,0.722,2.166
8852,1.692,5.076
8853,1.411,4.233
8854,1.016,3.048
8855,1.881,4.975197263
8856,1.673,5.019
8857,0.575,1.725
8858,0.111,0.333
8859,0.112,0.336
8860,0.1,0.3
8861,0.104,0.312
8862,0.426,1.278
8863,0.415,1.245
8864,0.547,1.641
8865,0.392,1.176
8866,0.485,1.455
8867,0.248,0.744
8868,0.212,0.636
8869,0.173,0.519
8870,0.09,0.27
8871,0.116,0.348
8872,0.668,2.004
8873,0.87,2.61
8874,1.866,4.939172164
8875,1.174,3.522
8876,1.048,3.144
8877,0.831,2.493
8878,0.848,2.544
8879,1.25,3.75
8880,0.878,2.634
8881,0.226,0.678
8882,0.122,0.366
8883,0.123,0.369
8884,0.118,0.354
8885,0.125,0.375
8886,0.167,0.501
8887,0.353,1.059
8888,0.493,1.479
8889,0.723,2.169
8890,0.234,0.702
8891,0.228,0.684
8892,0.219,0.657
8893,0.329,0.987
8894,0.225,0.675
8895,0.428,1.284
8896,0.256,0.768
8897,0.668,2.004
8898,0.56,1.68
8899,0.821,2.463
8900,1.139,3.417
8901,1.315,3.945
8902,1.393,4.179
8903,1.286,3.858
8904,1.13,3.39
8905,1.095,3.285
8906,0.187,0.561
8907,0.129,0.387
8908,0.163,0.489
8909,0.121,0.363
8910,0.142,0.426
8911,0.188,0.564
8912,0.414,1.242
8913,1.413,4.239
8914,1.133,3.399
8915,0.883,2.649
8916,2.1210001,4.846170308
8917,3.273,4.967810174
8918,1.266,3.798
8919,1.209,3.627
8920,0.697,2.091
8921,0.874,2.622
8922,1.065,3.195
8923,1.252,3.756
8924,1.458,4.374
8925,0.875,2.625
8926,0.529,1.587
8927,0.331,0.993
8928,0.135,0.405
8929,0.122,0.366
8930,0.125,0.375
8931,0.13,0.39
8932,0.125,0.375
8933,0.339,1.017
8934,0.378,1.134
8935,0.429,1.287
8936,0.401,1.203
8937,0.547,1.641
8938,0.344,1.032
8939,0.356,1.068
8940,0.342,1.026
8941,0.309,0.927
8942,0.278,0.834
8943,0.318,0.954
8944,0.281,0.843
8945,0.509,1.527
8946,0.839,2.517
8947,0.689,2.067
8948,0.831,2.493
8949,0.851,2.553
8950,1.05,3.15
8951,0.79,2.37
8952,0.423,1.269
8953,0.133,0.399
8954,0.128,0.384
8955,0.116,0.348
8956,0.128,0.384
8957,0.138,0.414
8958,0.275,0.825
8959,0.508,1.524
8960,0.77,2.31
8961,0.597,1.791
8962,0.336,1.008
8963,0.26,0.78
8964,0.249,0.747
8965,0.255,0.765
8966,0.252,0.756
8967,0.267,0.801
8968,0.684,2.052
8969,0.552,1.656
8970,1.516,4.548
8971,0.619,1.857
8972,0.42,1.26
8973,0.387,1.161
8974,0.795,2.385
8975,0.908,2.724
8976,0.867,2.601
8977,0.595,1.785
8978,0.197,0.591
8979,0.183,0.549
8980,0.185,0.555
8981,0.197,0.591
8982,0.521,1.563
8983,0.501,1.503
8984,0.376,1.128
8985,0.432,1.296
8986,0.419,1.257
8987,0.422,1.266
8988,0.421,1.263
8989,0.324,0.972
8990,0.326,0.978
8991,0.321,0.963
8992,0.438,1.314
8993,0.389,1.167
8994,1.554,4.662
8995,2.415,4.745103519
8996,0.855,2.565
8997,0.798,2.394
8998,1.024,3.072
8999,0.839,2.517
9000,0.82,2.46
9001,0.474,1.422
9002,0.125,0.375
9003,0.117,0.351
9004,0.111,0.333
9005,0.117,0.351
9006,0.349,1.047
9007,0.349,1.047
9008,0.626,1.878
9009,0.4,1.2
9010,0.556,1.668
9011,0.249,0.747
9012,0.31,0.93
9013,1.8770001,4.934613863
9014,0.433,1.299
9015,0.495,1.485
9016,0.602,1.806
9017,0.642,1.926
9018,0.892,2.676
9019,0.823,2.469
9020,0.897,2.691
9021,0.947,2.841
9022,0.762,2.286
9023,0.784,2.352
9024,0.437,1.311
9025,0.173,0.519
9026,0.107,0.321
9027,0.115,0.345
9028,0.109,0.327
9029,0.118,0.354
9030,0.373,1.119
9031,0.232,0.696
9032,0.681,2.043
9033,0.579,1.737
9034,0.53,1.59
9035,0.558,1.674
9036,0.535,1.605
9037,0.393,1.179
9038,0.361,1.083
9039,0.742,2.226
9040,0.739,2.217
9041,0.656,1.968
9042,1.037,3.111
9043,0.758,2.274
9044,0.85,2.55
9045,0.707,2.121
9046,0.707,2.121
9047,0.928,2.784
9048,0.631,1.893
9049,0.161,0.483
9050,0.14,0.42
9051,0.106,0.318
9052,0.113,0.339
9053,0.15,0.45
9054,0.38,1.14
9055,1.254,3.762
9056,0.563,1.689
9057,0.332,0.996
9058,0.517,1.551
9059,0.673,2.019
9060,0.577,1.731
9061,0.555,1.665
9062,0.731,2.193
9063,0.68,2.04
9064,0.769,2.307
9065,0.659,1.977
9066,0.599,1.797
9067,0.951,2.853
9068,0.684,2.052
9069,0.938,2.814
9070,0.949,2.847
9071,0.686,2.058
9072,0.275,0.825
9073,0.142,0.426
9074,0.106,0.318
9075,0.113,0.339
9076,0.157,0.471
9077,0.135,0.405
9078,0.18,0.54
9079,0.409,1.227
9080,0.502,1.506
9081,0.469,1.407
9082,2.33,4.98969735
9083,2.0509999,4.907700601
9084,1.852,5.011329294
9085,3.2199999,5.014030866
9086,1.262,3.786
9087,0.568,1.704
9088,0.76,2.28
9089,0.894,2.682
9090,1.232,3.696
9091,1.282,3.846
9092,1.161,3.483
9093,1.291,3.873
9094,1.065,3.195
9095,1.4650001,4.3950003
9096,0.182,0.546
9097,0.112,0.336
9098,0.105,0.315
9099,0.106,0.318
9100,0.11,0.33
9101,0.484,1.452
9102,0.208,0.624
9103,0.859,2.577
9104,0.472,1.416
9105,0.764,2.292
9106,0.323,0.969
9107,0.446,1.338
9108,0.434,1.302
9109,0.474,1.422
9110,0.441,1.323
9111,1.366,4.098
9112,0.441,1.323
9113,1.299,3.897
9114,0.944,2.832
9115,1.128,3.384
9116,1.111,3.333
9117,1.102,3.306
9118,0.595,1.785
9119,0.17,0.51
9120,0.112,0.336
9121,0.11,0.33
9122,0.119,0.357
9123,0.434,1.302
9124,0.099,0.297
9125,0.271,0.813
9126,0.264,0.792
9127,0.672,2.016
9128,0.236,0.708
9129,0.107,0.321
9130,0.1,0.3
9131,0.1,0.3
9132,0.6,1.8
9133,0.259,0.777
9134,0.306,0.918
9135,0.291,0.873
9136,0.599,1.797
9137,0.813,2.439
9138,1.064,3.192
9139,1.228,3.684
9140,1.553,4.659
9141,1.335,4.005
9142,0.476,1.428
9143,0.105,0.315
9144,0.102,0.306
9145,0.109,0.327
9146,0.112,0.336
9147,0.1,0.3
9148,0.138,0.414
9149,0.276,0.828
9150,0.418,1.254
9151,1.693,5.079
9152,0.506,1.518
9153,0.476,1.428
9154,0.471,1.413
9155,0.414,1.242
9156,0.43,1.29
9157,0.246,0.738
9158,0.247,0.741
9159,0.232,0.696
9160,0.81,2.43
9161,1.376,4.128
9162,2.0070001,5.050558183
9163,1.235,3.705
9164,0.758,2.274
9165,0.977,2.931
9166,0.904,2.712
9167,0.496,1.488
9168,0.106,0.318
9169,0.107,0.321
9170,0.108,0.324
9171,0.102,0.306
9172,0.104,0.312
9173,0.332,0.996
9174,0.198,0.594
9175,0.496,1.488
9176,0.445,1.335
9177,0.176,0.528
9178,0.453,1.359
9179,0.282,0.846
9180,0.212,0.636
9181,0.21,0.63
9182,0.237,0.711
9183,0.228,0.684
9184,0.769,2.307
9185,1.544,4.632
9186,1.118,3.354
9187,1.041,3.123
9188,0.6,1.8
9189,0.256,0.768
9190,0.154,0.462
9191,0.109,0.327
9192,0.106,0.318
9193,0.1,0.3
9194,0.131,0.393
9195,0.122,0.366
9196,0.328,0.984
9197,0.217,0.651
9198,0.323,0.969
9199,0.499,1.497
9200,0.47,1.41
9201,0.575,1.725
9202,0.647,1.941
9203,0.51,1.53
9204,0.594,1.782
9205,0.317,0.951
9206,0.18,0.54
9207,0.212,0.636
9208,0.496,1.488
9209,1.136,3.408
9210,1.379,4.137
9211,0.697,2.091
9212,0.776,2.328
9213,0.761,2.283
9214,0.777,2.331
9215,1.044,3.132
9216,0.452,1.356
9217,0.104,0.312
9218,0.108,0.324
9219,0.11,0.33
9220,0.103,0.309
9221,0.163,0.489
9222,0.513,1.539
9223,0.357,1.071
9224,0.595,1.785
9225,0.539,1.617
9226,0.341,1.023
9227,0.387,1.161
9228,0.347,1.041
9229,0.393,1.179
9230,0.737,2.211
9231,0.73,2.19
9232,0.61,1.83
9233,0.867,2.601
9234,1.131,3.393
9235,0.655,1.965
9236,0.678,2.034
9237,0.779,2.337
9238,0.553,1.659
9239,0.298,0.894
9240,0.109,0.327
9241,0.103,0.309
9242,0.122,0.366
9243,0.416,1.248
9244,0.426,1.278
9245,0.266,0.798
9246,0.315,0.945
9247,0.301,0.903
9248,1.845,5.173543981
9249,0.671,2.013
9250,1.307,3.921
9251,0.827,2.481
9252,3.7229999,5.070041128
9253,2.18,4.907763188
9254,0.45,1.35
9255,0.314,0.942
9256,0.346,1.038
9257,0.565,1.695
9258,1.051,3.153
9259,1.058,3.174
9260,1.116,3.348
9261,0.82,2.46
9262,0.533,1.599
9263,0.41,1.23
9264,0.383,1.149
9265,0.268,0.804
9266,0.133,0.399
9267,0.107,0.321
9268,0.326,0.978
9269,0.244,0.732
9270,0.126,0.378
9271,0.242,0.726
9272,0.491,1.473
9273,0.307,0.921
9274,0.181,0.543
9275,0.177,0.531
9276,0.253,0.759
9277,0.509,1.527
9278,0.715,2.145
9279,0.37,1.11
9280,0.395,1.185
9281,0.635,1.905
9282,0.966,2.898
9283,1.814,5.232854486
9284,1.111,3.333
9285,1.186,3.558
9286,0.901,2.703
9287,0.635,1.905
9288,0.117,0.351
9289,0.119,0.357
9290,0.225,0.675
9291,0.165,0.495
9292,0.134,0.402
9293,0.171,0.513
9294,0.392,1.176
9295,0.453,1.359
9296,0.461,1.383
9297,0.238,0.714
9298,0.189,0.567
9299,0.221,0.663
9300,0.287,0.861
9301,0.336,1.008
9302,0.37,1.11
9303,0.374,1.122
9304,0.335,1.005
9305,1.159,3.477
9306,1.8909999,5.103126859
9307,1.082,3.246
9308,0.876,2.628
9309,1.159,3.477
9310,0.694,2.082
9311,0.401,1.203
9312,0.125,0.375
9313,0.105,0.315
9314,0.104,0.312
9315,0.126,0.378
9316,0.13,0.39
9317,0.342,1.026
9318,0.172,0.516
9319,0.646,1.938
9320,0.407,1.221
9321,0.244,0.732
9322,0.486,1.458
9323,0.464,1.392
9324,0.422,1.266
9325,0.418,1.254
9326,0.667,2.001
9327,0.365,1.095
9328,0.693,2.079
9329,1.945,5.126333567
9330,1.837,4.861533306
9331,1.177,3.531
9332,1.053,3.159
9333,1.206,3.618
9334,0.794,2.382
9335,0.346,1.038
9336,0.124,0.372
9337,0.102,0.306
9338,0.111,0.333
9339,0.103,0.309
9340,0.24,0.72
9341,0.284,0.852
9342,0.104,0.312
9343,0.597,1.791
9344,0.7,2.1
9345,0.645,1.935
9346,0.518,1.554
9347,0.467,1.401
9348,0.459,1.377
9349,0.7,2.1
9350,0.534,1.602
9351,1.106,3.318
9352,0.5,1.5
9353,0.5,1.5
9354,0.677,2.031
9355,1.178,3.534
9356,1.543,4.629
9357,0.853,2.559
9358,0.503,1.509
9359,0.15,0.45
9360,0.109,0.327
9361,0.113,0.339
9362,0.101,0.303
9363,0.099,0.297
9364,0.1,0.3
9365,0.337,1.011
9366,0.357,1.071
9367,0.425,1.275
9368,0.528,1.584
9369,0.306,0.918
9370,0.326,0.978
9371,0.526,1.578
9372,0.75,2.25
9373,0.615,1.845
9374,0.391,1.173
9375,0.579,1.737
9376,0.52,1.56
9377,1.661,4.983
9378,1.338,4.014
9379,0.89,2.67
9380,0.84,2.52
9381,1.248,3.744
9382,0.833,2.499
9383,0.383,1.149
9384,0.105,0.315
9385,0.136,0.408
9386,0.102,0.306
9387,0.102,0.306
9388,0.101,0.303
9389,0.357,1.071
9390,0.127,0.381
9391,0.705,2.115
9392,0.475,1.425
9393,0.274,0.822
9394,0.431,1.293
9395,0.282,0.846
9396,0.238,0.714
9397,0.415,1.245
9398,0.261,0.783
9399,0.614,1.842
9400,0.413,1.239
9401,0.483,1.449
9402,1.062,3.186
9403,0.726,2.178
9404,0.849,2.547
9405,1.223,3.669
9406,1.277,3.831
9407,0.674,2.022
9408,0.415,1.245
9409,0.162,0.486
9410,0.103,0.309
9411,0.112,0.336
9412,0.105,0.315
9413,0.213,0.639
9414,0.237,0.711
9415,0.341,1.023
9416,0.276,0.828
9417,1.325,3.975
9418,1.587,4.761
9419,1.623,4.869
9420,3.3739999,4.923914651
9421,2.418,4.902040627
9422,0.488,1.464
9423,0.545,1.635
9424,0.554,1.662
9425,1.118,3.354
9426,1.426,4.278
9427,0.968,2.904
9428,1.219,3.657
9429,1.195,3.585
9430,1.064,3.192
9431,0.713,2.139
9432,0.119,0.357
9433,0.122,0.366
9434,0.142,0.426
9435,0.119,0.357
9436,0.144,0.432
9437,0.162,0.486
9438,0.36,1.08
9439,0.653,1.959
9440,0.501,1.503
9441,0.405,1.215
9442,0.545,1.635
9443,0.625,1.875
9444,0.696,2.088
9445,0.377,1.131
9446,0.361,1.083
9447,0.541,1.623
9448,0.381,1.143
9449,0.872,2.616
9450,1.5210001,4.5630003
9451,2.0000001,5.090403731
9452,1.152,3.456
9453,1.247,3.741
9454,0.827,2.481
9455,0.23,0.69
9456,0.141,0.423
9457,0.137,0.411
9458,0.139,0.417
9459,0.121,0.363
9460,0.313,0.939
9461,0.334,1.002
9462,0.322,0.966
9463,0.445,1.335
9464,0.565,1.695
9465,0.405,1.215
9466,0.396,1.188
9467,0.403,1.209
9468,0.581,1.743
9469,0.598,1.794
9470,0.604,1.812
9471,0.364,1.092
9472,0.753,2.259
9473,0.759,2.277
9474,0.602,1.806
9475,0.721,2.163
9476,0.684,2.052
9477,1.11,3.33
9478,0.593,1.779
9479,0.606,1.818
9480,0.129,0.387
9481,0.124,0.372
9482,0.129,0.387
9483,0.12,0.36
9484,0.35,1.05
9485,0.522,1.566
9486,0.249,0.747
9487,0.712,2.136
9488,0.447,1.341
9489,0.314,0.942
9490,0.366,1.098
9491,0.365,1.095
9492,0.534,1.602
9493,0.373,1.119
9494,0.327,0.981
9495,0.472,1.416
9496,0.452,1.356
9497,0.405,1.215
9498,1.569,4.707
9499,1.9870001,5.0485809
9500,0.841,2.523
9501,0.672,2.016
9502,0.628,1.884
9503,0.582,1.746
9504,0.236,0.708
9505,0.136,0.408
9506,0.131,0.393
9507,0.115,0.345
9508,0.399,1.197
9509,0.181,0.543
9510,0.171,0.513
9511,1.321,3.963
9512,1.594,4.782
9513,0.343,1.029
9514,0.11,0.33
9515,0.171,0.513
9516,0.629,1.887
9517,0.306,0.918
9518,0.392,1.176
9519,0.294,0.882
9520,0.296,0.888
9521,0.552,1.656
9522,0.799,2.397
9523,1.222,3.666
9524,1.195,3.585
9525,1.325,3.975
9526,0.674,2.022
9527,0.325,0.975
9528,0.13,0.39
9529,0.11,0.33
9530,0.156,0.468
9531,0.128,0.384
9532,0.479,1.437
9533,0.785,2.355
9534,0.231,0.693
9535,0.426,1.278
9536,0.286,0.858
9537,0.107,0.321
9538,0.254,0.762
9539,1.243,3.729
9540,0.877,2.631
9541,0.653,1.959
9542,0.288,0.864
9543,0.836,2.508
9544,1.069,3.207
9545,0.659,1.977
9546,0.678,2.034
9547,0.677,2.031
9548,0.886,2.658
9549,0.843,2.529
9550,0.724,2.172
9551,0.193,0.579
9552,0.117,0.351
9553,0.132,0.396
9554,0.111,0.333
9555,0.127,0.381
9556,0.189,0.567
9557,0.247,0.741
9558,0.343,1.029
9559,0.774,2.322
9560,0.613,1.839
9561,0.275,0.825
9562,0.532,1.596
9563,0.292,0.876
9564,0.287,0.861
9565,0.345,1.035
9566,0.285,0.855
9567,0.301,0.903
9568,0.273,0.819
9569,0.682,2.046
9570,0.873,2.619
9571,0.866,2.598
9572,1.355,4.065
9573,0.944,2.832
9574,0.799,2.397
9575,0.697,2.091
9576,0.47,1.41
9577,0.115,0.345
9578,0.104,0.312
9579,0.251,0.753
9580,0.195,0.585
9581,0.29,0.87
9582,0.135,0.405
9583,0.226,0.678
9584,0.372,1.116
9585,1.066,3.198
9586,0.892,2.676
9587,1.112,3.336
9588,2.744,4.983298497
9589,2.234,5.016015891
9590,0.854,2.562
9591,1.269,3.807
9592,0.823,2.469
9593,2.456,5.00615681
9594,3.0119999,5.110613481
9595,0.758,2.274
9596,0.661,1.983
9597,0.754,2.262
9598,0.514,1.542
9599,0.408,1.224
9600,0.136,0.408
9601,0.111,0.333
9602,0.108,0.324
9603,0.136,0.408
9604,0.271,0.813
9605,0.316,0.948
9606,0.155,0.465
9607,0.402,1.206
9608,0.372,1.116
9609,0.6,1.8
9610,0.347,1.041
9611,0.652,1.956
9612,0.781,2.343
9613,0.77,2.31
9614,1.029,3.087
9615,0.471,1.413
9616,0.576,1.728
9617,0.751,2.253
9618,1.711,5.074390021
9619,1.22,3.66
9620,0.899,2.697
9621,0.833,2.499
9622,0.861,2.583
9623,0.772,2.316
9624,0.614,1.842
9625,1.119,3.357
9626,0.142,0.426
9627,0.143,0.429
9628,0.123,0.369
9629,0.397,1.191
9630,0.305,0.915
9631,0.722,2.166
9632,0.268,0.804
9633,0.168,0.504
9634,0.128,0.384
9635,0.115,0.345
9636,0.328,0.984
9637,0.313,0.939
9638,0.118,0.354
9639,0.103,0.309
9640,0.374,1.122
9641,0.519,1.557
9642,1.842,5.060325733
9643,1.206,3.618
9644,0.76,2.28
9645,0.518,1.554
9646,0.194,0.582
9647,0.135,0.405
9648,0.108,0.324
9649,0.115,0.345
9650,0.131,0.393
9651,0.109,0.327
9652,0.107,0.321
9653,0.398,1.194
9654,0.313,0.939
9655,0.538,1.614
9656,0.559,1.677
9657,0.245,0.735
9658,0.256,0.768
9659,0.421,1.263
9660,0.285,0.855
9661,0.295,0.885
9662,0.621,1.863
9663,0.347,1.041
9664,0.38,1.14
9665,0.698,2.094
9666,2.0260001,4.888918516
9667,1.461,4.383
9668,1.184,3.552
9669,0.79,2.37
9670,0.696,2.088
9671,1.464,4.392
9672,0.498,1.494
9673,0.111,0.333
9674,0.103,0.309
9675,0.11,0.33
9676,0.278,0.834
9677,0.6,1.8
9678,0.282,0.846
9679,0.51,1.53
9680,0.634,1.902
9681,0.138,0.414
9682,0.266,0.798
9683,0.171,0.513
9684,0.439,1.317
9685,0.447,1.341
9686,0.278,0.834
9687,0.41,1.23
9688,0.271,0.813
9689,0.357,1.071
9690,0.422,1.266
9691,1.784,4.958805587
9692,0.824,2.472
9693,0.603,1.809
9694,0.523,1.569
9695,0.111,0.333
9696,0.131,0.393
9697,0.103,0.309
9698,0.107,0.321
9699,0.095,0.285
9700,0.337,1.011
9701,0.27,0.81
9702,0.16,0.48
9703,0.674,2.022
9704,0.466,1.398
9705,0.189,0.567
9706,0.169,0.507
9707,0.156,0.468
9708,0.174,0.522
9709,0.15,0.45
9710,0.156,0.468
9711,0.413,1.239
9712,0.911,2.733
9713,1.2,3.6
9714,1.028,3.084
9715,1.241,3.723
9716,1.131,3.393
9717,0.606,1.818
9718,0.61,1.83
9719,0.446,1.338
9720,0.149,0.447
9721,0.107,0.321
9722,0.114,0.342
9723,0.109,0.327
9724,0.469,1.407
9725,0.319,0.957
9726,0.248,0.744
9727,0.803,2.409
9728,0.471,1.413
9729,0.605,1.815
9730,0.363,1.089
9731,0.124,0.372
9732,0.773,2.319
9733,1.19,3.57
9734,1.201,3.603
9735,0.534,1.602
9736,0.346,1.038
9737,0.924,2.772
9738,1.103,3.309
9739,0.961,2.883
9740,1.007,3.021
9741,0.846,2.538
9742,0.685,2.055
9743,0.752,2.256
9744,0.649,1.947
9745,0.426,1.278
9746,0.134,0.402
9747,0.109,0.327
9748,0.117,0.351
9749,0.818,2.454
9750,1.953,4.91490726
9751,1.4,4.2
9752,1.384,4.152
9753,1.147,3.441
9754,1.34,4.02
9755,2.135,4.826575605
9756,3.0310001,4.852658716
9757,2.488,5.034731094
9758,0.79,2.37
9759,0.778,2.334
9760,0.58,1.74
9761,0.935,2.805
9762,0.688,2.064
9763,0.735,2.205
9764,0.564,1.692
9765,0.491,1.473
9766,0.622,1.866
9767,0.582,1.746
9768,0.343,1.029
9769,0.145,0.435
9770,0.103,0.309
9771,0.482,1.446
9772,0.118,0.354
9773,0.121,0.363
9774,0.109,0.327
9775,0.376,1.128
9776,0.288,0.864
9777,0.232,0.696
9778,0.344,1.032
9779,0.428,1.284
9780,0.597,1.791
9781,0.656,1.968
9782,0.51,1.53
9783,0.491,1.473
9784,0.568,1.704
9785,0.989,2.967
9786,1.631,4.893
9787,1.57,4.71
9788,1.547,4.641
9789,1.301,3.903
9790,0.836,2.508
9791,0.367,1.101
9792,0.106,0.318
9793,0.103,0.309
9794,0.101,0.303
9795,0.104,0.312
9796,0.348,1.044
9797,0.431,1.293
9798,0.232,0.696
9799,0.195,0.585
9800,0.66,1.98
9801,1.5359999,4.6079997
9802,1.463,4.389
9803,0.88,2.64
9804,0.897,2.691
9805,0.739,2.217
9806,0.453,1.359
9807,0.445,1.335
9808,1.3179999,3.9539997
9809,1.51,4.53
9810,0.63,1.89
9811,0.714,2.142
9812,0.431,1.293
9813,0.567,1.701
9814,0.904,2.712
9815,0.713,2.139
9816,0.44,1.32
9817,0.139,0.417
9818,0.144,0.432
9819,0.127,0.381
9820,0.121,0.363
9821,0.444,1.332
9822,0.161,0.483
9823,0.847,2.541
9824,0.447,1.341
9825,0.16,0.48
9826,0.321,0.963
9827,1.147,3.441
9828,0.413,1.239
9829,0.248,0.744
9830,0.262,0.786
9831,0.41,1.23
9832,0.37,1.11
9833,0.384,1.152
9834,0.736,2.208
9835,2.375,5.016659863
9836,1.305,3.915
9837,1.284,3.852
9838,1.343,4.029
9839,0.639,1.917
9840,0.151,0.453
9841,0.12,0.36
9842,0.206,0.618
9843,0.127,0.381
9844,0.116,0.348
9845,0.231,0.693
9846,0.245,0.735
9847,0.498,1.494
9848,0.52,1.56
9849,0.741,2.223
9850,0.68,2.04
9851,0.521,1.563
9852,0.38,1.14
9853,0.407,1.221
9854,0.54,1.62
9855,0.466,1.398
9856,0.513,1.539
9857,1.667,5.001
9858,1.365,4.095
9859,0.934,2.802
9860,1.134,3.402
9861,1.579,4.737
9862,0.873,2.619
9863,0.513,1.539
9864,0.203,0.609
9865,0.109,0.327
9866,0.133,0.399
9867,0.116,0.348
9868,0.112,0.336
9869,0.39,1.17
9870,0.27,0.81
9871,0.53,1.59
9872,0.411,1.233
9873,0.408,1.224
9874,0.581,1.743
9875,0.655,1.965
9876,0.49,1.47
9877,0.505,1.515
9878,0.517,1.551
9879,0.485,1.455
9880,0.697,2.091
9881,1.163,3.489
9882,0.987,2.961
9883,0.969,2.907
9884,1.053,3.159
9885,0.928,2.784
9886,0.961,2.883
9887,0.54,1.62
9888,0.133,0.399
9889,0.129,0.387
9890,0.128,0.384
9891,0.132,0.396
9892,0.118,0.354
9893,0.37,1.11
9894,0.19,0.57
9895,0.807,2.421
9896,0.598,1.794
9897,0.316,0.948
9898,0.404,1.212
9899,0.313,0.939
9900,0.773,2.319
9901,0.628,1.884
9902,0.413,1.239
9903,0.516,1.548
9904,0.347,1.041
9905,0.78,2.34
9906,0.689,2.067
9907,0.629,1.887
9908,0.648,1.944
9909,0.927,2.781
9910,0.882,2.646
9911,0.697,2.091
9912,0.24,0.72
9913,0.132,0.396
9914,0.156,0.468
9915,0.128,0.384
9916,0.219,0.657
9917,0.263,0.789
9918,0.361,1.083
9919,0.143,0.429
9920,0.506,1.518
9921,0.423,1.269
9922,0.94,2.82
9923,2.76,4.950604617
9924,3.1769999,5.028000268
9925,2.004,4.849615365
9926,0.928,2.784
9927,0.941,2.823
9928,0.903,2.709
9929,1.485,4.455
9930,1.005,3.015
9931,1.175,3.525
9932,0.948,2.844
9933,1.347,4.041
9934,1.293,3.879
9935,0.644,1.932
9936,0.112,0.336
9937,0.108,0.324
9938,0.116,0.348
9939,0.115,0.345
9940,0.366,1.098
9941,0.14,0.42
9942,0.224,0.672
9943,0.585,1.755
9944,0.384,1.152
9945,0.381,1.143
9946,0.32,0.96
9947,0.295,0.885
9948,0.233,0.699
9949,0.116,0.348
9950,0.296,0.888
9951,1.563,4.689
9952,1.72,5.172826919
9953,1.082,3.246
9954,0.857,2.571
9955,0.789,2.367
9956,1.019,3.057
9957,0.892,2.676
9958,0.789,2.367
9959,0.704,2.112
9960,0.434,1.302
9961,0.144,0.432
9962,0.111,0.333
9963,0.115,0.345
9964,0.129,0.387
9965,0.485,1.455
9966,0.149,0.447
9967,0.317,0.951
9968,0.496,1.488
9969,0.452,1.356
9970,0.664,1.992
9971,0.594,1.782
9972,0.635,1.905
9973,0.628,1.884
9974,0.85,2.55
9975,0.41,1.23
9976,0.576,1.728
9977,0.827,2.481
9978,1.046,3.138
9979,1.304,3.912
9980,1.201,3.603
9981,1.358,4.074
9982,1.065,3.195
9983,0.323,0.969
9984,0.112,0.336
9985,0.107,0.321
9986,0.117,0.351
9987,0.106,0.318
9988,0.276,0.828
9989,0.295,0.885
9990,0.265,0.795
9991,0.466,1.398
9992,0.788,2.364
9993,0.758,2.274
9994,1.111,3.333
9995,0.726,2.178
9996,0.418,1.254
9997,0.32,0.96
9998,0.501,1.503
9999,0.28,0.84
10000,0.783,2.349
10001,1.55,4.65
10002,0.832,2.496
10003,1.371,4.113
10004,1.402,4.206
10005,1.515,4.545
10006,1.242,3.726
10007,0.66,1.98
10008,0.58,1.74
10009,0.541,1.623
10010,0.424,1.272
10011,0.149,0.447
10012,0.291,0.873
10013,0.329,0.987
10014,0.212,0.636
10015,0.495,1.485
10016,0.581,1.743
10017,0.462,1.386
10018,0.193,0.579
10019,0.211,0.633
10020,0.342,1.026
10021,0.304,0.912
10022,0.314,0.942
10023,0.426,1.278
10024,0.603,1.809
10025,0.61,1.83
10026,0.829,2.487
10027,0.826,2.478
10028,0.883,2.649
10029,0.754,2.262
10030,0.342,1.026
10031,0.174,0.522
10032,0.105,0.315
10033,0.11,0.33
10034,0.114,0.342
10035,0.108,0.324
10036,0.266,0.798
10037,0.435,1.305
10038,0.134,0.402
10039,0.276,0.828
10040,0.513,1.539
10041,0.684,2.052
10042,0.501,1.503
10043,0.111,0.333
10044,0.114,0.342
10045,0.113,0.339
10046,0.115,0.345
10047,0.821,2.463
10048,0.57,1.71
10049,0.748,2.244
10050,0.625,1.875
10051,0.748,2.244
10052,1.25,3.75
10053,0.682,2.046
10054,0.753,2.259
10055,0.639,1.917
10056,0.449,1.347
10057,0.252,0.756
10058,0.104,0.312
10059,0.111,0.333
10060,0.106,0.318
10061,0.584,1.752
10062,0.658,1.974
10063,0.397,1.191
10064,0.732,2.196
10065,0.661,1.983
10066,0.846,2.538
10067,0.272,0.816
10068,0.11,0.33
10069,0.107,0.321
10070,0.119,0.357
10071,0.624,1.872
10072,0.66,1.98
10073,0.383,1.149
10074,0.379,1.137
10075,0.648,1.944
10076,0.826,2.478
10077,1.179,3.537
10078,0.917,2.751
10079,1.151,3.453
10080,0.533,1.599
10081,0.113,0.339
10082,0.107,0.321
10083,0.108,0.324
10084,0.109,0.327
10085,0.131,0.393
10086,0.134,0.402
10087,0.357,1.071
10088,1.893,5.042330222
10089,2.022,4.973081282
10090,2.044,4.826400277
10091,1.722,4.672767724
10092,2.5860001,4.782955739
10093,3.696,4.904178328
10094,1.427,4.281
10095,0.82,2.46
10096,0.998,2.994
10097,1.009,3.027
10098,1.151,3.453
10099,0.751,2.253
10100,0.755,2.265
10101,1.066,3.198
10102,0.772,2.316
10103,0.713,2.139
10104,0.11,0.33
10105,0.113,0.339
10106,0.109,0.327
10107,0.114,0.342
10108,0.11,0.33
10109,0.262,0.786
10110,0.4,1.2
10111,0.478,1.434
10112,0.581,1.743
10113,0.326,0.978
10114,0.292,0.876
10115,0.466,1.398
10116,0.455,1.365
10117,0.375,1.125
10118,1.827,5.038846855
10119,0.531,1.593
10120,0.583,1.749
10121,0.616,1.848
10122,0.859,2.577
10123,1.108,3.324
10124,1.573,4.719
10125,0.731,2.193
10126,0.702,2.106
10127,0.561,1.683
10128,0.663,1.989
10129,0.138,0.414
10130,0.109,0.327
10131,0.146,0.438
10132,0.146,0.438
10133,0.131,0.393
10134,0.589,1.767
10135,0.333,0.999
10136,0.464,1.392
10137,0.823,2.469
10138,0.595,1.785
10139,0.733,2.199
10140,0.707,2.121
10141,1.218,3.654
10142,1.939,5.087483774
10143,0.813,2.439
10144,0.879,2.637
10145,0.933,2.799
10146,0.984,2.952
10147,0.818,2.454
10148,0.809,2.427
10149,0.849,2.547
10150,0.769,2.307
10151,0.412,1.236
10152,0.112,0.336
10153,0.13,0.39
10154,0.141,0.423
10155,0.113,0.339
10156,0.105,0.315
10157,0.131,0.393
10158,0.385,1.155
10159,1.082,3.246
10160,0.452,1.356
10161,0.297,0.891
10162,0.452,1.356
10163,0.336,1.008
10164,0.48,1.44
10165,0.351,1.053
10166,0.306,0.918
10167,0.397,1.191
10168,0.3,0.9
10169,0.511,1.533
10170,1.377,4.131
10171,1.219,3.657
10172,1.131,3.393
10173,1.264,3.792
10174,1.226,3.678
10175,0.575,1.725
10176,0.167,0.501
10177,0.111,0.333
10178,0.104,0.312
10179,0.112,0.336
10180,0.108,0.324
10181,0.319,0.957
10182,0.249,0.747
10183,0.398,1.194
10184,0.719,2.157
10185,0.501,1.503
10186,0.493,1.479
10187,0.296,0.888
10188,0.47,1.41
10189,0.339,1.017
10190,0.371,1.113
10191,0.567,1.701
10192,0.861,2.583
10193,1.353,4.059
10194,0.656,1.968
10195,0.761,2.283
10196,1.245,3.735
10197,1.119,3.357
10198,0.723,2.169
10199,0.638,1.914
10200,0.149,0.447
10201,0.107,0.321
10202,0.109,0.327
10203,0.115,0.345
10204,0.135,0.405
10205,0.219,0.657
10206,0.311,0.933
10207,0.298,0.894
10208,0.587,1.761
10209,0.166,0.498
10210,0.15,0.45
10211,0.117,0.351
10212,0.142,0.426
10213,0.127,0.381
10214,0.261,0.783
10215,0.304,0.912
10216,0.241,0.723
10217,0.176,0.528
10218,0.849,2.547
10219,1.112,3.336
10220,1.247,3.741
10221,0.739,2.217
10222,0.781,2.343
10223,0.389,1.167
10224,0.143,0.429
10225,0.104,0.312
10226,0.104,0.312
10227,0.104,0.312
10228,0.105,0.315
10229,0.397,1.191
10230,0.239,0.717
10231,1.319,3.957
10232,1.043,3.129
10233,0.712,2.136
10234,0.633,1.899
10235,0.454,1.362
10236,0.34,1.02
10237,0.288,0.864
10238,0.283,0.849
10239,0.494,1.482
10240,0.3,0.9
10241,0.422,1.266
10242,0.275,0.825
10243,0.913,2.739
10244,1.536,4.608
10245,1.258,3.774
10246,1.054,3.162
10247,0.727,2.181
10248,0.153,0.459
10249,0.112,0.336
10250,0.115,0.345
10251,0.115,0.345
10252,0.107,0.321
10253,0.203,0.609
10254,0.13,0.39
10255,0.217,0.651
10256,0.458,1.374
10257,0.558,1.674
10258,0.483,1.449
10259,0.582,1.746
10260,1.562,4.686
10261,3.973,5.036691077
10262,2.4009999,4.937586399
10263,1.179,3.537
10264,0.986,2.958
10265,0.896,2.688
10266,0.866,2.598
10267,0.877,2.631
10268,0.942,2.826
10269,0.669,2.007
10270,0.999,2.997
10271,0.98,2.94
10272,0.548,1.644
10273,0.175,0.525
10274,0.139,0.417
10275,0.113,0.339
10276,0.114,0.342
10277,0.481,1.443
10278,0.224,0.672
10279,0.468,1.404
10280,0.479,1.437
10281,0.298,0.894
10282,0.331,0.993
10283,0.311,0.933
10284,0.205,0.615
10285,0.405,1.215
10286,0.299,0.897
10287,0.463,1.389
10288,0.669,2.007
10289,0.497,1.491
10290,0.65,1.95
10291,0.605,1.815
10292,2.038,5.008586622
10293,1.431,4.293
10294,0.931,2.793
10295,0.594,1.782
10296,0.103,0.309
10297,0.139,0.417
10298,0.107,0.321
10299,0.11,0.33
10300,0.254,0.762
10301,0.488,1.464
10302,0.241,0.723
10303,0.154,0.462
10304,0.344,1.032
10305,0.423,1.269
10306,0.452,1.356
10307,0.463,1.389
10308,0.457,1.371
10309,0.262,0.786
10310,0.584,1.752
10311,1.051,3.153
10312,0.415,1.245
10313,0.469,1.407
10314,0.614,1.842
10315,0.463,1.389
10316,0.694,2.082
10317,0.694,2.082
10318,0.726,2.178
10319,0.247,0.741
10320,0.124,0.372
10321,0.117,0.351
10322,0.108,0.324
10323,0.122,0.366
10324,0.159,0.477
10325,0.454,1.362
10326,0.59,1.77
10327,0.404,1.212
10328,0.12,0.36
10329,0.347,1.041
10330,0.398,1.194
10331,0.301,0.903
10332,0.376,1.128
10333,0.466,1.398
10334,0.415,1.245
10335,0.433,1.299
10336,0.531,1.593
10337,0.957,2.871
10338,1.09,3.27
10339,0.894,2.682
10340,0.962,2.886
10341,0.792,2.376
10342,0.59,1.77
10343,0.157,0.471
10344,0.143,0.429
10345,0.099,0.297
10346,0.123,0.369
10347,0.111,0.333
10348,0.364,1.092
10349,0.259,0.777
10350,0.487,1.461
10351,0.483,1.449
10352,0.371,1.113
10353,0.464,1.392
10354,1.021,3.063
10355,1.303,3.909
10356,0.774,2.322
10357,0.84,2.52
10358,0.372,1.116
10359,0.314,0.942
10360,0.602,1.806
10361,1.041,3.123
10362,1.283,3.849
10363,0.893,2.679
10364,0.81,2.43
10365,0.875,2.625
10366,0.575,1.725
10367,0.107,0.321
10368,0.125,0.375
10369,0.105,0.315
10370,0.124,0.372
10371,0.127,0.381
10372,0.109,0.327
10373,0.577,1.731
10374,0.978,2.934
10375,0.517,1.551
10376,0.639,1.917
10377,0.598,1.794
10378,0.157,0.471
10379,0.154,0.462
10380,0.165,0.495
10381,0.218,0.654
10382,0.631,1.893
10383,0.415,1.245
10384,0.356,1.068
10385,0.636,1.908
10386,0.621,1.863
10387,0.851,2.553
10388,0.516,1.548
10389,0.551,1.653
10390,0.619,1.857
10391,0.225,0.675
10392,0.141,0.423
10393,0.109,0.327
10394,0.119,0.357
10395,0.115,0.345
10396,0.109,0.327
10397,0.113,0.339
10398,0.186,0.558
10399,0.573,1.719
10400,1.227,3.681
10401,0.595,1.785
10402,1.282,3.846
10403,0.564,1.692
10404,0.917,2.751
10405,1.051,3.153
10406,0.791,2.373
10407,0.364,1.092
10408,0.32,0.96
10409,0.299,0.897
10410,0.575,1.725
10411,0.595,1.785
10412,0.537,1.611
10413,0.69,2.07
10414,0.723,2.169
10415,0.194,0.582
10416,0.108,0.324
10417,0.11,0.33
10418,0.133,0.399
10419,0.102,0.306
10420,0.093,0.279
10421,0.484,1.452
10422,0.52,1.56
10423,0.425,1.275
10424,0.342,1.026
10425,0.465,1.395
10426,1.146,3.438
10427,2.854,5.077999491
10428,3.9370002,5.065404945
10429,1.961,4.854716042
10430,0.838,2.514
10431,0.713,2.139
10432,0.852,2.556
10433,0.786,2.358
10434,0.818,2.454
10435,1.296,3.888
10436,0.59,1.77
10437,0.593,1.779
10438,0.375,1.125
10439,0.106,0.318
10440,0.129,0.387
10441,0.109,0.327
10442,0.103,0.309
10443,0.094,0.282
10444,0.3,0.9
10445,0.291,0.873
10446,0.52,1.56
10447,0.477,1.431
10448,0.63,1.89
10449,0.411,1.233
10450,0.741,2.223
10451,0.849,2.547
10452,0.726,2.178
10453,0.764,2.292
10454,0.903,2.709
10455,0.928,2.784
10456,0.762,2.286
10457,0.913,2.739
10458,0.924,2.772
10459,2.012,5.084018437
10460,0.989,2.967
10461,0.808,2.424
10462,0.381,1.143
10463,0.13,0.39
10464,0.108,0.324
10465,0.103,0.309
10466,0.103,0.309
10467,0.122,0.366
10468,0.418,1.254
10469,0.328,0.984
10470,0.54,1.62
10471,0.284,0.852
10472,0.572,1.716
10473,0.816,2.448
10474,0.464,1.392
10475,0.71,2.13
10476,0.489,1.467
10477,0.317,0.951
10478,0.315,0.945
10479,0.338,1.014
10480,0.543,1.629
10481,1,3
10482,2.026,4.833678151
10483,1.081,3.243
10484,0.642,1.926
10485,0.282,0.846
10486,0.117,0.351
10487,0.099,0.297
10488,0.108,0.324
10489,0.133,0.399
10490,0.093,0.279
10491,0.097,0.291
10492,0.533,1.599
10493,0.7,2.1
10494,0.679,2.037
10495,0.377,1.131
10496,0.319,0.957
10497,0.444,1.332
10498,0.262,0.786
10499,0.335,1.005
10500,0.458,1.374
10501,0.727,2.181
10502,0.377,1.131
10503,0.272,0.816
10504,0.448,1.344
10505,0.857,2.571
10506,0.756,2.268
10507,1.212,3.636
10508,1.944,5.000293718
10509,1.452,4.356
10510,0.592,1.776
10511,0.131,0.393
10512,0.13,0.39
10513,0.125,0.375
10514,0.132,0.396
10515,0.12,0.36
10516,0.337,1.011
10517,0.457,1.371
10518,0.443,1.329
10519,0.292,0.876
10520,0.529,1.587
10521,0.282,0.846
10522,0.474,1.422
10523,1.342,4.026
10524,2.463,5.159506766
10525,1.107,3.321
10526,0.781,2.343
10527,0.827,2.481
10528,0.749,2.247
10529,0.96,2.88
10530,0.798,2.394
10531,0.971,2.913
10532,0.917,2.751
10533,0.817,2.451
10534,0.28,0.84
10535,0.106,0.318
10536,0.103,0.309
10537,0.102,0.306
10538,0.118,0.354
10539,0.105,0.315
10540,0.282,0.846
10541,0.265,0.795
10542,0.45,1.35
10543,0.459,1.377
10544,0.444,1.332
10545,0.508,1.524
10546,0.233,0.699
10547,0.246,0.738
10548,0.278,0.834
10549,0.424,1.272
10550,0.422,1.266
10551,0.426,1.278
10552,0.664,1.992
10553,0.871,2.613
10554,1.132,3.396
10555,1.35,4.05
10556,1.064,3.192
10557,0.712,2.136
10558,0.517,1.551
10559,0.339,1.017
10560,0.119,0.357
10561,0.113,0.339
10562,0.104,0.312
10563,0.1,0.3
10564,0.265,0.795
10565,0.356,1.068
10566,0.438,1.314
10567,0.763,2.289
10568,0.461,1.383
10569,0.477,1.431
10570,0.541,1.623
10571,0.599,1.797
10572,0.646,1.938
10573,0.585,1.755
10574,0.562,1.686
10575,1.002,3.006
10576,0.661,1.983
10577,0.77,2.31
10578,0.685,2.055
10579,0.933,2.799
10580,0.798,2.394
10581,1.434,4.302
10582,0.597,1.791
10583,0.282,0.846
10584,0.153,0.459
10585,0.126,0.378
10586,0.131,0.393
10587,0.135,0.405
10588,0.501,1.503
10589,0.54,1.62
10590,0.732,2.196
10591,0.495,1.485
10592,1.675,5.025
10593,1.182,3.546
10594,1.029,3.087
10595,2.69,5.08911182
10596,3.0299999,4.997238165
10597,1.796,5.047746809
10598,1.115,3.345
10599,0.442,1.326
10600,0.574,1.722
10601,0.699,2.097
10602,0.609,1.827
10603,0.862,2.586
10604,0.755,2.265
10605,0.707,2.121
10606,0.899,2.697
10607,0.435,1.305
10608,0.116,0.348
10609,0.103,0.309
10610,0.24,0.72
10611,0.427,1.281
10612,0.289,0.867
10613,0.276,0.828
10614,0.654,1.962
10615,0.568,1.704
10616,0.405,1.215
10617,0.442,1.326
10618,0.105,0.315
10619,0.452,1.356
10620,0.482,1.446
10621,0.41,1.23
10622,0.296,0.888
10623,0.206,0.618
10624,0.203,0.609
10625,0.293,0.879
10626,1.152,3.456
10627,1.326,3.978
10628,0.703,2.109
10629,0.843,2.529
10630,0.222,0.666
10631,0.105,0.315
10632,0.112,0.336
10633,0.122,0.366
10634,0.112,0.336
10635,0.105,0.315
10636,0.473,1.419
10637,0.568,1.704
10638,0.493,1.479
10639,0.786,2.358
10640,0.702,2.106
10641,0.644,1.932
10642,1.142,3.426
10643,1.185,3.555
10644,0.462,1.386
10645,0.427,1.281
10646,0.972,2.916
10647,0.715,2.145
10648,0.302,0.906
10649,0.269,0.807
10650,0.678,2.034
10651,0.872,2.616
10652,0.901,2.703
10653,0.735,2.205
10654,0.274,0.822
10655,0.162,0.486
10656,0.099,0.297
10657,0.097,0.291
10658,0.106,0.318
10659,0.096,0.288
10660,0.32,0.96
10661,0.281,0.843
10662,0.363,1.089
10663,0.294,0.882
10664,0.458,1.374
10665,0.295,0.885
10666,0.449,1.347
10667,0.399,1.197
10668,0.346,1.038
10669,0.351,1.053
10670,1.659,4.977
10671,0.997,2.991
10672,0.449,1.347
10673,0.303,0.909
10674,0.344,1.032
10675,0.808,2.424
10676,0.838,2.514
10677,0.902,2.706
10678,0.797,2.391
10679,0.774,2.322
10680,0.11,0.33
10681,0.111,0.333
10682,0.13,0.39
10683,0.108,0.324
10684,0.238,0.714
10685,0.555,1.665
10686,0.781,2.343
10687,0.73,2.19
10688,0.358,1.074
10689,0.133,0.399
10690,0.13,0.39
10691,0.121,0.363
10692,0.255,0.765
10693,0.368,1.104
10694,0.108,0.324
10695,0.097,0.291
10696,0.313,0.939
10697,1.351,4.053
10698,1.041,3.123
10699,0.612,1.836
10700,0.709,2.127
10701,1.111,3.333
10702,1.061,3.183
10703,0.212,0.636
10704,0.106,0.318
10705,0.112,0.336
10706,0.108,0.324
10707,0.111,0.333
10708,0.286,0.858
10709,0.597,1.791
10710,0.748,2.244
10711,1.525,4.575
10712,0.537,1.611
10713,0.412,1.236
10714,0.29,0.87
10715,0.284,0.852
10716,0.284,0.852
10717,0.435,1.305
10718,0.427,1.281
10719,0.344,1.032
10720,0.306,0.918
10721,0.436,1.308
10722,1.14,3.42
10723,0.914,2.742
10724,0.868,2.604
10725,0.793,2.379
10726,1.078,3.234
10727,0.862,2.586
10728,0.167,0.501
10729,0.103,0.309
10730,0.105,0.315
10731,0.1,0.3
10732,0.769,2.307
10733,0.319,0.957
10734,0.456,1.368
10735,0.47,1.41
10736,0.367,1.101
10737,0.312,0.936
10738,0.475,1.425
10739,1.469,4.407
10740,1.205,3.615
10741,0.476,1.428
10742,0.141,0.423
10743,0.144,0.432
10744,0.146,0.438
10745,0.146,0.438
10746,0.223,0.669
10747,0.259,0.777
10748,0.226,0.678
10749,0.272,0.816
10750,0.774,2.322
10751,0.47,1.41
10752,0.389,1.167
10753,0.128,0.384
10754,0.127,0.381
10755,0.129,0.387
10756,0.13,0.39
10757,0.586,1.758
10758,0.275,0.825
10759,0.262,0.786
10760,0.404,1.212
10761,0.416,1.248
10762,0.465,1.395
10763,0.282,0.846
10764,0.524,1.572
10765,0.599,1.797
10766,0.467,1.401
10767,0.481,1.443
10768,0.64,1.92
10769,0.926,2.778
10770,0.77,2.31
10771,1.036,3.108
10772,0.977,2.931
10773,1.178,3.534
10774,0.97,2.91
10775,0.384,1.152
10776,0.121,0.363
10777,0.102,0.306
10778,0.108,0.324
10779,0.11,0.33
10780,0.103,0.309
10781,0.252,0.756
10782,0.563,1.689
10783,0.479,1.437
10784,0.601,1.803
10785,0.634,1.902
10786,0.758,2.274
10787,0.824,2.472
10788,0.643,1.929
10789,0.611,1.833
10790,0.681,2.043
10791,0.571,1.713
10792,0.58,1.74
10793,0.678,2.034
10794,0.745,2.235
10795,0.834,2.502
10796,1.208,3.624
10797,0.827,2.481
10798,0.948,2.844
10799,0.369,1.107
10800,0.109,0.327
10801,0.106,0.318
10802,0.109,0.327
10803,0.11,0.33
10804,0.303,0.909
10805,0.278,0.834
10806,0.461,1.383
10807,0.433,1.299
10808,0.486,1.458
10809,0.609,1.827
10810,0.793,2.379
10811,0.627,1.881
10812,0.659,1.977
10813,0.686,2.058
10814,0.437,1.311
10815,0.578,1.734
10816,0.788,2.364
10817,0.95,2.85
10818,1.27,3.81
10819,0.931,2.793
10820,0.761,2.283
10821,0.743,2.229
10822,0.647,1.941
10823,0.326,0.978
10824,0.144,0.432
10825,0.099,0.297
10826,0.106,0.318
10827,0.102,0.306
10828,0.1,0.3
10829,0.1,0.3
10830,0.405,1.215
10831,0.297,0.891
10832,0.404,1.212
10833,0.948,2.844
10834,1.48,4.44
10835,0.607,1.821
10836,0.417,1.251
10837,0.142,0.426
10838,0.868,2.604
10839,0.406,1.218
10840,0.518,1.554
10841,1.491,4.473
10842,1.687,5.061
10843,0.984,2.952
10844,1.176,3.528
10845,1.382,4.146
10846,0.741,2.223
10847,0.155,0.465
10848,0.116,0.348
10849,0.113,0.339
10850,0.136,0.408
10851,0.105,0.315
10852,0.104,0.312
10853,0.384,1.152
10854,0.477,1.431
10855,0.588,1.764
10856,0.465,1.395
10857,0.589,1.767
10858,0.675,2.025
10859,0.906,2.718
10860,0.693,2.079
10861,0.361,1.083
10862,0.548,1.644
10863,0.976,2.928
10864,0.891,2.673
10865,1.121,3.363
10866,0.88,2.64
10867,0.911,2.733
10868,0.763,2.289
10869,0.908,2.724
10870,0.665,1.995
10871,0.257,0.771
10872,0.115,0.345
10873,0.107,0.321
10874,0.114,0.342
10875,0.101,0.303
10876,0.113,0.339
10877,0.674,2.022
10878,0.238,0.714
10879,0.316,0.948
10880,0.49,1.47
10881,0.329,0.987
10882,0.297,0.891
10883,0.52,1.56
10884,0.508,1.524
10885,0.489,1.467
10886,0.325,0.975
10887,0.161,0.483
10888,0.291,0.873
10889,0.592,1.776
10890,0.659,1.977
10891,0.806,2.418
10892,0.694,2.082
10893,0.935,2.805
10894,0.799,2.397
10895,0.229,0.687
10896,0.113,0.339
10897,0.135,0.405
10898,0.104,0.312
10899,0.221,0.663
10900,0.602,1.806
10901,0.329,0.987
10902,0.437,1.311
10903,0.652,1.956
10904,0.52,1.56
10905,0.53,1.59
10906,0.702,2.106
10907,0.882,2.646
10908,1.311,3.933
10909,0.667,2.001
10910,0.595,1.785
10911,0.654,1.962
10912,0.665,1.995
10913,0.746,2.238
10914,0.741,2.223
10915,0.762,2.286
10916,0.599,1.797
10917,0.728,2.184
10918,0.77,2.31
10919,0.779,2.337
10920,0.499,1.497
10921,0.111,0.333
10922,0.107,0.321
10923,0.122,0.366
10924,0.322,0.966
10925,0.226,0.678
10926,0.327,0.981
10927,0.48,1.44
10928,0.35,1.05
10929,0.328,0.984
10930,0.683,2.049
10931,0.426,1.278
10932,0.468,1.404
10933,0.736,2.208
10934,2.552,4.913058986
10935,0.466,1.398
10936,1.195,3.585
10937,2.0689999,5.032533792
10938,0.669,2.007
10939,0.589,1.767
10940,1.045,3.135
10941,0.671,2.013
10942,0.71,2.13
10943,0.202,0.606
10944,0.113,0.339
10945,0.1,0.3
10946,0.113,0.339
10947,0.105,0.315
10948,0.112,0.336
10949,0.505,1.515
10950,0.431,1.293
10951,0.598,1.794
10952,1.092,3.276
10953,0.902,2.706
10954,2.255,4.932356137
10955,2.891,4.920531679
10956,2.823,5.012554978
10957,0.848,2.544
10958,2.139,5.008681816
10959,0.568,1.704
10960,0.459,1.377
10961,0.692,2.076
10962,0.7,2.1
10963,0.842,2.526
10964,0.528,1.584
10965,0.437,1.311
10966,0.263,0.789
10967,0.102,0.306
10968,0.104,0.312
10969,0.125,0.375
10970,0.313,0.939
10971,0.107,0.321
10972,0.298,0.894
10973,0.213,0.639
10974,0.267,0.801
10975,0.546,1.638
10976,0.45,1.35
10977,0.536,1.608
10978,0.466,1.398
10979,0.491,1.473
10980,0.773,2.319
10981,0.451,1.353
10982,0.466,1.398
10983,0.491,1.473
10984,0.991,2.973
10985,2.1669999,5.16477441
10986,1.122,3.366
10987,0.768,2.304
10988,0.636,1.908
10989,0.626,1.878
10990,0.296,0.888
10991,0.116,0.348
10992,0.106,0.318
10993,0.12,0.36
10994,0.203,0.609
10995,0.138,0.414
10996,0.396,1.188
10997,0.212,0.636
10998,0.569,1.707
10999,0.444,1.332
11000,0.609,1.827
11001,0.672,2.016
11002,0.559,1.677
11003,0.67,2.01
11004,0.549,1.647
11005,0.355,1.065
11006,0.339,1.017
11007,0.159,0.477
11008,1.3859999,4.1579997
11009,1.166,3.498
11010,1.042,3.126
11011,1.326,3.978
11012,0.515,1.545
11013,1.747,5.041112143
11014,0.67,2.01
11015,0.285,0.855
11016,0.163,0.489
11017,0.137,0.411
11018,0.116,0.348
11019,0.129,0.387
11020,0.433,1.299
11021,0.28,0.84
11022,0.451,1.353
11023,1.754,5.216821426
11024,0.791,2.373
11025,0.615,1.845
11026,0.308,0.924
11027,0.833,2.499
11028,0.4,1.2
11029,0.384,1.152
11030,0.136,0.408
11031,0.102,0.306
11032,0.098,0.294
11033,0.409,1.227
11034,0.631,1.893
11035,0.601,1.803
11036,0.578,1.734
11037,0.753,2.259
11038,0.165,0.495
11039,0.142,0.426
11040,0.131,0.393
11041,0.139,0.417
11042,0.162,0.486
11043,0.125,0.375
11044,0.312,0.936
11045,0.259,0.777
11046,0.421,1.263
11047,0.655,1.965
11048,0.539,1.617
11049,0.479,1.437
11050,0.432,1.296
11051,0.145,0.435
11052,0.151,0.453
11053,0.155,0.465
11054,0.311,0.933
11055,0.229,0.687
11056,0.192,0.576
11057,1.405,4.215
11058,0.828,2.484
11059,0.41,1.23
11060,0.515,1.545
11061,0.468,1.404
11062,0.18,0.54
11063,0.139,0.417
11064,0.145,0.435
11065,0.125,0.375
11066,0.122,0.366
11067,0.119,0.357
11068,0.817,2.451
11069,0.747,2.241
11070,0.755,2.265
11071,0.39,1.17
11072,0.324,0.972
11073,0.527,1.581
11074,0.219,0.657
11075,0.536,1.608
11076,0.595,1.785
11077,0.608,1.824
11078,0.474,1.422
11079,0.6,1.8
11080,0.803,2.409
11081,0.585,1.755
11082,0.813,2.439
11083,0.658,1.974
11084,0.722,2.166
11085,0.564,1.692
11086,0.366,1.098
11087,0.108,0.324
11088,0.106,0.318
11089,0.111,0.333
11090,0.103,0.309
11091,0.216,0.648
11092,0.134,0.402
11093,0.1,0.3
11094,0.265,0.795
11095,0.314,0.942
11096,0.48,1.44
11097,0.453,1.359
11098,1.7649999,5.088099786
11099,2.6740001,4.952838645
11100,2.462,4.88542838
11101,0.659,1.977
11102,0.616,1.848
11103,0.43,1.29
11104,0.53,1.59
11105,0.461,1.383
11106,0.599,1.797
11107,0.785,2.355
11108,0.684,2.052
11109,0.466,1.398
11110,0.397,1.191
11111,0.168,0.504
11112,0.128,0.384
11113,0.132,0.396
11114,0.108,0.324
11115,0.102,0.306
11116,0.405,1.215
11117,0.328,0.984
11118,0.599,1.797
11119,0.56,1.68
11120,0.585,1.755
11121,0.414,1.242
11122,0.211,0.633
11123,0.396,1.188
11124,1.089,3.267
11125,0.266,0.798
11126,0.281,0.843
11127,0.308,0.924
11128,0.351,1.053
11129,0.838,2.514
11130,0.658,1.974
11131,0.628,1.884
11132,0.557,1.671
11133,0.395,1.185
11134,0.141,0.423
11135,0.123,0.369
11136,0.136,0.408
11137,0.127,0.381
11138,0.124,0.372
11139,0.217,0.651
11140,0.3,0.9
11141,0.274,0.822
11142,0.421,1.263
11143,0.698,2.094
11144,0.736,2.208
11145,0.664,1.992
11146,0.673,2.019
11147,0.691,2.073
11148,0.425,1.275
11149,0.372,1.116
11150,0.298,0.894
11151,1.196,3.588
11152,1.233,3.699
11153,1.439,4.317
11154,0.705,2.115
11155,0.844,2.532
11156,1.196,3.588
11157,0.624,1.872
11158,0.202,0.606
11159,0.124,0.372
11160,0.13,0.39
11161,0.106,0.318
11162,0.127,0.381
11163,0.214,0.642
11164,0.258,0.774
11165,0.236,0.708
11166,0.465,1.395
11167,0.289,0.867
11168,0.266,0.798
11169,0.126,0.378
11170,0.26,0.78
11171,0.145,0.435
11172,0.3,0.9
11173,0.251,0.753
11174,0.251,0.753
11175,0.234,0.702
11176,0.257,0.771
11177,0.376,1.128
11178,1.964,5.066319832
11179,0.721,2.163
11180,0.688,2.064
11181,0.318,0.954
11182,0.127,0.381
11183,0.124,0.372
11184,0.11,0.33
11185,0.121,0.363
11186,0.13,0.39
11187,0.176,0.528
11188,0.196,0.588
11189,0.338,1.014
11190,0.423,1.269
11191,0.33,0.99
11192,0.259,0.777
11193,0.276,0.828
11194,0.194,0.582
11195,1.844,4.91970694
11196,1.867,5.035962456
11197,0.69,2.07
11198,0.196,0.588
11199,0.185,0.555
11200,1.353,4.059
11201,0.929,2.787
11202,0.531,1.593
11203,0.588,1.764
11204,0.76,2.28
11205,1.212,3.636
11206,0.721,2.163
11207,0.417,1.251
11208,0.136,0.408
11209,0.122,0.366
11210,0.106,0.318
11211,0.119,0.357
11212,0.103,0.309
11213,0.417,1.251
11214,0.491,1.473
11215,0.548,1.644
11216,0.424,1.272
11217,0.495,1.485
11218,0.254,0.762
11219,0.117,0.351
11220,0.105,0.315
11221,0.319,0.957
11222,0.222,0.666
11223,0.229,0.687
11224,0.269,0.807
11225,0.512,1.536
11226,0.364,1.092
11227,0.94,2.82
11228,0.834,2.502
11229,0.809,2.427
11230,0.62,1.86
11231,0.172,0.516
11232,0.15,0.45
11233,0.121,0.363
11234,0.116,0.348
11235,0.12,0.36
11236,0.258,0.774
11237,0.244,0.732
11238,0.705,2.115
11239,0.256,0.768
11240,0.373,1.119
11241,0.563,1.689
11242,0.597,1.791
11243,0.633,1.899
11244,0.678,2.034
11245,0.673,2.019
11246,0.981,2.943
11247,0.628,1.884
11248,0.581,1.743
11249,0.589,1.767
11250,0.684,2.052
11251,0.752,2.256
11252,0.686,2.058
11253,0.656,1.968
11254,0.245,0.735
11255,0.14,0.42
11256,0.116,0.348
11257,0.126,0.378
11258,0.119,0.357
11259,0.128,0.384
11260,0.232,0.696
11261,0.409,1.227
11262,0.786,2.358
11263,0.536,1.608
11264,1.343,4.029
11265,1.458,4.374
11266,1.583,4.749
11267,1.908,5.027121745
11268,2.521,5.076188461
11269,0.703,2.109
11270,0.519,1.557
11271,0.402,1.206
11272,0.779,2.337
11273,0.396,1.188
11274,1.256,3.768
11275,0.679,2.037
11276,1.395,4.185
11277,2.506,4.924966506
11278,1.45,4.35
11279,0.446,1.338
11280,0.138,0.414
11281,0.152,0.456
11282,0.153,0.459
11283,0.135,0.405
11284,0.205,0.615
11285,0.32,0.96
11286,0.234,0.702
11287,0.479,1.437
11288,0.435,1.305
11289,0.392,1.176
11290,0.173,0.519
11291,0.191,0.573
11292,0.21,0.63
11293,0.199,0.597
11294,0.396,1.188
11295,0.348,1.044
11296,0.34,1.02
11297,0.297,0.891
11298,0.443,1.329
11299,0.494,1.482
11300,0.582,1.746
11301,0.663,1.989
11302,0.194,0.582
11303,0.127,0.381
11304,0.122,0.366
11305,0.135,0.405
11306,0.137,0.411
11307,0.138,0.414
11308,0.388,1.164
11309,0.268,0.804
11310,0.566,1.698
11311,0.544,1.632
11312,0.527,1.581
11313,0.521,1.563
11314,0.495,1.485
11315,1.478,4.434
11316,2.001,4.981560475
11317,0.728,2.184
11318,0.442,1.326
11319,0.434,1.302
11320,0.27,0.81
11321,1.409,4.227
11322,1.186,3.558
11323,0.539,1.617
11324,0.565,1.695
11325,1.104,3.312
11326,0.257,0.771
11327,0.159,0.477
11328,0.124,0.372
11329,0.143,0.429
11330,0.125,0.375
11331,0.122,0.366
11332,0.438,1.314
11333,0.23,0.69
11334,0.363,1.089
11335,0.369,1.107
11336,0.594,1.782
11337,0.414,1.242
11338,0.541,1.623
11339,1.506,4.518
11340,0.961,2.883
11341,0.22,0.66
11342,0.135,0.405
11343,0.395,1.185
11344,0.229,0.687
11345,0.242,0.726
11346,0.272,0.816
11347,0.55,1.65
11348,1.06,3.18
11349,1.031,3.093
11350,0.339,1.017
11351,0.169,0.507
11352,0.136,0.408
11353,0.114,0.342
11354,0.123,0.369
11355,0.114,0.342
11356,0.219,0.657
11357,0.498,1.494
11358,0.132,0.396
11359,0.498,1.494
11360,0.395,1.185
11361,0.529,1.587
11362,0.363,1.089
11363,0.228,0.684
11364,0.216,0.648
11365,0.288,0.864
11366,0.23,0.69
11367,0.223,0.669
11368,0.223,0.669
11369,0.322,0.966
11370,0.263,0.789
11371,1.129,3.387
11372,1.224,3.672
11373,0.71,2.13
11374,0.495,1.485
11375,0.233,0.699
11376,0.236,0.708
11377,0.226,0.678
11378,0.227,0.681
11379,0.228,0.684
11380,0.303,0.909
11381,0.364,1.092
11382,0.485,1.455
11383,0.403,1.209
11384,0.35,1.05
11385,0.512,1.536
11386,0.413,1.239
11387,0.341,1.023
11388,0.306,0.918
11389,0.425,1.275
11390,0.318,0.954
11391,0.448,1.344
11392,0.229,0.687
11393,0.734,2.202
11394,1.341,4.023
11395,0.719,2.157
11396,0.603,1.809
11397,0.362,1.086
11398,0.154,0.462
11399,0.109,0.327
11400,0.137,0.411
11401,0.145,0.435
11402,0.123,0.369
11403,0.101,0.303
11404,0.262,0.786
11405,0.257,0.771
11406,0.255,0.765
11407,0.237,0.711
11408,0.357,1.071
11409,0.242,0.726
11410,0.225,0.675
11411,0.236,0.708
11412,0.339,1.017
11413,0.221,0.663
11414,0.257,0.771
11415,0.255,0.765
11416,0.236,0.708
11417,0.213,0.639
11418,0.29,0.87
11419,0.31,0.93
11420,0.321,0.963
11421,0.654,1.962
11422,0.51,1.53
11423,0.162,0.486
11424,0.159,0.477
11425,0.159,0.477
11426,0.145,0.435
11427,0.16,0.48
11428,0.237,0.711
11429,0.23,0.69
11430,0.197,0.591
11431,0.204,0.612
11432,0.212,0.636
11433,1.264,3.792
11434,1.911,4.988765481
11435,2.9009999,5.095681108
11436,2.3989999,5.130224615
11437,0.547,1.641
11438,0.257,0.771
11439,0.234,0.702
11440,0.319,0.957
11441,0.296,0.888
11442,0.485,1.455
11443,0.304,0.912
11444,0.426,1.278
11445,0.861,2.583
11446,0.199,0.597
11447,0.155,0.465
11448,0.122,0.366
11449,0.129,0.387
11450,0.126,0.378
11451,0.121,0.363
11452,0.123,0.369
11453,0.462,1.386
11454,0.695,2.085
11455,0.632,1.896
11456,0.423,1.269
11457,0.23,0.69
11458,0.238,0.714
11459,0.274,0.822
11460,0.297,0.891
11461,0.242,0.726
11462,1.637,4.911
11463,1.74,4.98995968
11464,2.207,5.044169429
11465,0.28,0.84
11466,0.643,1.929
11467,0.63,1.89
11468,0.669,2.007
11469,0.902,2.706
11470,1.067,3.201
11471,0.959,2.877
11472,0.414,1.242
11473,0.188,0.564
11474,0.13,0.39
11475,0.13,0.39
11476,0.13,0.39
11477,0.156,0.468
11478,0.164,0.492
11479,0.142,0.426
11480,0.454,1.362
11481,0.245,0.735
11482,0.483,1.449
11483,0.508,1.524
11484,0.669,2.007
11485,0.418,1.254
11486,0.364,1.092
11487,0.378,1.134
11488,0.422,1.266
11489,1.223,3.669
11490,1.115,3.345
11491,0.613,1.839
11492,0.545,1.635
11493,0.887,2.661
11494,0.395,1.185
11495,0.143,0.429
11496,0.128,0.384
11497,0.136,0.408
11498,0.129,0.387
11499,0.123,0.369
11500,0.128,0.384
11501,0.127,0.381
11502,0.192,0.576
11503,0.358,1.074
11504,0.43,1.29
11505,0.437,1.311
11506,0.25,0.75
11507,0.237,0.711
11508,0.237,0.711
11509,0.236,0.708
11510,0.243,0.729
11511,0.233,0.699
11512,0.251,0.753
11513,0.251,0.753
11514,0.26,0.78
11515,0.687,2.061
11516,0.513,1.539
11517,0.824,2.472
11518,0.302,0.906
11519,0.126,0.378
11520,0.148,0.444
11521,0.123,0.369
11522,0.143,0.429
11523,0.128,0.384
11524,0.173,0.519
11525,0.197,0.591
11526,0.232,0.696
11527,0.331,0.993
11528,0.499,1.497
11529,0.477,1.431
11530,0.423,1.269
11531,0.378,1.134
11532,0.555,1.665
11533,0.375,1.125
11534,0.388,1.164
11535,0.248,0.744
11536,0.198,0.594
11537,0.308,0.924
11538,0.462,1.386
11539,0.556,1.668
11540,0.536,1.608
11541,0.61,1.83
11542,0.642,1.926
11543,0.347,1.041
11544,0.126,0.378
11545,0.13,0.39
11546,0.141,0.423
11547,0.126,0.378
11548,0.144,0.432
11549,0.249,0.747
11550,0.214,0.642
11551,0.444,1.332
11552,0.526,1.578
11553,0.44,1.32
11554,0.346,1.038
11555,0.269,0.807
11556,0.232,0.696
11557,0.214,0.642
11558,0.343,1.029
11559,0.321,0.963
11560,0.323,0.969
11561,0.313,0.939
11562,1.513,4.539
11563,1.216,3.648
11564,0.601,1.803
11565,0.704,2.112
11566,0.82,2.46
11567,0.126,0.378
11568,0.128,0.384
11569,0.129,0.387
11570,0.114,0.342
11571,0.157,0.471
11572,0.117,0.351
11573,0.127,0.381
11574,0.254,0.762
11575,0.248,0.744
11576,0.42,1.26
11577,0.209,0.627
11578,0.373,1.119
11579,0.328,0.984
11580,0.404,1.212
11581,0.401,1.203
11582,0.413,1.239
11583,0.259,0.777
11584,0.279,0.837
11585,0.149,0.447
11586,0.157,0.471
11587,0.482,1.446
11588,0.563,1.689
11589,1.4169999,4.2509997
11590,0.896,2.688
11591,0.527,1.581
11592,0.309,0.927
11593,0.109,0.327
11594,0.114,0.342
11595,0.117,0.351
11596,0.106,0.318
11597,0.144,0.432
11598,0.102,0.306
11599,0.115,0.345
11600,0.697,2.091
11601,0.699,2.097
11602,2.4319999,5.05625979
11603,1.921,4.820119205
11604,3.572,4.895128507
11605,1.086,3.258
11606,0.508,1.524
11607,0.318,0.954
11608,0.238,0.714
11609,0.224,0.672
11610,0.437,1.311
11611,0.64,1.92
11612,0.728,2.184
11613,1.1,3.3
11614,0.333,0.999
11615,0.132,0.396
11616,0.124,0.372
11617,0.137,0.411
11618,0.129,0.387
11619,0.184,0.552
11620,1.305,3.915
11621,0.375,1.125
11622,0.285,0.855
11623,0.514,1.542
11624,0.537,1.611
11625,0.24,0.72
11626,0.32,0.96
11627,0.242,0.726
11628,0.168,0.504
11629,0.141,0.423
11630,0.185,0.555
11631,0.255,0.765
11632,0.248,0.744
11633,0.251,0.753
11634,0.553,1.659
11635,0.489,1.467
11636,1.473,4.419
11637,1.317,3.951
11638,0.485,1.455
11639,0.125,0.375
11640,0.143,0.429
11641,0.121,0.363
11642,0.128,0.384
11643,0.12,0.36
11644,0.123,0.369
11645,0.228,0.684
11646,0.204,0.612
11647,0.222,0.666
11648,0.239,0.717
11649,0.405,1.215
11650,0.32,0.96
11651,1.149,3.447
11652,0.444,1.332
11653,0.251,0.753
11654,0.726,2.178
11655,0.823,2.469
11656,0.566,1.698
11657,0.299,0.897
11658,1.8080001,4.879361149
11659,0.537,1.611
11660,0.517,1.551
11661,0.574,1.722
11662,0.862,2.586
11663,0.481,1.443
11664,0.45,1.35
11665,0.129,0.387
11666,0.118,0.354
11667,0.12,0.36
11668,0.205,0.615
11669,0.147,0.441
11670,0.142,0.426
11671,0.35,1.05
11672,0.19,0.57
11673,0.303,0.909
11674,0.245,0.735
11675,0.367,1.101
11676,0.24,0.72
11677,0.24,0.72
11678,0.294,0.882
11679,0.379,1.137
11680,0.222,0.666
11681,0.197,0.591
11682,0.657,1.971
11683,0.591,1.773
11684,0.516,1.548
11685,0.596,1.788
11686,0.586,1.758
11687,0.295,0.885
11688,0.123,0.369
11689,0.128,0.384
11690,0.133,0.399
11691,0.145,0.435
11692,0.16,0.48
11693,0.218,0.654
11694,0.233,0.699
11695,0.389,1.167
11696,0.419,1.257
11697,0.311,0.933
11698,0.434,1.302
11699,0.286,0.858
11700,0.242,0.726
11701,0.217,0.651
11702,0.237,0.711
11703,0.18,0.54
11704,0.166,0.498
11705,0.243,0.729
11706,1.356,4.068
11707,0.343,1.029
11708,0.519,1.557
11709,0.793,2.379
11710,1.035,3.105
11711,0.941,2.823
11712,0.345,1.035
11713,0.129,0.387
11714,0.121,0.363
11715,0.126,0.378
11716,0.121,0.363
11717,0.17,0.51
11718,0.616,1.848
11719,0.803,2.409
11720,0.522,1.566
11721,0.465,1.395
11722,0.692,2.076
11723,0.449,1.347
11724,0.302,0.906
11725,0.227,0.681
11726,0.246,0.738
11727,0.223,0.669
11728,0.237,0.711
11729,0.216,0.648
11730,0.129,0.387
11731,0.356,1.068
11732,0.537,1.611
11733,0.603,1.809
11734,0.716,2.148
11735,0.44,1.32
11736,0.118,0.354
11737,0.145,0.435
11738,0.118,0.354
11739,0.128,0.384
11740,0.38,1.14
11741,1.079,3.237
11742,0.8,2.4
11743,0.508,1.524
11744,0.833,2.499
11745,1.229,3.687
11746,0.704,2.112
11747,0.52,1.56
11748,0.457,1.371
11749,0.334,1.002
11750,0.268,0.804
11751,0.364,1.092
11752,0.266,0.798
11753,0.338,1.014
11754,0.221,0.663
11755,0.357,1.071
11756,0.44,1.32
11757,0.548,1.644
11758,0.445,1.335
11759,0.122,0.366
11760,0.125,0.375
11761,0.12,0.36
11762,0.135,0.405
11763,0.121,0.363
11764,0.122,0.366
11765,0.145,0.435
11766,0.119,0.357
11767,0.111,0.333
11768,0.136,0.408
11769,0.398,1.194
11770,0.243,0.729
11771,0.223,0.669
11772,0.273,0.819
11773,0.286,0.858
11774,0.325,0.975
11775,0.231,0.693
11776,0.476,1.428
11777,0.265,0.795
11778,0.244,0.732
11779,0.334,1.002
11780,0.689,2.067
11781,0.628,1.884
11782,0.492,1.476
11783,0.126,0.378
11784,0.146,0.438
11785,0.125,0.375
11786,0.144,0.432
11787,0.132,0.396
11788,1.209,3.627
11789,0.425,1.275
11790,0.268,0.804
11791,0.185,0.555
11792,0.129,0.387
11793,0.376,1.128
11794,0.738,2.214
11795,0.627,1.881
11796,1.809,4.981093211
11797,0.527,1.581
11798,0.451,1.353
11799,0.447,1.341
11800,0.658,1.974
11801,0.425,1.275
11802,0.447,1.341
11803,0.438,1.314
11804,0.62,1.86
11805,0.467,1.401
11806,0.782,2.346
11807,0.452,1.356
11808,0.13,0.39
11809,0.145,0.435
11810,0.16,0.48
11811,0.139,0.417
11812,0.202,0.606
11813,0.256,0.768
11814,0.162,0.486
11815,0.143,0.429
11816,0.393,1.179
11817,0.224,0.672
11818,0.251,0.753
11819,0.314,0.942
11820,0.159,0.477
11821,0.235,0.705
11822,0.23,0.69
11823,0.318,0.954
11824,0.202,0.606
11825,0.701,2.103
11826,0.37,1.11
11827,0.261,0.783
11828,0.335,1.005
11829,0.35,1.05
11830,0.686,2.058
11831,0.211,0.633
11832,0.135,0.405
11833,0.133,0.399
11834,0.125,0.375
11835,0.146,0.438
11836,0.284,0.852
11837,0.209,0.627
11838,0.24,0.72
11839,0.431,1.293
11840,0.361,1.083
11841,0.306,0.918
11842,0.249,0.747
11843,0.263,0.789
11844,0.263,0.789
11845,0.229,0.687
11846,0.125,0.375
11847,0.265,0.795
11848,0.231,0.693
11849,0.536,1.608
11850,0.749,2.247
11851,0.71,2.13
11852,0.567,1.701
11853,0.372,1.116
11854,0.363,1.089
11855,0.148,0.444
11856,0.121,0.363
11857,0.128,0.384
11858,0.164,0.492
11859,0.142,0.426
11860,0.229,0.687
11861,0.232,0.696
11862,0.217,0.651
11863,0.438,1.314
11864,0.298,0.894
11865,0.565,1.695
11866,0.506,1.518
11867,0.656,1.968
11868,0.458,1.374
11869,0.379,1.137
11870,0.248,0.744
11871,0.247,0.741
11872,0.275,0.825
11873,0.772,2.316
11874,1.365,4.095
11875,1.165,3.495
11876,1.494,4.482
11877,0.689,2.067
11878,0.213,0.639
11879,0.125,0.375
11880,0.129,0.387
11881,0.122,0.366
11882,0.132,0.396
11883,0.127,0.381
11884,0.201,0.603
11885,0.176,0.528
11886,0.228,0.684
11887,0.344,1.032
11888,0.485,1.455
11889,0.342,1.026
11890,0.289,0.867
11891,0.234,0.702
11892,0.235,0.705
11893,0.243,0.729
11894,0.288,0.864
11895,0.233,0.699
11896,0.225,0.675
11897,0.466,1.398
11898,1.625,4.875
11899,0.29,0.87
11900,0.356,1.068
11901,0.489,1.467
11902,0.409,1.227
11903,0.131,0.393
11904,0.118,0.354
11905,0.122,0.366
11906,0.136,0.408
11907,0.188,0.564
11908,0.167,0.501
11909,0.146,0.438
11910,0.119,0.357
11911,0.181,0.543
11912,0.123,0.369
11913,0.173,0.519
11914,0.118,0.354
11915,0.249,0.747
11916,0.259,0.777
11917,0.229,0.687
11918,0.239,0.717
11919,0.34,1.02
11920,0.229,0.687
11921,0.184,0.552
11922,0.128,0.384
11923,0.518,1.554
11924,0.537,1.611
11925,0.752,2.256
11926,0.662,1.986
11927,0.479,1.437
11928,0.134,0.402
11929,0.131,0.393
11930,0.132,0.396
11931,0.196,0.588
11932,0.214,0.642
11933,0.188,0.564
11934,0.188,0.564
11935,0.183,0.549
11936,0.189,0.567
11937,0.461,1.383
11938,0.594,1.782
11939,2.768,5.161288489
11940,3.955,4.992194222
11941,3.0619999,5.013018099
11942,0.448,1.344
11943,0.347,1.041
11944,0.404,1.212
11945,0.563,1.689
11946,0.513,1.539
11947,0.521,1.563
11948,0.516,1.548
11949,0.54,1.62
11950,0.54,1.62
11951,0.348,1.044
11952,0.15,0.45
11953,0.15,0.45
11954,0.136,0.408
11955,0.275,0.825
11956,0.193,0.579
11957,0.171,0.513
11958,0.198,0.594
11959,0.431,1.293
11960,0.499,1.497
11961,0.542,1.626
11962,0.373,1.119
11963,0.27,0.81
11964,0.281,0.843
11965,0.275,0.825
11966,0.264,0.792
11967,0.279,0.837
11968,0.259,0.777
11969,0.227,0.681
11970,0.946,2.838
11971,0.349,1.047
11972,0.447,1.341
11973,0.621,1.863
11974,0.171,0.513
11975,0.124,0.372
11976,0.13,0.39
11977,0.171,0.513
11978,0.151,0.453
11979,0.125,0.375
11980,0.179,0.537
11981,0.13,0.39
11982,0.125,0.375
11983,0.273,0.819
11984,0.243,0.729
11985,0.29,0.87
11986,0.36,1.08
11987,0.237,0.711
11988,0.24,0.72
11989,0.254,0.762
11990,0.242,0.726
11991,0.238,0.714
11992,0.118,0.354
11993,0.211,0.633
11994,1.581,4.743
11995,0.981,2.943
11996,0.535,1.605
11997,0.502,1.506
11998,0.577,1.731
11999,0.187,0.561
12000,0.137,0.411
12001,0.182,0.546
12002,0.122,0.366
12003,0.135,0.405
12004,0.24,0.72
12005,0.15,0.45
12006,0.155,0.465
12007,0.406,1.218
12008,0.466,1.398
12009,0.438,1.314
12010,0.461,1.383
12011,0.563,1.689
12012,0.398,1.194
12013,0.247,0.741
12014,0.227,0.681
12015,0.262,0.786
12016,0.295,0.885
12017,0.269,0.807
12018,0.237,0.711
12019,0.258,0.774
12020,0.324,0.972
12021,0.373,1.119
12022,0.414,1.242
12023,0.128,0.384
12024,0.128,0.384
12025,0.124,0.372
12026,0.129,0.387
12027,0.204,0.612
12028,0.817,2.451
12029,0.253,0.759
12030,0.121,0.363
12031,0.187,0.561
12032,0.114,0.342
12033,0.124,0.372
12034,0.135,0.405
12035,0.127,0.381
12036,0.143,0.429
12037,0.335,1.005
12038,0.224,0.672
12039,0.606,1.818
12040,0.339,1.017
12041,0.221,0.663
12042,0.224,0.672
12043,0.308,0.924
12044,0.392,1.176
12045,0.306,0.918
12046,0.402,1.206
12047,0.232,0.696
12048,0.23,0.69
12049,0.223,0.669
12050,0.235,0.705
12051,0.139,0.417
12052,0.88,2.64
12053,1.253,3.759
12054,0.407,1.221
12055,0.566,1.698
12056,0.528,1.584
12057,0.456,1.368
12058,0.243,0.729
12059,0.282,0.846
12060,0.304,0.912
12061,0.219,0.657
12062,0.225,0.675
12063,0.345,1.035
12064,0.215,0.645
12065,0.85,2.55
12066,0.414,1.242
12067,0.313,0.939
12068,0.265,0.795
12069,0.294,0.882
12070,0.427,1.281
12071,0.356,1.068
12072,0.133,0.399
12073,0.127,0.381
12074,0.126,0.378
12075,0.167,0.501
12076,0.202,0.606
12077,0.165,0.495
12078,0.136,0.408
12079,0.288,0.864
12080,0.138,0.414
12081,0.273,0.819
12082,0.249,0.747
12083,0.113,0.339
12084,0.116,0.348
12085,0.142,0.426
12086,0.145,0.435
12087,0.235,0.705
12088,0.308,0.924
12089,0.216,0.648
12090,0.181,0.543
12091,0.205,0.615
12092,0.437,1.311
12093,0.665,1.995
12094,0.498,1.494
12095,0.484,1.452
12096,0.373,1.119
12097,0.147,0.441
12098,0.125,0.375
12099,0.127,0.381
12100,0.341,1.023
12101,0.354,1.062
12102,0.339,1.017
12103,0.533,1.599
12104,0.521,1.563
12105,0.458,1.374
12106,0.464,1.392
12107,1.017,3.051
12108,0.279,0.837
12109,0.168,0.504
12110,0.153,0.459
12111,0.152,0.456
12112,0.167,0.501
12113,0.184,0.552
12114,0.439,1.317
12115,0.366,1.098
12116,0.32,0.96
12117,0.42,1.26
12118,0.764,2.292
12119,0.248,0.744
12120,0.128,0.384
12121,0.129,0.387
12122,0.119,0.357
12123,0.118,0.354
12124,0.147,0.441
12125,0.143,0.429
12126,0.223,0.669
12127,0.286,0.858
12128,0.212,0.636
12129,0.207,0.621
12130,0.331,0.993
12131,0.147,0.441
12132,0.153,0.459
12133,0.156,0.468
12134,0.401,1.203
12135,0.244,0.732
12136,0.278,0.834
12137,0.283,0.849
12138,1.754,5.305697405
12139,1.66,4.98
12140,0.664,1.992
12141,0.608,1.824
12142,0.638,1.914
12143,0.21,0.63
12144,0.128,0.384
12145,0.14,0.42
12146,0.123,0.369
12147,0.132,0.396
12148,0.189,0.567
12149,0.193,0.579
12150,0.193,0.579
12151,0.254,0.762
12152,0.262,0.786
12153,0.264,0.792
12154,0.279,0.837
12155,0.437,1.311
12156,0.354,1.062
12157,0.278,0.834
12158,0.293,0.879
12159,0.37,1.11
12160,0.382,1.146
12161,0.383,1.149
12162,1.115,3.345
12163,0.641,1.923
12164,0.543,1.629
12165,0.431,1.293
12166,0.471,1.413
12167,0.409,1.227
12168,0.15,0.45
12169,0.144,0.432
12170,0.152,0.456
12171,0.143,0.429
12172,0.165,0.495
12173,0.6,1.8
12174,0.267,0.801
12175,0.381,1.143
12176,0.333,0.999
12177,0.343,1.029
12178,0.575,1.725
12179,0.394,1.182
12180,0.4,1.2
12181,0.42,1.26
12182,0.333,0.999
12183,0.291,0.873
12184,0.238,0.714
12185,0.225,0.675
12186,0.225,0.675
12187,0.386,1.158
12188,0.78,2.34
12189,0.528,1.584
12190,0.258,0.774
12191,0.127,0.381
12192,0.128,0.384
12193,0.127,0.381
12194,0.128,0.384
12195,0.127,0.381
12196,0.131,0.393
12197,0.25,0.75
12198,0.268,0.804
12199,0.307,0.921
12200,0.249,0.747
12201,0.266,0.798
12202,0.381,1.143
12203,0.229,0.687
12204,0.32,0.96
12205,0.21,0.63
12206,0.149,0.447
12207,0.222,0.666
12208,0.247,0.741
12209,0.377,1.131
12210,0.575,1.725
12211,0.357,1.071
12212,0.373,1.119
12213,0.39,1.17
12214,0.51,1.53
12215,0.227,0.681
12216,0.12,0.36
12217,0.12,0.36
12218,0.122,0.366
12219,0.131,0.393
12220,0.212,0.636
12221,0.179,0.537
12222,0.161,0.483
12223,0.322,0.966
12224,0.487,1.461
12225,0.681,2.043
12226,0.461,1.383
12227,0.517,1.551
12228,0.339,1.017
12229,0.469,1.407
12230,0.322,0.966
12231,0.341,1.023
12232,0.341,1.023
12233,0.344,1.032
12234,0.427,1.281
12235,0.373,1.119
12236,0.405,1.215
12237,0.335,1.005
12238,0.368,1.104
12239,0.341,1.023
12240,0.134,0.402
12241,0.12,0.36
12242,0.1,0.3
12243,0.122,0.366
12244,0.119,0.357
12245,0.187,0.561
12246,0.15,0.45
12247,0.175,0.525
12248,0.193,0.579
12249,0.493,1.479
12250,0.208,0.624
12251,0.226,0.678
12252,0.228,0.684
12253,0.3,0.9
12254,0.222,0.666
12255,0.148,0.444
12256,0.194,0.582
12257,0.466,1.398
12258,0.518,1.554
12259,0.46,1.38
12260,0.468,1.404
12261,0.606,1.818
12262,1.557,4.671
12263,0.597,1.791
12264,0.476,1.428
12265,0.318,0.954
12266,0.123,0.369
12267,0.145,0.435
12268,0.138,0.414
12269,0.125,0.375
12270,0.75,2.25
12271,2.745,4.86756699
12272,1.598,4.794
12273,1.679,5.037
12274,1.6799999,5.0399997
12275,1.503,4.509
12276,2.342,5.07967201
12277,2.5479999,4.933699938
12278,0.642,1.926
12279,0.848,2.544
12280,0.468,1.404
12281,0.42,1.26
12282,0.424,1.272
12283,0.582,1.746
12284,0.466,1.398
12285,0.508,1.524
12286,0.706,2.118
12287,0.865,2.595
12288,0.386,1.158
12289,0.127,0.381
12290,0.126,0.378
12291,0.129,0.387
12292,0.124,0.372
12293,0.114,0.342
12294,0.358,1.074
12295,0.248,0.744
12296,0.192,0.576
12297,0.125,0.375
12298,0.179,0.537
12299,0.121,0.363
12300,0.16,0.48
12301,0.149,0.447
12302,0.123,0.369
12303,0.149,0.447
12304,0.145,0.435
12305,0.61,1.83
12306,0.443,1.329
12307,0.226,0.678
12308,0.33,0.99
12309,0.587,1.761
12310,0.599,1.797
12311,0.185,0.555
12312,0.137,0.411
12313,0.127,0.381
12314,0.135,0.405
12315,0.144,0.432
12316,0.214,0.642
12317,0.186,0.558
12318,0.189,0.567
12319,0.212,0.636
12320,0.761,2.283
12321,0.488,1.464
12322,0.244,0.732
12323,0.233,0.699
12324,0.229,0.687
12325,0.616,1.848
12326,0.672,2.016
12327,0.262,0.786
12328,0.228,0.684
12329,1.14,3.42
12330,0.337,1.011
12331,0.417,1.251
12332,0.435,1.305
12333,0.483,1.449
12334,0.676,2.028
12335,0.192,0.576
12336,0.17,0.51
12337,0.163,0.489
12338,0.143,0.429
12339,0.151,0.453
12340,0.209,0.627
12341,0.368,1.104
12342,0.175,0.525
12343,0.167,0.501
12344,0.329,0.987
12345,0.301,0.903
12346,0.379,1.137
12347,0.247,0.741
12348,0.251,0.753
12349,0.251,0.753
12350,0.244,0.732
12351,0.228,0.684
12352,0.33,0.99
12353,0.143,0.429
12354,0.58,1.74
12355,1.012,3.036
12356,0.555,1.665
12357,0.517,1.551
12358,0.542,1.626
12359,0.48,1.44
12360,0.136,0.408
12361,0.116,0.348
12362,0.114,0.342
12363,0.125,0.375
12364,0.17,0.51
12365,0.184,0.552
12366,0.183,0.549
12367,0.197,0.591
12368,0.357,1.071
12369,0.34,1.02
12370,0.349,1.047
12371,0.244,0.732
12372,0.197,0.591
12373,0.437,1.311
12374,0.232,0.696
12375,0.287,0.861
12376,1.553,4.659
12377,0.518,1.554
12378,0.715,2.145
12379,0.583,1.749
12380,0.421,1.263
12381,1.213,3.639
12382,0.599,1.797
12383,0.754,2.262
12384,0.197,0.591
12385,0.11,0.33
12386,0.121,0.363
12387,0.124,0.372
12388,0.155,0.465
12389,0.17,0.51
12390,0.139,0.417
12391,0.295,0.885
12392,0.36,1.08
12393,0.245,0.735
12394,0.197,0.591
12395,0.115,0.345
12396,0.123,0.369
12397,0.12,0.36
12398,0.225,0.675
12399,0.281,0.843
12400,0.372,1.116
12401,0.398,1.194
12402,1.396,4.188
12403,0.517,1.551
12404,1.46,4.38
12405,0.77,2.31
12406,0.531,1.593
12407,0.47,1.41
12408,0.174,0.522
12409,0.137,0.411
12410,0.131,0.393
12411,0.163,0.489
12412,0.128,0.384
12413,0.117,0.351
12414,0.125,0.375
12415,0.527,1.581
12416,0.335,1.005
12417,0.165,0.495
12418,0.168,0.504
12419,0.198,0.594
12420,0.218,0.654
12421,0.336,1.008
12422,0.224,0.672
12423,0.246,0.738
12424,0.124,0.372
12425,0.311,0.933
12426,0.243,0.729
12427,0.458,1.374
12428,0.216,0.648
12429,0.409,1.227
12430,2.042,5.059317093
12431,2.336,4.966643776
12432,0.998,2.994
12433,0.431,1.293
12434,0.144,0.432
12435,0.137,0.411
12436,0.133,0.399
12437,0.132,0.396
12438,0.133,0.399
12439,0.129,0.387
12440,0.124,0.372
12441,0.145,0.435
12442,0.89,2.67
12443,0.648,1.944
12444,2.4080001,4.906112977
12445,2.632,4.940688488
12446,0.532,1.596
12447,0.575,1.725
12448,0.573,1.719
12449,0.387,1.161
12450,0.447,1.341
12451,0.602,1.806
12452,0.569,1.707
12453,0.369,1.107
12454,0.487,1.461
12455,0.471,1.413
12456,0.154,0.462
12457,0.152,0.456
12458,0.151,0.453
12459,0.156,0.468
12460,0.151,0.453
12461,0.397,1.191
12462,0.854,2.562
12463,0.203,0.609
12464,0.126,0.378
12465,0.13,0.39
12466,0.136,0.408
12467,0.145,0.435
12468,0.141,0.423
12469,0.145,0.435
12470,0.14,0.42
12471,0.201,0.603
12472,0.236,0.708
12473,0.219,0.657
12474,0.522,1.566
12475,1.954,4.918133243
12476,1.033,3.099
12477,0.81,2.43
12478,0.868,2.604
12479,0.771,2.313
12480,0.106,0.318
12481,0.105,0.315
12482,0.108,0.324
12483,0.104,0.312
12484,0.108,0.324
12485,0.105,0.315
12486,0.103,0.309
12487,0.095,0.285
12488,0.149,0.447
12489,0.157,0.471
12490,0.147,0.441
12491,0.125,0.375
12492,0.383,1.149
12493,0.523,1.569
12494,0.294,0.882
12495,0.244,0.732
12496,0.364,1.092
12497,0.225,0.675
12498,0.44,1.32
12499,0.527,1.581
12500,0.495,1.485
12501,0.52,1.56
12502,0.517,1.551
12503,0.232,0.696
12504,0.185,0.555
12505,0.152,0.456
12506,0.152,0.456
12507,0.142,0.426
12508,0.142,0.426
12509,0.643,1.929
12510,0.807,2.421
12511,0.551,1.653
12512,0.396,1.188
12513,0.392,1.176
12514,0.409,1.227
12515,0.418,1.254
12516,0.338,1.014
12517,0.182,0.546
12518,0.414,1.242
12519,0.34,1.02
12520,0.427,1.281
12521,0.618,1.854
12522,0.609,1.827
12523,0.624,1.872
12524,0.615,1.845
12525,0.604,1.812
12526,0.84,2.52
12527,1.008,3.024
12528,0.145,0.435
12529,0.138,0.414
12530,0.126,0.378
12531,0.132,0.396
12532,0.129,0.387
12533,0.304,0.912
12534,0.476,1.428
12535,0.228,0.684
12536,0.273,0.819
12537,0.23,0.69
12538,0.223,0.669
12539,0.243,0.729
12540,0.247,0.741
12541,0.228,0.684
12542,0.234,0.702
12543,0.253,0.759
12544,0.233,0.699
12545,0.281,0.843
12546,0.173,0.519
12547,1.275,3.825
12548,1.296,3.888
12549,0.588,1.764
12550,0.797,2.391
12551,0.323,0.969
12552,0.13,0.39
12553,0.126,0.378
12554,0.148,0.444
12555,0.126,0.378
12556,0.144,0.432
12557,0.138,0.414
12558,1.272,3.816
12559,0.534,1.602
12560,0.433,1.299
12561,0.393,1.179
12562,0.251,0.753
12563,0.272,0.816
12564,0.327,0.981
12565,0.24,0.72
12566,0.25,0.75
12567,0.146,0.438
12568,0.199,0.597
12569,0.24,0.72
12570,0.244,0.732
12571,1.181,3.543
12572,1.646,4.938
12573,0.993,2.979
12574,0.439,1.317
12575,0.212,0.636
12576,0.138,0.414
12577,0.138,0.414
12578,0.139,0.417
12579,0.138,0.414
12580,0.198,0.594
12581,0.429,1.287
12582,0.129,0.387
12583,0.127,0.381
12584,0.178,0.534
12585,0.124,0.372
12586,0.144,0.432
12587,0.296,0.888
12588,0.284,0.852
12589,0.236,0.708
12590,0.232,0.696
12591,0.356,1.068
12592,0.228,0.684
12593,0.235,0.705
12594,0.208,0.624
12595,0.331,0.993
12596,0.427,1.281
12597,0.361,1.083
12598,0.363,1.089
12599,0.267,0.801
12600,0.712,2.136
12601,0.332,0.996
12602,0.129,0.387
12603,0.136,0.408
12604,0.131,0.393
12605,0.125,0.375
12606,0.142,0.426
12607,0.419,1.257
12608,0.725,2.175
12609,0.687,2.061
12610,0.952,2.856
12611,1.481,4.443
12612,1.625,4.875
12613,2.845,4.957431987
12614,1.69,5.07
12615,0.884,2.652
12616,0.461,1.383
12617,0.514,1.542
12618,0.358,1.074
12619,0.333,0.999
12620,0.358,1.074
12621,0.404,1.212
12622,0.724,2.172
12623,0.567,1.701
12624,0.388,1.164
12625,0.201,0.603
12626,0.172,0.516
12627,0.19,0.57
12628,0.176,0.528
12629,0.171,0.513
12630,0.381,1.143
12631,0.813,2.439
12632,1.41,4.23
12633,0.527,1.581
12634,0.525,1.575
12635,0.4,1.2
12636,0.733,2.199
12637,0.484,1.452
12638,0.532,1.596
12639,0.22,0.66
12640,0.261,0.783
12641,0.368,1.104
12642,0.282,0.846
12643,0.384,1.152
12644,1.221,3.663
12645,0.479,1.437
12646,0.764,2.292
12647,0.491,1.473
12648,0.293,0.879
12649,0.238,0.714
12650,0.178,0.534
12651,0.193,0.579
12652,0.624,1.872
12653,0.501,1.503
12654,0.134,0.402
12655,0.119,0.357
12656,0.121,0.363
12657,0.119,0.357
12658,0.143,0.429
12659,0.222,0.666
12660,0.299,0.897
12661,0.571,1.713
12662,0.231,0.693
12663,0.231,0.693
12664,0.257,0.771
12665,0.226,0.678
12666,0.219,0.657
12667,0.224,0.672
12668,0.233,0.699
12669,1.093,3.279
12670,0.72,2.16
12671,0.487,1.461
12672,0.106,0.318
12673,0.117,0.351
12674,0.101,0.303
12675,0.12,0.36
12676,0.098,0.294
12677,0.101,0.303
12678,0.089,0.267
12679,0.136,0.408
12680,0.404,1.212
12681,0.36,1.08
12682,0.359,1.077
12683,0.343,1.029
12684,0.4,1.2
12685,0.354,1.062
12686,0.349,1.047
12687,0.359,1.077
12688,0.418,1.254
12689,0.351,1.053
12690,0.385,1.155
12691,1.628,4.884
12692,0.558,1.674
12693,0.503,1.509
12694,0.861,2.583
12695,0.329,0.987
12696,0.129,0.387
12697,0.136,0.408
12698,0.114,0.342
12699,0.132,0.396
12700,0.245,0.735
12701,0.143,0.429
12702,0.162,0.486
12703,0.169,0.507
12704,0.303,0.909
12705,0.235,0.705
12706,0.233,0.699
12707,0.229,0.687
12708,0.706,2.118
12709,0.391,1.173
12710,0.374,1.122
12711,0.127,0.381
12712,0.177,0.531
12713,0.234,0.702
12714,0.24,0.72
12715,0.267,0.801
12716,0.505,1.515
12717,0.532,1.596
12718,0.419,1.257
12719,0.531,1.593
12720,0.176,0.528
12721,0.142,0.426
12722,0.147,0.441
12723,0.149,0.447
12724,0.207,0.621
12725,0.138,0.414
12726,0.146,0.438
12727,0.132,0.396
12728,0.194,0.582
12729,0.143,0.429
12730,0.141,0.423
12731,0.143,0.429
12732,0.147,0.441
12733,0.14,0.42
12734,0.164,0.492
12735,0.242,0.726
12736,0.354,1.062
12737,0.618,1.854
12738,0.814,2.442
12739,0.346,1.038
12740,0.29,0.87
12741,0.297,0.891
12742,0.418,1.254
12743,0.61,1.83
12744,0.129,0.387
12745,0.127,0.381
12746,0.115,0.345
12747,0.131,0.393
12748,0.146,0.438
12749,0.405,1.215
12750,0.313,0.939
12751,0.19,0.57
12752,0.256,0.768
12753,0.172,0.516
12754,0.133,0.399
12755,0.229,0.687
12756,0.243,0.729
12757,0.237,0.711
12758,0.357,1.071
12759,0.24,0.72
12760,0.297,0.891
12761,0.233,0.699
12762,0.429,1.287
12763,0.465,1.395
12764,0.541,1.623
12765,0.674,2.022
12766,0.489,1.467
12767,0.381,1.143
12768,0.292,0.876
12769,0.126,0.378
12770,0.121,0.363
12771,0.13,0.39
12772,0.124,0.372
12773,1.136,3.408
12774,1.199,3.597
12775,1.056,3.168
12776,0.849,2.547
12777,0.631,1.893
12778,0.209,0.627
12779,1.454,4.362
12780,1.777,5.000808927
12781,2.8329999,5.079653609
12782,1.001,3.003
12783,0.479,1.437
12784,0.453,1.359
12785,0.317,0.951
12786,0.236,0.708
12787,1.711,4.988284111
12788,1.343,4.029
12789,0.565,1.695
12790,0.564,1.692
12791,0.234,0.702
12792,0.138,0.414
12793,0.14,0.42
12794,0.133,0.399
12795,0.115,0.345
12796,0.128,0.384
12797,0.131,0.393
12798,0.203,0.609
12799,0.361,1.083
12800,0.337,1.011
12801,0.237,0.711
12802,0.25,0.75
12803,0.397,1.191
12804,0.235,0.705
12805,0.259,0.777
12806,0.244,0.732
12807,0.288,0.864
12808,0.275,0.825
12809,0.276,0.828
12810,0.584,1.752
12811,0.491,1.473
12812,0.474,1.422
12813,0.642,1.926
12814,0.801,2.403
12815,0.854,2.562
12816,0.295,0.885
12817,0.142,0.426
12818,0.133,0.399
12819,0.138,0.414
12820,0.179,0.537
12821,0.152,0.456
12822,0.128,0.384
12823,0.176,0.528
12824,0.282,0.846
12825,0.259,0.777
12826,0.227,0.681
12827,0.231,0.693
12828,0.162,0.486
12829,0.238,0.714
12830,0.218,0.654
12831,0.23,0.69
12832,0.283,0.849
12833,0.27,0.81
12834,0.341,1.023
12835,0.257,0.771
12836,0.657,1.971
12837,0.639,1.917
12838,0.736,2.208
12839,1.226,3.678
12840,0.841,2.523
12841,0.365,1.095
12842,0.132,0.396
12843,0.136,0.408
12844,0.123,0.369
12845,0.133,0.399
12846,0.129,0.387
12847,0.185,0.555
12848,0.303,0.909
12849,0.303,0.909
12850,0.296,0.888
12851,0.296,0.888
12852,0.273,0.819
12853,0.241,0.723
12854,0.244,0.732
12855,0.246,0.738
12856,0.197,0.591
12857,0.464,1.392
12858,0.646,1.938
12859,0.474,1.422
12860,0.463,1.389
12861,0.474,1.422
12862,0.701,2.103
12863,0.804,2.412
12864,0.314,0.942
12865,0.138,0.414
12866,0.136,0.408
12867,0.136,0.408
12868,0.16,0.48
12869,0.151,0.453
12870,0.195,0.585
12871,0.181,0.543
12872,0.259,0.777
12873,0.255,0.765
12874,0.249,0.747
12875,0.25,0.75
12876,0.268,0.804
12877,0.239,0.717
12878,0.239,0.717
12879,0.235,0.705
12880,0.139,0.417
12881,0.132,0.396
12882,0.486,1.458
12883,0.269,0.807
12884,0.251,0.753
12885,0.252,0.756
12886,0.319,0.957
12887,1.015,3.045
12888,0.164,0.492
12889,0.135,0.405
12890,0.133,0.399
12891,0.138,0.414
12892,0.135,0.405
12893,0.131,0.393
12894,0.133,0.399
12895,0.129,0.387
12896,0.555,1.665
12897,0.299,0.897
12898,0.31,0.93
12899,0.335,1.005
12900,0.296,0.888
12901,0.308,0.924
12902,0.408,1.224
12903,0.3,0.9
12904,0.244,0.732
12905,0.219,0.657
12906,1.502,4.506
12907,0.521,1.563
12908,0.475,1.425
12909,0.318,0.954
12910,0.537,1.611
12911,0.466,1.398
12912,0.212,0.636
12913,0.191,0.573
12914,0.208,0.624
12915,0.199,0.597
12916,0.146,0.438
12917,0.157,0.471
12918,0.139,0.417
12919,0.183,0.549
12920,0.167,0.501
12921,0.139,0.417
12922,0.152,0.456
12923,0.233,0.699
12924,0.226,0.678
12925,0.234,0.702
12926,0.376,1.128
12927,0.228,0.684
12928,0.43,1.29
12929,0.229,0.687
12930,0.233,0.699
12931,0.238,0.714
12932,0.143,0.429
12933,0.358,1.074
12934,0.257,0.771
12935,0.258,0.774
12936,0.258,0.774
12937,0.27,0.81
12938,0.228,0.684
12939,0.173,0.519
12940,0.132,0.396
12941,0.116,0.348
12942,0.127,0.381
12943,0.121,0.363
12944,0.128,0.384
12945,0.126,0.378
12946,1.06,3.18
12947,1.879,4.976505024
12948,3.6510001,5.046449816
12949,2.63,5.12100374
12950,1.06,3.18
12951,0.827,2.481
12952,0.662,1.986
12953,0.628,1.884
12954,0.969,2.907
12955,0.613,1.839
12956,0.589,1.767
12957,0.712,2.136
12958,0.898,2.694
12959,0.645,1.935
12960,0.128,0.384
12961,0.133,0.399
12962,0.125,0.375
12963,0.164,0.492
12964,0.658,1.974
12965,0.288,0.864
12966,0.416,1.248
12967,0.473,1.419
12968,0.559,1.677
12969,0.512,1.536
12970,0.483,1.449
12971,0.428,1.284
12972,0.422,1.266
12973,0.44,1.32
12974,0.54,1.62
12975,0.453,1.359
12976,0.551,1.653
12977,0.454,1.362
12978,0.821,2.463
12979,0.615,1.845
12980,0.899,2.697
12981,0.745,2.235
12982,0.839,2.517
12983,1.336,4.008
12984,0.341,1.023
12985,0.126,0.378
12986,0.128,0.384
12987,0.122,0.366
12988,0.128,0.384
12989,0.119,0.357
12990,0.185,0.555
12991,0.212,0.636
12992,0.319,0.957
12993,0.266,0.798
12994,0.235,0.705
12995,0.236,0.708
12996,0.269,0.807
12997,0.353,1.059
12998,0.228,0.684
12999,0.236,0.708
13000,0.238,0.714
13001,0.321,0.963
13002,0.199,0.597
13003,0.211,0.633
13004,0.272,0.816
13005,0.316,0.948
13006,0.534,1.602
13007,0.805,2.415
13008,0.562,1.686
13009,0.208,0.624
13010,0.197,0.591
13011,0.209,0.627
13012,0.204,0.612
13013,0.305,0.915
13014,0.237,0.711
13015,0.201,0.603
13016,0.291,0.873
13017,0.292,0.876
13018,0.399,1.197
13019,0.301,0.903
13020,0.294,0.882
13021,0.303,0.909
13022,0.292,0.876
13023,0.296,0.888
13024,0.201,0.603
13025,0.423,1.269
13026,0.251,0.753
13027,0.732,2.196
13028,0.496,1.488
13029,0.5,1.5
13030,0.475,1.425
13031,0.45,1.35
13032,0.295,0.885
13033,0.149,0.447
13034,0.157,0.471
13035,0.135,0.405
13036,0.143,0.429
13037,0.19,0.57
13038,0.129,0.387
13039,0.149,0.447
13040,0.208,0.624
13041,0.256,0.768
13042,0.215,0.645
13043,0.235,0.705
13044,0.234,0.702
13045,0.22,0.66
13046,0.239,0.717
13047,0.395,1.185
13048,0.231,0.693
13049,0.239,0.717
13050,0.242,0.726
13051,0.502,1.506
13052,0.669,2.007
13053,0.813,2.439
13054,0.59,1.77
13055,0.602,1.806
13056,0.622,1.866
13057,0.205,0.615
13058,0.151,0.453
13059,0.159,0.477
13060,0.17,0.51
13061,0.19,0.57
13062,0.16,0.48
13063,0.156,0.468
13064,0.197,0.591
13065,0.38,1.14
13066,0.369,1.107
13067,0.221,0.663
13068,0.24,0.72
13069,0.339,1.017
13070,0.493,1.479
13071,0.251,0.753
13072,0.234,0.702
13073,0.399,1.197
13074,0.363,1.089
13075,0.373,1.119
13076,0.53,1.59
13077,0.385,1.155
13078,0.441,1.323
13079,0.441,1.323
13080,0.419,1.257
13081,0.22,0.66
13082,0.201,0.603
13083,0.154,0.462
13084,0.167,0.501
13085,0.18,0.54
13086,0.16,0.48
13087,0.158,0.474
13088,0.161,0.483
13089,0.298,0.894
13090,0.156,0.468
13091,0.134,0.402
13092,0.228,0.684
13093,0.246,0.738
13094,0.235,0.705
13095,0.229,0.687
13096,0.448,1.344
13097,0.375,1.125
13098,0.4,1.2
13099,0.389,1.167
13100,0.414,1.242
13101,0.806,2.418
13102,1.459,4.377
13103,0.725,2.175
13104,0.629,1.887
13105,0.41,1.23
13106,0.211,0.633
13107,0.205,0.615
13108,0.212,0.636
13109,0.2,0.6
13110,0.191,0.573
13111,0.517,1.551
13112,0.883,2.649
13113,1.452,4.356
13114,1.193,3.579
13115,0.666,1.998
13116,2.792,5.042074015
13117,3.09,4.737734185
13118,0.745,2.235
13119,0.501,1.503
13120,0.314,0.942
13121,0.308,0.924
13122,0.344,1.032
13123,0.308,0.924
13124,0.307,0.921
13125,0.551,1.653
13126,0.924,2.772
13127,0.681,2.043
13128,0.297,0.891
13129,0.203,0.609
13130,0.217,0.651
13131,0.216,0.648
13132,0.143,0.429
13133,0.129,0.387
13134,0.211,0.633
13135,0.214,0.642
13136,0.209,0.627
13137,0.206,0.618
13138,0.205,0.615
13139,0.198,0.594
13140,0.332,0.996
13141,0.33,0.99
13142,0.333,0.999
13143,0.301,0.903
13144,0.211,0.633
13145,0.2,0.6
13146,0.257,0.771
13147,0.214,0.642
13148,0.504,1.512
13149,0.487,1.461
13150,0.274,0.822
13151,0.343,1.029
13152,0.194,0.582
13153,0.14,0.42
13154,0.119,0.357
13155,0.142,0.426
13156,0.118,0.354
13157,0.174,0.522
13158,0.129,0.387
13159,0.164,0.492
13160,0.206,0.618
13161,0.25,0.75
13162,0.257,0.771
13163,0.261,0.783
13164,0.354,1.062
13165,0.265,0.795
13166,0.268,0.804
13167,0.184,0.552
13168,0.143,0.429
13169,0.171,0.513
13170,0.263,0.789
13171,0.414,1.242
13172,0.634,1.902
13173,0.887,2.661
13174,1.008,3.024
13175,0.674,2.022
13176,0.338,1.014
13177,0.154,0.462
13178,0.117,0.351
13179,0.153,0.459
13180,0.163,0.489
13181,0.124,0.372
13182,0.136,0.408
13183,2.104,5.013671406
13184,1.013,3.039
13185,0.486,1.458
13186,0.39,1.17
13187,0.435,1.305
13188,0.171,0.513
13189,0.269,0.807
13190,0.223,0.669
13191,0.487,1.461
13192,0.347,1.041
13193,0.298,0.894
13194,0.259,0.777
13195,1.172,3.516
13196,0.328,0.984
13197,0.287,0.861
13198,0.366,1.098
13199,0.421,1.263
13200,0.139,0.417
13201,0.152,0.456
13202,0.165,0.495
13203,0.115,0.345
13204,0.153,0.459
13205,0.153,0.459
13206,0.133,0.399
13207,0.222,0.666
13208,0.304,0.912
13209,0.397,1.191
13210,0.248,0.744
13211,0.224,0.672
13212,0.26,0.78
13213,0.375,1.125
13214,0.237,0.711
13215,0.288,0.864
13216,0.229,0.687
13217,0.202,0.606
13218,0.225,0.675
13219,0.256,0.768
13220,0.277,0.831
13221,0.256,0.768
13222,0.331,0.993
13223,0.539,1.617
13224,0.175,0.525
13225,0.175,0.525
13226,0.092,0.276
13227,0.125,0.375
13228,0.126,0.378
13229,0.12,0.36
13230,0.146,0.438
13231,0.178,0.534
13232,0.179,0.537
13233,0.154,0.462
13234,0.154,0.462
13235,0.171,0.513
13236,0.165,0.495
13237,0.173,0.519
13238,0.169,0.507
13239,0.172,0.516
13240,0.167,0.501
13241,0.106,0.318
13242,1.067,3.201
13243,0.831,2.493
13244,0.296,0.888
13245,0.25,0.75
13246,0.497,1.491
13247,0.623,1.869
13248,0.471,1.413
13249,0.466,1.398
13250,0.505,1.515
13251,0.48,1.44
13252,0.488,1.464
13253,0.475,1.425
13254,0.506,1.518
13255,0.468,1.404
13256,0.386,1.158
13257,0.484,1.452
13258,0.256,0.768
13259,0.333,0.999
13260,0.3,0.9
13261,0.298,0.894
13262,0.304,0.912
13263,0.397,1.191
13264,0.297,0.891
13265,0.213,0.639
13266,0.303,0.909
13267,0.283,0.849
13268,0.23,0.69
13269,0.288,0.864
13270,0.324,0.972
13271,1.383,4.149
13272,0.606,1.818
13273,0.434,1.302
13274,0.134,0.402
13275,0.148,0.444
13276,0.118,0.354
13277,0.119,0.357
13278,0.125,0.375
13279,0.137,0.411
13280,0.142,0.426
13281,0.12,0.36
13282,0.184,0.552
13283,0.345,1.035
13284,1.246,3.738
13285,3.3499999,4.961173364
13286,0.832,2.496
13287,0.724,2.172
13288,0.448,1.344
13289,0.496,1.488
13290,0.944,2.832
13291,0.336,1.008
13292,0.326,0.978
13293,0.436,1.308
13294,0.726,2.178
13295,0.971,2.913
13296,0.811,2.433
13297,0.57,1.71
13298,0.135,0.405
13299,0.114,0.342
13300,0.164,0.492
13301,0.119,0.357
13302,0.167,0.501
13303,0.161,0.483
13304,0.189,0.567
13305,0.137,0.411
13306,0.16,0.48
13307,0.217,0.651
13308,0.327,0.981
13309,0.328,0.984
13310,0.305,0.915
13311,0.431,1.293
13312,0.238,0.714
13313,0.289,0.867
13314,0.455,1.365
13315,0.839,2.517
13316,0.328,0.984
13317,0.25,0.75
13318,0.333,0.999
13319,0.369,1.107
13320,0.24,0.72
13321,0.156,0.468
13322,0.147,0.441
13323,0.144,0.432
13324,0.204,0.612
13325,0.156,0.468
13326,0.162,0.486
13327,0.185,0.555
13328,0.223,0.669
13329,0.491,1.473
13330,0.452,1.356
13331,0.47,1.41
13332,0.483,1.449
13333,0.248,0.744
13334,0.293,0.879
13335,0.402,1.206
13336,0.32,0.96
13337,0.393,1.179
13338,0.258,0.774
13339,1.831,5.174221898
13340,0.404,1.212
13341,0.361,1.083
13342,0.389,1.167
13343,0.342,1.026
13344,0.293,0.879
13345,0.115,0.345
13346,0.125,0.375
13347,0.118,0.354
13348,0.126,0.378
13349,0.157,0.471
13350,0.882,2.646
13351,0.388,1.164
13352,0.423,1.269
13353,0.273,0.819
13354,0.334,1.002
13355,0.438,1.314
13356,0.298,0.894
13357,0.252,0.756
13358,0.257,0.771
13359,0.21,0.63
13360,0.314,0.942
13361,0.254,0.762
13362,0.247,0.741
13363,0.267,0.801
13364,0.582,1.746
13365,0.325,0.975
13366,0.492,1.476
13367,0.862,2.586
13368,0.519,1.557
13369,0.163,0.489
13370,0.14,0.42
13371,0.14,0.42
13372,0.185,0.555
13373,0.205,0.615
13374,0.169,0.507
13375,0.161,0.483
13376,1.225,3.675
13377,0.417,1.251
13378,0.425,1.275
13379,0.419,1.257
13380,0.252,0.756
13381,0.264,0.792
13382,0.253,0.759
13383,0.709,2.127
13384,0.283,0.849
13385,0.181,0.543
13386,0.179,0.537
13387,0.273,0.819
13388,0.272,0.816
13389,1.346,4.038
13390,0.579,1.737
13391,0.649,1.947
13392,1.173,3.519
13393,0.536,1.608
13394,0.278,0.834
13395,0.153,0.459
13396,0.148,0.444
13397,0.151,0.453
13398,0.164,0.492
13399,0.542,1.626
13400,0.58,1.74
13401,0.484,1.452
13402,0.441,1.323
13403,0.312,0.936
13404,0.306,0.918
13405,0.308,0.924
13406,0.209,0.627
13407,0.251,0.753
13408,0.249,0.747
13409,0.249,0.747
13410,0.254,0.762
13411,0.268,0.804
13412,0.249,0.747
13413,0.28,0.84
13414,0.662,1.986
13415,1.326,3.978
13416,1.594,4.782
13417,0.999,2.997
13418,0.46,1.38
13419,0.126,0.378
13420,0.116,0.348
13421,0.116,0.348
13422,0.134,0.402
13423,0.323,0.969
13424,0.683,2.049
13425,0.5,1.5
13426,0.256,0.768
13427,0.855,2.565
13428,0.209,0.627
13429,1.436,4.308
13430,0.204,0.612
13431,0.187,0.561
13432,0.184,0.552
13433,0.181,0.543
13434,0.184,0.552
13435,0.188,0.564
13436,0.184,0.552
13437,0.177,0.531
13438,0.165,0.495
13439,0.108,0.324
13440,0.211,0.633
13441,0.137,0.411
13442,1.264,3.792
13443,0.627,1.881
13444,0.163,0.489
13445,0.145,0.435
13446,0.21,0.63
13447,0.123,0.369
13448,1.221,3.663
13449,2.013,5.010951255
13450,0.31,0.93
13451,1.025,3.075
13452,0.412,1.236
13453,0.279,0.837
13454,0.175,0.525
13455,0.217,0.651
13456,0.45,1.35
13457,0.319,0.957
13458,0.223,0.669
13459,0.344,1.032
13460,0.334,1.002
13461,0.36,1.08
13462,0.542,1.626
13463,0.83,2.49
13464,0.213,0.639
13465,0.175,0.525
13466,0.235,0.705
13467,0.188,0.564
13468,0.2,0.6
13469,0.279,0.837
13470,0.186,0.558
13471,0.131,0.393
13472,0.27,0.81
13473,0.305,0.915
13474,0.305,0.915
13475,0.303,0.909
13476,0.3,0.9
13477,0.322,0.966
13478,0.326,0.978
13479,0.366,1.098
13480,0.337,1.011
13481,0.33,0.99
13482,0.45,1.35
13483,0.393,1.179
13484,0.342,1.026
13485,0.384,1.152
13486,0.354,1.062
13487,0.358,1.074
13488,0.336,1.008
13489,0.234,0.702
13490,0.157,0.471
13491,0.16,0.48
13492,0.212,0.636
13493,0.214,0.642
13494,0.267,0.801
13495,0.863,2.589
13496,0.433,1.299
13497,0.276,0.828
13498,0.333,0.999
13499,0.303,0.909
13500,0.361,1.083
13501,0.269,0.807
13502,0.306,0.918
13503,0.257,0.771
13504,0.132,0.396
13505,0.348,1.044
13506,0.424,1.272
13507,0.341,1.023
13508,0.335,1.005
13509,0.378,1.134
13510,0.385,1.155
13511,0.612,1.836
13512,0.198,0.594
13513,0.209,0.627
13514,0.204,0.612
13515,0.173,0.519
13516,0.142,0.426
13517,0.38,1.14
13518,0.215,0.645
13519,0.161,0.483
13520,0.3,0.9
13521,0.246,0.738
13522,0.329,0.987
13523,0.299,0.897
13524,0.264,0.792
13525,0.319,0.957
13526,0.347,1.041
13527,0.276,0.828
13528,0.401,1.203
13529,0.338,1.014
13530,0.447,1.341
13531,0.458,1.374
13532,0.291,0.873
13533,0.374,1.122
13534,0.388,1.164
13535,0.565,1.695
13536,0.228,0.684
13537,0.237,0.711
13538,0.361,1.083
13539,0.212,0.636
13540,0.342,1.026
13541,0.251,0.753
13542,0.257,0.771
13543,0.255,0.765
13544,0.289,0.867
13545,0.352,1.056
13546,0.379,1.137
13547,0.458,1.374
13548,0.34,1.02
13549,0.334,1.002
13550,0.319,0.957
13551,0.184,0.552
13552,0.264,0.792
13553,0.284,0.852
13554,0.36,1.08
13555,0.541,1.623
13556,0.41,1.23
13557,0.363,1.089
13558,0.326,0.978
13559,0.414,1.242
13560,0.347,1.041
13561,0.238,0.714
13562,0.215,0.645
13563,0.187,0.561
13564,0.191,0.573
13565,0.578,1.734
13566,0.244,0.732
13567,0.204,0.612
13568,0.313,0.939
13569,0.287,0.861
13570,0.334,1.002
13571,0.326,0.978
13572,0.329,0.987
13573,0.278,0.834
13574,0.298,0.894
13575,0.378,1.134
13576,0.27,0.81
13577,0.31,0.93
13578,0.385,1.155
13579,0.338,1.014
13580,0.211,0.633
13581,0.258,0.774
13582,0.805,2.415
13583,0.442,1.326
13584,0.25,0.75
13585,0.213,0.639
13586,0.18,0.54
13587,0.155,0.465
13588,0.211,0.633
13589,0.168,0.504
13590,0.173,0.519
13591,0.164,0.492
13592,0.149,0.447
13593,0.389,1.167
13594,0.26,0.78
13595,0.312,0.936
13596,0.242,0.726
13597,0.273,0.819
13598,0.248,0.744
13599,0.252,0.756
13600,0.254,0.762
13601,0.244,0.732
13602,0.257,0.771
13603,0.26,0.78
13604,0.375,1.125
13605,2.089,5.033657622
13606,0.966,2.898
13607,0.966,2.898
13608,0.45,1.35
13609,0.161,0.483
13610,0.153,0.459
13611,0.149,0.447
13612,0.149,0.447
13613,0.147,0.441
13614,0.707,2.121
13615,0.484,1.452
13616,1.093,3.279
13617,0.494,1.482
13618,0.336,1.008
13619,0.161,0.483
13620,0.319,0.957
13621,0.413,1.239
13622,0.183,0.549
13623,0.152,0.456
13624,0.153,0.459
13625,0.144,0.432
13626,0.447,1.341
13627,0.379,1.137
13628,0.422,1.266
13629,0.446,1.338
13630,0.501,1.503
13631,0.246,0.738
13632,0.182,0.546
13633,0.176,0.528
13634,0.183,0.549
13635,0.172,0.516
13636,0.202,0.606
13637,0.174,0.522
13638,0.164,0.492
13639,0.173,0.519
13640,0.236,0.708
13641,0.377,1.131
13642,0.207,0.621
13643,0.285,0.855
13644,0.242,0.726
13645,0.283,0.849
13646,0.287,0.861
13647,0.203,0.609
13648,0.202,0.606
13649,0.33,0.99
13650,1.171,3.513
13651,0.861,2.583
13652,0.354,1.062
13653,0.451,1.353
13654,0.752,2.256
13655,0.282,0.846
13656,0.277,0.831
13657,0.278,0.834
13658,0.274,0.822
13659,0.269,0.807
13660,0.262,0.786
13661,0.329,0.987
13662,0.231,0.693
13663,0.211,0.633
13664,0.266,0.798
13665,0.309,0.927
13666,0.333,0.999
13667,0.313,0.939
13668,0.326,0.978
13669,0.347,1.041
13670,0.343,1.029
13671,0.341,1.023
13672,0.349,1.047
13673,0.299,0.897
13674,0.185,0.555
13675,0.273,0.819
13676,0.432,1.296
13677,0.414,1.242
13678,0.683,2.049
13679,0.702,2.106
13680,0.457,1.371
13681,0.272,0.816
13682,0.229,0.687
13683,0.209,0.627
13684,0.246,0.738
13685,0.193,0.579
13686,0.228,0.684
13687,0.222,0.666
13688,0.283,0.849
13689,0.285,0.855
13690,0.385,1.155
13691,0.256,0.768
13692,0.219,0.657
13693,0.158,0.474
13694,0.196,0.588
13695,0.285,0.855
13696,0.266,0.798
13697,0.298,0.894
13698,1.464,4.392
13699,0.353,1.059
13700,0.311,0.933
13701,0.452,1.356
13702,0.795,2.385
13703,0.237,0.711
13704,0.23,0.69
13705,0.219,0.657
13706,0.22,0.66
13707,0.219,0.657
13708,0.297,0.891
13709,0.249,0.747
13710,0.244,0.732
13711,0.293,0.879
13712,0.405,1.215
13713,0.292,0.876
13714,0.329,0.987
13715,0.292,0.876
13716,0.284,0.852
13717,0.276,0.828
13718,0.26,0.78
13719,0.234,0.702
13720,0.159,0.477
13721,0.337,1.011
13722,0.341,1.023
13723,0.398,1.194
13724,0.307,0.921
13725,0.53,1.59
13726,0.228,0.684
13727,0.266,0.798
13728,0.288,0.864
13729,0.21,0.63
13730,0.25,0.75
13731,0.244,0.732
13732,0.225,0.675
13733,0.284,0.852
13734,0.252,0.756
13735,0.25,0.75
13736,0.298,0.894
13737,0.275,0.825
13738,0.271,0.813
13739,0.251,0.753
13740,0.246,0.738
13741,0.252,0.756
13742,0.254,0.762
13743,0.252,0.756
13744,0.271,0.813
13745,0.276,0.828
13746,0.273,0.819
13747,0.153,0.459
13748,0.192,0.576
13749,0.501,1.503
13750,0.47,1.41
13751,0.724,2.172
13752,0.425,1.275
13753,0.23,0.69
13754,0.229,0.687
13755,0.223,0.669
13756,0.205,0.615
13757,0.2,0.6
13758,0.185,0.555
13759,0.273,0.819
13760,0.344,1.032
13761,0.277,0.831
13762,0.244,0.732
13763,0.276,0.828
13764,0.24,0.72
13765,0.257,0.771
13766,0.298,0.894
13767,0.306,0.918
13768,0.314,0.942
13769,0.55,1.65
13770,0.34,1.02
13771,0.285,0.855
13772,0.405,1.215
13773,0.3,0.9
13774,0.488,1.464
13775,0.496,1.488
13776,0.51,1.53
13777,0.335,1.005
13778,0.209,0.627
13779,0.205,0.615
13780,0.226,0.678
13781,0.208,0.624
13782,0.199,0.597
13783,1.381,4.143
13784,1.877,5.133464363
13785,1.209,3.627
13786,0.82,2.46
13787,0.477,1.431
13788,1.793,5.097263948
13789,3.6790001,4.946436215
13790,1.087,3.261
13791,0.343,1.029
13792,0.278,0.834
13793,0.712,2.136
13794,0.723,2.169
13795,0.333,0.999
13796,0.301,0.903
13797,0.329,0.987
13798,0.516,1.548
13799,0.442,1.326
13800,0.245,0.735
13801,0.232,0.696
13802,0.27,0.81
13803,0.26,0.78
13804,0.25,0.75
13805,0.266,0.798
13806,0.176,0.528
13807,0.217,0.651
13808,0.278,0.834
13809,0.247,0.741
13810,0.276,0.828
13811,0.233,0.699
13812,0.395,1.185
13813,0.236,0.708
13814,0.304,0.912
13815,0.239,0.717
13816,0.251,0.753
13817,0.258,0.774
13818,0.871,2.613
13819,1.04,3.12
13820,0.363,1.089
13821,0.31,0.93
13822,0.341,1.023
13823,0.367,1.101
13824,0.208,0.624
13825,0.164,0.492
13826,0.199,0.597
13827,0.168,0.504
13828,0.345,1.035
13829,0.22,0.66
13830,0.217,0.651
13831,0.21,0.63
13832,0.298,0.894
13833,0.27,0.81
13834,0.266,0.798
13835,0.265,0.795
13836,0.244,0.732
13837,0.246,0.738
13838,0.241,0.723
13839,0.248,0.744
13840,0.23,0.69
13841,0.147,0.441
13842,0.774,2.322
13843,0.324,0.972
13844,0.28,0.84
13845,0.285,0.855
13846,0.294,0.882
13847,0.308,0.924
13848,0.159,0.477
13849,0.148,0.444
13850,0.14,0.42
13851,0.14,0.42
13852,0.138,0.414
13853,0.137,0.411
13854,0.275,0.825
13855,0.215,0.645
13856,0.216,0.648
13857,0.298,0.894
13858,0.157,0.471
13859,0.222,0.666
13860,0.285,0.855
13861,0.232,0.696
13862,0.252,0.756
13863,0.251,0.753
13864,0.263,0.789
13865,0.356,1.068
13866,0.249,0.747
13867,0.839,2.517
13868,0.678,2.034
13869,0.565,1.695
13870,0.774,2.322
13871,0.651,1.953
13872,0.296,0.888
13873,0.19,0.57
13874,0.177,0.531
13875,0.206,0.618
13876,0.207,0.621
13877,0.204,0.612
13878,0.202,0.606
13879,0.213,0.639
13880,0.281,0.843
13881,0.303,0.909
13882,0.555,1.665
13883,0.32,0.96
13884,0.287,0.861
13885,0.278,0.834
13886,0.294,0.882
13887,0.333,0.999
13888,0.328,0.984
13889,0.326,0.978
13890,0.334,1.002
13891,1.077,3.231
13892,0.599,1.797
13893,0.316,0.948
13894,0.409,1.227
13895,0.44,1.32
13896,0.212,0.636
13897,0.276,0.828
13898,0.217,0.651
13899,0.259,0.777
13900,0.229,0.687
13901,0.222,0.666
13902,0.212,0.636
13903,0.216,0.648
13904,0.35,1.05
13905,0.32,0.96
13906,0.328,0.984
13907,0.305,0.915
13908,0.306,0.918
13909,0.192,0.576
13910,0.316,0.948
13911,0.441,1.323
13912,0.306,0.918
13913,0.294,0.882
13914,0.63,1.89
13915,0.347,1.041
13916,0.379,1.137
13917,0.318,0.954
13918,0.752,2.256
13919,0.355,1.065
13920,0.224,0.672
13921,0.221,0.663
13922,0.218,0.654
13923,0.212,0.636
13924,0.209,0.627
13925,0.203,0.609
13926,0.228,0.684
13927,0.243,0.729
13928,0.251,0.753
13929,0.254,0.762
13930,0.193,0.579
13931,0.16,0.48
13932,0.158,0.474
13933,0.277,0.831
13934,0.245,0.735
13935,0.254,0.762
13936,0.264,0.792
13937,0.264,0.792
13938,0.256,0.768
13939,0.254,0.762
13940,0.183,0.549
13941,1.287,3.861
13942,2.259,5.102607315
13943,1.524,4.572
13944,0.684,2.052
13945,0.261,0.783
13946,0.242,0.726
13947,0.24,0.72
13948,0.24,0.72
13949,0.24,0.72
13950,0.807,2.421
13951,0.392,1.176
13952,0.452,1.356
13953,1.964,4.947522837
13954,1.381,4.143
13955,1.419,4.257
13956,2.5539999,5.005590329
13957,4.1719999,5.0785938
13958,1.798,4.823133304
13959,1.589,4.767
13960,0.61,1.83
13961,0.464,1.392
13962,0.424,1.272
13963,0.621,1.863
13964,0.665,1.995
13965,0.389,1.167
13966,0.442,1.326
13967,0.231,0.693
13968,0.203,0.609
13969,0.206,0.618
13970,0.206,0.618
13971,0.217,0.651
13972,0.218,0.654
13973,0.228,0.684
13974,0.334,1.002
13975,0.274,0.822
13976,0.257,0.771
13977,0.245,0.735
13978,0.275,0.825
13979,0.259,0.777
13980,0.299,0.897
13981,0.281,0.843
13982,0.254,0.762
13983,0.24,0.72
13984,0.267,0.801
13985,0.241,0.723
13986,0.512,1.536
13987,0.511,1.533
13988,0.275,0.825
13989,0.273,0.819
13990,0.387,1.161
13991,0.256,0.768
13992,0.223,0.669
13993,0.219,0.657
13994,0.218,0.654
13995,0.189,0.567
13996,0.18,0.54
13997,1.212,3.636
13998,0.265,0.795
13999,0.25,0.75
14000,0.234,0.702
14001,0.206,0.618
14002,0.201,0.603
14003,0.252,0.756
14004,0.295,0.885
14005,0.242,0.726
14006,0.249,0.747
14007,0.278,0.834
14008,0.222,0.666
14009,0.147,0.441
14010,0.426,1.278
14011,0.597,1.791
14012,0.637,1.911
14013,0.681,2.043
14014,1.066,3.198
14015,0.248,0.744
14016,0.219,0.657
14017,0.225,0.675
14018,0.208,0.624
14019,0.185,0.555
14020,0.187,0.561
14021,0.185,0.555
14022,0.396,1.188
14023,0.446,1.338
14024,0.458,1.374
14025,0.369,1.107
14026,0.578,1.734
14027,0.242,0.726
14028,0.312,0.936
14029,0.252,0.756
14030,0.26,0.78
14031,0.189,0.567
14032,0.302,0.906
14033,0.305,0.915
14034,0.403,1.209
14035,0.253,0.759
14036,0.309,0.927
14037,0.659,1.977
14038,0.88,2.64
14039,0.351,1.053
14040,0.151,0.453
14041,0.142,0.426
14042,0.147,0.441
14043,0.175,0.525
14044,0.175,0.525
14045,0.189,0.567
14046,0.178,0.534
14047,0.184,0.552
14048,0.197,0.591
14049,0.281,0.843
14050,0.246,0.738
14051,0.295,0.885
14052,0.263,0.789
14053,0.36,1.08
14054,0.241,0.723
14055,0.156,0.468
14056,0.497,1.491
14057,0.413,1.239
14058,0.437,1.311
14059,0.824,2.472
14060,0.37,1.11
14061,0.421,1.263
14062,0.845,2.535
14063,0.586,1.758
14064,0.174,0.522
14065,0.184,0.552
14066,0.176,0.528
14067,0.164,0.492
14068,0.16,0.48
14069,0.423,1.269
14070,0.428,1.284
14071,0.244,0.732
14072,0.264,0.792
14073,0.29,0.87
14074,0.331,0.993
14075,0.255,0.765
14076,0.408,1.224
14077,0.322,0.966
14078,0.305,0.915
14079,0.296,0.888
14080,0.267,0.801
14081,0.254,0.762
14082,0.256,0.768
14083,0.293,0.879
14084,0.143,0.429
14085,0.431,1.293
14086,0.436,1.308
14087,0.373,1.119
14088,0.165,0.495
14089,0.141,0.423
14090,0.144,0.432
14091,0.14,0.42
14092,0.264,0.792
14093,0.236,0.708
14094,0.149,0.447
14095,0.144,0.432
14096,0.145,0.435
14097,0.141,0.423
14098,0.139,0.417
14099,0.411,1.233
14100,0.222,0.666
14101,0.246,0.738
14102,0.259,0.777
14103,0.311,0.933
14104,0.36,1.08
14105,0.26,0.78
14106,0.26,0.78
14107,0.191,0.573
14108,0.135,0.405
14109,0.293,0.879
14110,0.576,1.728
14111,0.202,0.606
14112,0.137,0.411
14113,0.144,0.432
14114,0.159,0.477
14115,0.157,0.471
14116,0.154,0.462
14117,0.131,0.393
14118,0.252,0.756
14119,0.144,0.432
14120,0.172,0.516
14121,0.148,0.444
14122,0.239,0.717
14123,0.297,0.891
14124,0.261,0.783
14125,0.241,0.723
14126,0.447,1.341
14127,0.272,0.816
14128,0.28,0.84
14129,0.647,1.941
14130,0.316,0.948
14131,1.027,3.081
14132,0.32,0.96
14133,0.597,1.791
14134,0.688,2.064
14135,0.205,0.615
14136,0.178,0.534
14137,0.182,0.546
14138,0.183,0.549
14139,0.193,0.579
14140,0.22,0.66
14141,0.199,0.597
14142,0.231,0.693
14143,0.255,0.765
14144,0.182,0.546
14145,0.25,0.75
14146,0.194,0.582
14147,0.2,0.6
14148,0.378,1.134
14149,0.228,0.684
14150,0.261,0.783
14151,0.241,0.723
14152,0.276,0.828
14153,0.225,0.675
14154,0.18,0.54
14155,0.189,0.567
14156,0.515,1.545
14157,0.764,2.292
14158,1,3
14159,0.171,0.513
14160,0.142,0.426
14161,0.139,0.417
14162,0.134,0.402
14163,0.139,0.417
14164,0.137,0.411
14165,0.137,0.411
14166,0.196,0.588
14167,0.255,0.765
14168,0.21,0.63
14169,0.3,0.9
14170,0.282,0.846
14171,0.251,0.753
14172,0.25,0.75
14173,0.264,0.792
14174,0.266,0.798
14175,0.242,0.726
14176,0.19,0.57
14177,0.149,0.447
14178,0.188,0.564
14179,0.28,0.84
14180,0.243,0.729
14181,0.273,0.819
14182,0.385,1.155
14183,0.342,1.026
14184,0.132,0.396
14185,0.133,0.399
14186,0.138,0.414
14187,0.133,0.399
14188,0.153,0.459
14189,0.463,1.389
14190,0.491,1.473
14191,0.324,0.972
14192,0.266,0.798
14193,0.254,0.762
14194,0.24,0.72
14195,0.256,0.768
14196,0.291,0.873
14197,0.371,1.113
14198,0.244,0.732
14199,0.449,1.347
14200,0.269,0.807
14201,0.262,0.786
14202,0.476,1.428
14203,0.244,0.732
14204,0.742,2.226
14205,0.555,1.665
14206,0.617,1.851
14207,0.765,2.295
14208,0.314,0.942
14209,0.198,0.594
14210,0.162,0.486
14211,0.156,0.468
14212,0.133,0.399
14213,0.185,0.555
14214,0.26,0.78
14215,0.27,0.81
14216,0.188,0.564
14217,0.256,0.768
14218,0.491,1.473
14219,0.276,0.828
14220,0.247,0.741
14221,0.251,0.753
14222,0.259,0.777
14223,0.305,0.915
14224,0.31,0.93
14225,0.311,0.933
14226,0.201,0.603
14227,0.21,0.63
14228,0.601,1.803
14229,0.608,1.824
14230,0.711,2.133
14231,0.386,1.158
14232,0.208,0.624
14233,0.2,0.6
14234,0.208,0.624
14235,0.196,0.588
14236,0.126,0.378
14237,0.363,1.089
14238,0.202,0.606
14239,0.206,0.618
14240,0.255,0.765
14241,0.189,0.567
14242,0.229,0.687
14243,0.259,0.777
14244,0.239,0.717
14245,0.247,0.741
14246,0.254,0.762
14247,0.357,1.071
14248,0.204,0.612
14249,0.151,0.453
14250,0.463,1.389
14251,0.253,0.759
14252,0.292,0.876
14253,0.361,1.083
14254,0.499,1.497
14255,0.233,0.699
14256,0.177,0.531
14257,0.184,0.552
14258,0.154,0.462
14259,0.172,0.516
14260,0.189,0.567
14261,0.351,1.053
14262,0.155,0.465
14263,0.175,0.525
14264,0.161,0.483
14265,0.334,1.002
14266,0.265,0.795
14267,0.273,0.819
14268,0.264,0.792
14269,0.285,0.855
14270,0.298,0.894
14271,0.254,0.762
14272,0.25,0.75
14273,0.151,0.453
14274,0.724,2.172
14275,0.313,0.939
14276,0.384,1.152
14277,0.413,1.239
14278,0.468,1.404
14279,0.387,1.161
14280,0.143,0.429
14281,0.14,0.42
14282,0.139,0.417
14283,0.147,0.441
14284,0.147,0.441
14285,0.146,0.438
14286,0.213,0.639
14287,0.187,0.561
14288,0.191,0.573
14289,0.363,1.089
14290,0.267,0.801
14291,0.847,2.541
14292,3.473,5.213859148
14293,3.0149999,5.050309919
14294,0.495,1.485
14295,0.32,0.96
14296,0.221,0.663
14297,0.418,1.254
14298,0.336,1.008
14299,0.3,0.9
14300,0.432,1.296
14301,0.499,1.497
14302,0.653,1.959
14303,0.651,1.953
14304,0.322,0.966
14305,0.13,0.39
14306,0.137,0.411
14307,0.145,0.435
14308,0.138,0.414
14309,0.171,0.513
14310,0.162,0.486
14311,0.145,0.435
14312,0.211,0.633
14313,0.241,0.723
14314,0.285,0.855
14315,0.335,1.005
14316,0.295,0.885
14317,0.327,0.981
14318,0.286,0.858
14319,0.288,0.864
14320,0.301,0.903
14321,0.233,0.699
14322,0.206,0.618
14323,0.283,0.849
14324,0.35,1.05
14325,0.471,1.413
14326,2.009,5.006538655
14327,0.381,1.143
14328,0.33,0.99
14329,0.197,0.591
14330,0.174,0.522
14331,0.11,0.33
14332,0.155,0.465
14333,0.389,1.167
14334,0.172,0.516
14335,0.152,0.456
14336,0.185,0.555
14337,0.246,0.738
14338,0.162,0.486
14339,0.164,0.492
14340,0.261,0.783
14341,0.25,0.75
14342,0.192,0.576
14343,0.199,0.597
14344,0.199,0.597
14345,0.158,0.474
14346,0.596,1.788
14347,0.349,1.047
14348,0.323,0.969
14349,0.287,0.861
14350,0.471,1.413
14351,0.18,0.54
14352,0.164,0.492
14353,0.161,0.483
14354,0.15,0.45
14355,0.185,0.555
14356,0.354,1.062
14357,0.26,0.78
14358,0.203,0.609
14359,0.259,0.777
14360,0.405,1.215
14361,0.405,1.215
14362,0.536,1.608
14363,0.673,2.019
14364,0.488,1.464
14365,0.387,1.161
14366,0.193,0.579
14367,0.345,1.035
14368,0.261,0.783
14369,0.142,0.426
14370,0.852,2.556
14371,0.363,1.089
14372,0.521,1.563
14373,0.322,0.966
14374,0.379,1.137
14375,0.267,0.801
14376,0.166,0.498
14377,0.243,0.729
14378,0.171,0.513
14379,0.219,0.657
14380,0.308,0.924
14381,1.572,4.716
14382,0.672,2.016
14383,0.247,0.741
14384,0.246,0.738
14385,0.168,0.504
14386,0.185,0.555
14387,0.259,0.777
14388,0.255,0.765
14389,0.27,0.81
14390,0.284,0.852
14391,0.294,0.882
14392,0.253,0.759
14393,0.432,1.296
14394,0.879,2.637
14395,0.329,0.987
14396,0.49,1.47
14397,0.759,2.277
14398,0.414,1.242
14399,0.213,0.639
14400,0.2,0.6
14401,0.184,0.552
14402,0.17,0.51
14403,0.166,0.498
14404,0.194,0.582
14405,0.192,0.576
14406,0.21,0.63
14407,0.231,0.693
14408,0.216,0.648
14409,0.202,0.606
14410,0.133,0.399
14411,0.265,0.795
14412,0.399,1.197
14413,0.298,0.894
14414,0.251,0.753
14415,0.197,0.591
14416,0.212,0.636
14417,0.252,0.756
14418,0.212,0.636
14419,0.223,0.669
14420,0.746,2.238
14421,0.827,2.481
14422,0.872,2.616
14423,0.451,1.353
14424,0.301,0.903
14425,0.291,0.873
14426,0.261,0.783
14427,0.187,0.561
14428,0.21,0.63
14429,0.429,1.287
14430,0.418,1.254
14431,0.407,1.221
14432,0.448,1.344
14433,0.356,1.068
14434,0.174,0.522
14435,0.154,0.462
14436,0.15,0.45
14437,0.211,0.633
14438,0.282,0.846
14439,0.314,0.942
14440,0.378,1.134
14441,0.409,1.227
14442,0.411,1.233
14443,0.557,1.671
14444,0.572,1.716
14445,0.645,1.935
14446,0.244,0.732
14447,0.221,0.663
14448,0.117,0.351
14449,0.157,0.471
14450,0.135,0.405
14451,0.176,0.528
14452,0.147,0.441
14453,0.161,0.483
14454,0.163,0.489
14455,0.191,0.573
14456,0.909,2.727
14457,0.373,1.119
14458,0.346,1.038
14459,2.2770001,5.049543939
14460,3.0390001,5.071503156
14461,2.606,5.065117049
14462,1.192,3.576
14463,0.407,1.221
14464,0.398,1.194
14465,0.66,1.98
14466,0.411,1.233
14467,0.697,2.091
14468,0.667,2.001
14469,2.274,5.108085263
14470,0.918,2.754
14471,0.262,0.786
14472,0.203,0.609
14473,0.2,0.6
14474,0.198,0.594
14475,0.197,0.591
14476,0.458,1.374
14477,0.272,0.816
14478,0.16,0.48
14479,0.18,0.54
14480,0.411,1.233
14481,0.328,0.984
14482,0.234,0.702
14483,0.294,0.882
14484,0.369,1.107
14485,0.3,0.9
14486,0.308,0.924
14487,0.26,0.78
14488,0.625,1.875
14489,0.275,0.825
14490,0.258,0.774
14491,0.508,1.524
14492,0.471,1.413
14493,0.795,2.385
14494,0.195,0.585
14495,0.191,0.573
14496,0.184,0.552
14497,0.164,0.492
14498,0.167,0.501
14499,0.149,0.447
14500,0.276,0.828
14501,0.191,0.573
14502,0.19,0.57
14503,0.218,0.654
14504,0.217,0.651
14505,0.409,1.227
14506,0.246,0.738
14507,0.252,0.756
14508,0.249,0.747
14509,0.268,0.804
14510,0.256,0.768
14511,0.243,0.729
14512,0.336,1.008
14513,0.153,0.459
14514,0.19,0.57
14515,0.575,1.725
14516,0.552,1.656
14517,0.543,1.629
14518,0.518,1.554
14519,0.431,1.293
14520,0.151,0.453
14521,0.148,0.444
14522,0.145,0.435
14523,0.145,0.435
14524,0.22,0.66
14525,0.157,0.471
14526,0.158,0.474
14527,0.275,0.825
14528,0.528,1.584
14529,0.617,1.851
14530,0.36,1.08
14531,0.238,0.714
14532,0.365,1.095
14533,0.409,1.227
14534,0.171,0.513
14535,0.293,0.879
14536,0.607,1.821
14537,0.339,1.017
14538,0.428,1.284
14539,0.302,0.906
14540,0.406,1.218
14541,0.686,2.058
14542,0.696,2.088
14543,0.559,1.677
14544,0.224,0.672
14545,0.169,0.507
14546,0.187,0.561
14547,0.184,0.552
14548,0.535,1.605
14549,0.519,1.557
14550,0.232,0.696
14551,0.26,0.78
14552,0.327,0.981
14553,0.261,0.783
14554,0.255,0.765
14555,0.248,0.744
14556,0.156,0.468
14557,0.16,0.48
14558,0.294,0.882
14559,0.235,0.705
14560,0.205,0.615
14561,0.296,0.888
14562,0.206,0.618
14563,0.175,0.525
14564,0.542,1.626
14565,0.541,1.623
14566,0.33,0.99
14567,0.182,0.546
14568,0.187,0.561
14569,0.179,0.537
14570,0.186,0.558
14571,0.185,0.555
14572,0.258,0.774
14573,0.406,1.218
14574,0.403,1.209
14575,0.398,1.194
14576,0.235,0.705
14577,0.248,0.744
14578,0.417,1.251
14579,0.28,0.84
14580,0.276,0.828
14581,0.298,0.894
14582,0.301,0.903
14583,0.258,0.774
14584,0.272,0.816
14585,0.241,0.723
14586,0.526,1.578
14587,0.367,1.101
14588,0.442,1.326
14589,0.512,1.536
14590,0.699,2.097
14591,0.397,1.191
14592,0.242,0.726
14593,0.263,0.789
14594,0.254,0.762
14595,0.243,0.729
14596,0.313,0.939
14597,0.301,0.903
14598,0.217,0.651
14599,0.252,0.756
14600,0.24,0.72
14601,0.212,0.636
14602,0.227,0.681
14603,0.271,0.813
14604,0.28,0.84
14605,0.304,0.912
14606,0.287,0.861
14607,0.228,0.684
14608,0.294,0.882
14609,0.195,0.585
14610,0.196,0.588
14611,0.123,0.369
14612,0.45,1.35
14613,0.831,2.493
14614,0.699,2.097
14615,0.698,2.094
14616,0.262,0.786
14617,0.12,0.36
14618,0.149,0.447
14619,0.129,0.387
14620,0.313,0.939
14621,0.166,0.498
14622,0.147,0.441
14623,0.152,0.456
14624,0.146,0.438
14625,1.6819999,5.0459997
14626,1.402,4.206
14627,1.441,4.323
14628,3.9019999,4.775698054
14629,2.795,5.188507301
14630,0.703,2.109
14631,0.368,1.104
14632,0.302,0.906
14633,0.38,1.14
14634,0.466,1.398
14635,0.409,1.227
14636,0.799,2.397
14637,0.749,2.247
14638,0.744,2.232
14639,0.662,1.986
14640,0.261,0.783
14641,0.227,0.681
14642,0.233,0.699
14643,0.227,0.681
14644,0.224,0.672
14645,0.33,0.99
14646,0.989,2.967
14647,0.545,1.635
14648,0.497,1.491
14649,0.52,1.56
14650,0.538,1.614
14651,0.372,1.116
14652,0.292,0.876
14653,0.269,0.807
14654,0.257,0.771
14655,0.276,0.828
14656,0.243,0.729
14657,0.17,0.51
14658,1.3220001,3.9660003
14659,0.754,2.262
14660,1.254,3.762
14661,0.947,2.841
14662,0.793,2.379
14663,0.331,0.993
14664,0.256,0.768
14665,0.256,0.768
14666,0.251,0.753
14667,0.227,0.681
14668,0.216,0.648
14669,0.314,0.942
14670,0.298,0.894
14671,0.379,1.137
14672,0.372,1.116
14673,0.342,1.026
14674,0.368,1.104
14675,0.181,0.543
14676,0.137,0.411
14677,0.27,0.81
14678,0.272,0.816
14679,0.418,1.254
14680,0.409,1.227
14681,0.566,1.698
14682,0.421,1.263
14683,0.613,1.839
14684,0.708,2.124
14685,1.053,3.159
14686,0.591,1.773
14687,0.374,1.122
14688,0.286,0.858
14689,0.234,0.702
14690,0.229,0.687
14691,0.233,0.699
14692,0.241,0.723
14693,0.286,0.858
14694,0.212,0.636
14695,0.22,0.66
14696,0.207,0.621
14697,0.406,1.218
14698,0.359,1.077
14699,0.241,0.723
14700,0.211,0.633
14701,0.214,0.642
14702,0.344,1.032
14703,0.251,0.753
14704,0.247,0.741
14705,0.285,0.855
14706,0.606,1.818
14707,0.321,0.963
14708,0.355,1.065
14709,0.384,1.152
14710,0.501,1.503
14711,0.359,1.077
14712,0.185,0.555
14713,0.187,0.561
14714,0.212,0.636
14715,0.187,0.561
14716,0.184,0.552
14717,0.452,1.356
14718,0.843,2.529
14719,0.588,1.764
14720,0.623,1.869
14721,0.442,1.326
14722,0.467,1.401
14723,0.262,0.786
14724,0.335,1.005
14725,0.311,0.933
14726,0.231,0.693
14727,0.218,0.654
14728,0.289,0.867
14729,0.29,0.87
14730,0.339,1.017
14731,1.035,3.105
14732,1.864,5.037904951
14733,1.284,3.852
14734,0.51,1.53
14735,0.257,0.771
14736,0.183,0.549
14737,0.243,0.729
14738,0.209,0.627
14739,0.196,0.588
14740,0.216,0.648
14741,0.21,0.63
14742,0.771,2.313
14743,0.569,1.707
14744,0.948,2.844
14745,0.814,2.442
14746,0.433,1.299
14747,0.17,0.51
14748,0.165,0.495
14749,0.152,0.456
14750,0.157,0.471
14751,0.461,1.383
14752,0.391,1.173
14753,0.253,0.759
14754,0.535,1.605
14755,0.403,1.209
14756,0.66,1.98
14757,0.722,2.166
14758,0.72,2.16
14759,0.306,0.918
14760,0.261,0.783
14761,0.271,0.813
14762,0.246,0.738
14763,0.25,0.75
14764,0.249,0.747
14765,0.645,1.935
14766,0.264,0.792
14767,0.531,1.593
14768,0.237,0.711
14769,0.196,0.588
14770,0.165,0.495
14771,0.228,0.684
14772,0.354,1.062
14773,0.246,0.738
14774,0.293,0.879
14775,0.396,1.188
14776,0.253,0.759
14777,0.286,0.858
14778,0.467,1.401
14779,0.738,2.214
14780,0.832,2.496
14781,0.632,1.896
14782,0.731,2.193
14783,0.624,1.872
14784,0.209,0.627
14785,0.199,0.597
14786,0.192,0.576
14787,0.192,0.576
14788,0.23,0.69
14789,0.238,0.714
14790,0.238,0.714
14791,0.168,0.504
14792,0.256,0.768
14793,0.664,1.992
14794,0.926,2.778
14795,0.752,2.256
14796,2.651,4.922079413
14797,3.698,4.886973968
14798,1.106,3.318
14799,0.548,1.644
14800,0.584,1.752
14801,0.335,1.005
14802,0.351,1.053
14803,0.463,1.389
14804,0.717,2.151
14805,1.182,3.546
14806,0.794,2.382
14807,0.484,1.452
14808,0.227,0.681
14809,0.216,0.648
14810,0.199,0.597
14811,0.197,0.591
14812,0.194,0.582
14813,0.405,1.215
14814,0.217,0.651
14815,0.237,0.711
14816,0.333,0.999
14817,0.388,1.164
14818,0.371,1.113
14819,0.234,0.702
14820,0.219,0.657
14821,0.174,0.522
14822,0.287,0.861
14823,0.227,0.681
14824,0.229,0.687
14825,0.217,0.651
14826,1.518,4.554
14827,0.708,2.124
14828,0.594,1.782
14829,0.54,1.62
14830,0.671,2.013
14831,0.346,1.038
14832,0.151,0.453
14833,0.127,0.381
14834,0.123,0.369
14835,0.112,0.336
14836,0.115,0.345
14837,0.325,0.975
14838,0.287,0.861
14839,0.4,1.2
14840,0.279,0.837
14841,0.183,0.549
14842,0.147,0.441
14843,0.161,0.483
14844,0.205,0.615
14845,0.127,0.381
14846,0.226,0.678
14847,0.237,0.711
14848,0.303,0.909
14849,0.231,0.693
14850,0.239,0.717
14851,0.731,2.193
14852,0.803,2.409
14853,0.528,1.584
14854,0.524,1.572
14855,0.305,0.915
14856,0.182,0.546
14857,0.18,0.54
14858,0.18,0.54
14859,0.175,0.525
14860,0.191,0.573
14861,0.24,0.72
14862,0.503,1.509
14863,0.855,2.565
14864,0.388,1.164
14865,0.235,0.705
14866,0.178,0.534
14867,0.294,0.882
14868,0.213,0.639
14869,0.231,0.693
14870,0.219,0.657
14871,0.268,0.804
14872,0.169,0.507
14873,0.119,0.357
14874,0.248,0.744
14875,0.305,0.915
14876,0.414,1.242
14877,0.741,2.223
14878,0.507,1.521
14879,0.209,0.627
14880,0.192,0.576
14881,0.187,0.561
14882,0.182,0.546
14883,0.224,0.672
14884,0.191,0.573
14885,0.372,1.116
14886,0.189,0.567
14887,0.297,0.891
14888,0.383,1.149
14889,0.224,0.672
14890,0.178,0.534
14891,0.221,0.663
14892,0.154,0.462
14893,0.133,0.399
14894,0.135,0.405
14895,0.466,1.398
14896,0.243,0.729
14897,0.246,0.738
14898,0.298,0.894
14899,0.148,0.444
14900,0.213,0.639
14901,0.275,0.825
14902,0.59,1.77
14903,0.275,0.825
14904,0.226,0.678
14905,0.233,0.699
14906,0.2,0.6
14907,0.197,0.591
14908,0.209,0.627
14909,0.351,1.053
14910,0.214,0.642
14911,0.219,0.657
14912,0.401,1.203
14913,0.247,0.741
14914,0.264,0.792
14915,0.387,1.161
14916,0.278,0.834
14917,0.237,0.711
14918,0.249,0.747
14919,0.279,0.837
14920,0.247,0.741
14921,0.391,1.173
14922,0.237,0.711
14923,0.497,1.491
14924,0.555,1.665
14925,0.575,1.725
14926,0.408,1.224
14927,0.41,1.23
14928,0.205,0.615
14929,0.182,0.546
14930,0.183,0.549
14931,0.185,0.555
14932,0.183,0.549
14933,0.315,0.945
14934,0.215,0.645
14935,0.353,1.059
14936,0.205,0.615
14937,0.169,0.507
14938,0.172,0.516
14939,0.17,0.51
14940,0.295,0.885
14941,0.182,0.546
14942,0.329,0.987
14943,0.345,1.035
14944,0.221,0.663
14945,0.25,0.75
14946,1.6769999,5.0309997
14947,0.704,2.112
14948,0.791,2.373
14949,0.712,2.136
14950,0.678,2.034
14951,0.909,2.727
14952,0.448,1.344
14953,0.194,0.582
14954,0.188,0.564
14955,0.173,0.519
14956,0.19,0.57
14957,0.249,0.747
14958,0.176,0.528
14959,0.136,0.408
14960,0.125,0.375
14961,0.161,0.483
14962,0.231,0.693
14963,0.338,1.014
14964,0.315,0.945
14965,0.303,0.909
14966,0.228,0.684
14967,0.321,0.963
14968,0.348,1.044
14969,0.248,0.744
14970,0.581,1.743
14971,0.536,1.608
14972,0.545,1.635
14973,0.538,1.614
14974,0.252,0.756
14975,0.191,0.573
14976,0.194,0.582
14977,0.193,0.579
14978,0.165,0.495
14979,0.132,0.396
14980,0.128,0.384
14981,0.127,0.381
14982,0.312,0.936
14983,0.361,1.083
14984,0.315,0.945
14985,0.241,0.723
14986,0.331,0.993
14987,0.236,0.708
14988,0.246,0.738
14989,0.237,0.711
14990,0.233,0.699
14991,0.352,1.056
14992,0.229,0.687
14993,0.261,0.783
14994,0.644,1.932
14995,0.862,2.586
14996,0.729,2.187
14997,1.131,3.393
14998,0.778,2.334
14999,0.384,1.152
15000,0.266,0.798
15001,0.255,0.765
15002,0.254,0.762
15003,0.249,0.747
15004,0.246,0.738
15005,0.293,0.879
15006,0.194,0.582
15007,0.37,1.11
15008,0.335,1.005
15009,0.225,0.675
15010,0.343,1.029
15011,0.249,0.747
15012,0.336,1.008
15013,0.16,0.48
15014,0.161,0.483
15015,0.172,0.516
15016,0.26,0.78
15017,0.649,1.947
15018,0.414,1.242
15019,0.655,1.965
15020,0.539,1.617
15021,0.494,1.482
15022,0.396,1.188
15023,0.211,0.633
15024,0.211,0.633
15025,0.157,0.471
15026,0.193,0.579
15027,0.146,0.438
15028,0.122,0.366
15029,0.285,0.855
15030,0.288,0.864
15031,0.289,0.867
15032,0.373,1.119
15033,0.232,0.696
15034,0.236,0.708
15035,0.233,0.699
15036,0.233,0.699
15037,0.148,0.444
15038,0.326,0.978
15039,0.278,0.834
15040,0.246,0.738
15041,0.609,1.827
15042,0.668,2.004
15043,0.467,1.401
15044,0.421,1.263
15045,0.405,1.215
15046,0.744,2.232
15047,0.188,0.564
15048,0.125,0.375
15049,0.124,0.372
15050,0.127,0.381
15051,0.127,0.381
15052,0.112,0.336
15053,0.278,0.834
15054,0.382,1.146
15055,0.212,0.636
15056,0.131,0.393
15057,0.175,0.525
15058,0.233,0.699
15059,0.318,0.954
15060,0.234,0.702
15061,0.322,0.966
15062,0.251,0.753
15063,0.229,0.687
15064,0.228,0.684
15065,0.235,0.705
15066,0.478,1.434
15067,2.051,5.013922532
15068,0.811,2.433
15069,0.788,2.364
15070,0.256,0.768
15071,0.166,0.498
15072,0.149,0.447
15073,0.15,0.45
15074,0.184,0.552
15075,0.146,0.438
15076,0.137,0.411
15077,0.544,1.632
15078,0.269,0.807
15079,0.495,1.485
15080,0.387,1.161
15081,0.267,0.801
15082,0.24,0.72
15083,0.256,0.768
15084,0.126,0.378
15085,0.123,0.369
15086,0.119,0.357
15087,0.133,0.399
15088,0.147,0.441
15089,0.237,0.711
15090,0.268,0.804
15091,0.768,2.304
15092,0.769,2.307
15093,0.882,2.646
15094,0.564,1.692
15095,0.341,1.023
15096,0.128,0.384
15097,0.121,0.363
15098,0.134,0.402
15099,0.134,0.402
15100,0.117,0.351
15101,0.172,0.516
15102,0.171,0.513
15103,0.24,0.72
15104,0.186,0.558
15105,0.165,0.495
15106,0.188,0.564
15107,0.28,0.84
15108,0.234,0.702
15109,0.41,1.23
15110,0.599,1.797
15111,0.522,1.566
15112,0.448,1.344
15113,0.433,1.299
15114,0.478,1.434
15115,0.509,1.527
15116,0.44,1.32
15117,0.679,2.037
15118,0.476,1.428
15119,0.323,0.969
15120,0.137,0.411
15121,0.144,0.432
15122,0.15,0.45
15123,0.161,0.483
15124,0.138,0.414
15125,0.127,0.381
15126,0.501,1.503
15127,0.181,0.543
15128,0.497,1.491
15129,0.584,1.752
15130,0.27,0.81
15131,1.408,4.224
15132,2.209,5.03520079
15133,2.586,5.034727874
15134,0.81,2.43
15135,2.3599999,4.84799311
15136,0.417,1.251
15137,0.617,1.851
15138,0.508,1.524
15139,0.503,1.509
15140,1.981,5.05183847
15141,1.711,5.048202662
15142,0.907,2.721
15143,0.65,1.95
15144,0.163,0.489
15145,0.166,0.498
15146,0.162,0.486
15147,0.127,0.381
15148,0.129,0.387
15149,0.129,0.387
15150,0.225,0.675
15151,0.555,1.665
15152,0.507,1.521
15153,0.434,1.302
15154,0.409,1.227
15155,0.194,0.582
15156,0.181,0.543
15157,0.188,0.564
15158,0.199,0.597
15159,0.282,0.846
15160,0.268,0.804
15161,0.262,0.786
15162,1.415,4.245
15163,0.454,1.362
15164,0.599,1.797
15165,0.665,1.995
15166,0.335,1.005
15167,0.124,0.372
15168,0.161,0.483
15169,0.128,0.384
15170,0.128,0.384
15171,0.144,0.432
15172,0.187,0.561
15173,0.263,0.789
15174,0.347,1.041
15175,0.605,1.815
15176,0.57,1.71
15177,0.254,0.762
15178,0.253,0.759
15179,0.274,0.822
15180,0.372,1.116
15181,0.156,0.468
15182,0.215,0.645
15183,0.146,0.438
15184,0.699,2.097
15185,0.945,2.835
15186,1.266,3.798
15187,0.536,1.608
15188,0.619,1.857
15189,0.651,1.953
15190,0.208,0.624
15191,0.139,0.417
15192,0.155,0.465
15193,0.174,0.522
15194,0.118,0.354
15195,0.113,0.339
15196,0.128,0.384
15197,0.193,0.579
15198,0.988,2.964
15199,0.538,1.614
15200,0.396,1.188
15201,0.378,1.134
15202,0.343,1.029
15203,0.248,0.744
15204,0.297,0.891
15205,0.179,0.537
15206,0.277,0.831
15207,0.214,0.642
15208,0.235,0.705
15209,0.238,0.714
15210,0.495,1.485
15211,0.574,1.722
15212,0.563,1.689
15213,0.437,1.311
15214,0.15,0.45
15215,0.131,0.393
15216,0.116,0.348
15217,0.198,0.594
15218,0.129,0.387
15219,0.137,0.411
15220,0.604,1.812
15221,0.267,0.801
15222,0.159,0.477
15223,0.32,0.96
15224,0.429,1.287
15225,0.493,1.479
15226,0.339,1.017
15227,0.384,1.152
15228,0.462,1.386
15229,0.357,1.071
15230,0.781,2.343
15231,0.868,2.604
15232,0.507,1.521
15233,0.232,0.696
15234,0.206,0.618
15235,0.314,0.942
15236,0.436,1.308
15237,0.437,1.311
15238,0.389,1.167
15239,1.129,3.387
15240,0.503,1.509
15241,0.133,0.399
15242,0.101,0.303
15243,0.165,0.495
15244,0.132,0.396
15245,0.109,0.327
15246,0.346,1.038
15247,0.286,0.858
15248,0.407,1.221
15249,0.227,0.681
15250,0.367,1.101
15251,0.265,0.795
15252,0.238,0.714
15253,0.215,0.645
15254,0.237,0.711
15255,0.275,0.825
15256,0.157,0.471
15257,0.133,0.399
15258,0.2,0.6
15259,0.385,1.155
15260,1.632,4.896
15261,0.488,1.464
15262,0.461,1.383
15263,0.285,0.855
15264,0.133,0.399
15265,0.14,0.42
15266,0.101,0.303
15267,0.139,0.417
15268,0.135,0.405
15269,0.099,0.297
15270,0.54,1.62
15271,0.599,1.797
15272,0.463,1.389
15273,0.43,1.29
15274,0.399,1.197
15275,0.373,1.119
15276,0.292,0.876
15277,0.456,1.368
15278,0.282,0.846
15279,0.46,1.38
15280,0.273,0.819
15281,0.297,0.891
15282,0.473,1.419
15283,0.61,1.83
15284,0.572,1.716
15285,0.536,1.608
15286,0.601,1.803
15287,0.677,2.031
15288,0.232,0.696
15289,0.136,0.408
15290,0.127,0.381
15291,0.111,0.333
15292,0.148,0.444
15293,0.106,0.318
15294,0.258,0.774
15295,1.112,3.336
15296,0.959,2.877
15297,1.3699999,4.1099997
15298,0.999,2.997
15299,0.88,2.64
15300,1.274,3.822
15301,3.7500001,4.884279741
15302,0.934,2.802
15303,0.422,1.266
15304,1.042,3.126
15305,0.55,1.65
15306,0.606,1.818
15307,0.462,1.386
15308,0.599,1.797
15309,0.955,2.865
15310,0.929,2.787
15311,0.345,1.035
15312,0.14,0.42
15313,0.132,0.396
15314,0.131,0.393
15315,0.163,0.489
15316,0.12,0.36
15317,0.134,0.402
15318,0.244,0.732
15319,0.193,0.579
15320,0.215,0.645
15321,0.223,0.669
15322,0.383,1.149
15323,0.248,0.744
15324,0.317,0.951
15325,0.211,0.633
15326,0.23,0.69
15327,0.244,0.732
15328,0.277,0.831
15329,0.331,0.993
15330,0.246,0.738
15331,1.307,3.921
15332,0.852,2.556
15333,0.946,2.838
15334,0.604,1.812
15335,0.506,1.518
15336,0.113,0.339
15337,0.148,0.444
15338,0.113,0.339
15339,0.14,0.42
15340,0.122,0.366
15341,0.125,0.375
15342,0.425,1.275
15343,0.178,0.534
15344,0.27,0.81
15345,0.171,0.513
15346,0.212,0.636
15347,0.21,0.63
15348,0.367,1.101
15349,0.197,0.591
15350,0.314,0.942
15351,0.363,1.089
15352,0.274,0.822
15353,0.214,0.642
15354,0.234,0.702
15355,0.308,0.924
15356,0.569,1.707
15357,0.737,2.211
15358,0.695,2.085
15359,0.2,0.6
15360,0.096,0.288
15361,0.143,0.429
15362,0.1,0.3
15363,0.146,0.438
15364,0.103,0.309
15365,0.218,0.654
15366,0.183,0.549
15367,0.247,0.741
15368,0.632,1.896
15369,0.78,2.34
15370,0.446,1.338
15371,0.242,0.726
15372,0.318,0.954
15373,0.229,0.687
15374,0.687,2.061
15375,0.143,0.429
15376,0.234,0.702
15377,0.223,0.669
15378,0.417,1.251
15379,0.76,2.28
15380,0.849,2.547
15381,0.805,2.415
15382,0.269,0.807
15383,0.116,0.348
15384,0.13,0.39
15385,0.125,0.375
15386,0.118,0.354
15387,0.136,0.408
15388,0.109,0.327
15389,0.612,1.836
15390,0.605,1.815
15391,0.212,0.636
15392,0.466,1.398
15393,0.385,1.155
15394,0.288,0.864
15395,0.343,1.029
15396,0.231,0.693
15397,0.409,1.227
15398,0.222,0.666
15399,0.253,0.759
15400,0.314,0.942
15401,0.25,0.75
15402,0.447,1.341
15403,0.507,1.521
15404,0.323,0.969
15405,0.333,0.999
15406,0.532,1.596
15407,0.519,1.557
15408,0.151,0.453
15409,0.177,0.531
15410,0.138,0.414
15411,0.354,1.062
15412,0.134,0.402
15413,0.163,0.489
15414,0.148,0.444
15415,1.05,3.15
15416,0.576,1.728
15417,0.171,0.513
15418,0.239,0.717
15419,0.354,1.062
15420,0.457,1.371
15421,0.221,0.663
15422,0.35,1.05
15423,0.221,0.663
15424,0.347,1.041
15425,0.225,0.675
15426,0.281,0.843
15427,0.771,2.313
15428,0.604,1.812
15429,0.608,1.824
15430,0.612,1.836
15431,0.619,1.857
15432,0.124,0.372
15433,0.163,0.489
15434,0.112,0.336
15435,0.154,0.462
15436,0.113,0.339
15437,0.283,0.849
15438,0.167,0.501
15439,0.202,0.606
15440,0.953,2.859
15441,0.917,2.751
15442,1.7,5.1
15443,1.068,3.204
15444,1.73,4.97309395
15445,0.519,1.557
15446,0.302,0.906
15447,0.276,0.828
15448,0.262,0.786
15449,0.314,0.942
15450,0.265,0.795
15451,0.398,1.194
15452,0.675,2.025
15453,0.902,2.706
15454,0.719,2.157
15455,0.708,2.124
15456,0.793,2.379
15457,0.278,0.834
15458,0.123,0.369
15459,0.159,0.477
15460,0.127,0.381
15461,0.134,0.402
15462,0.126,0.378
15463,0.418,1.254
15464,0.273,0.819
15465,0.237,0.711
15466,0.197,0.591
15467,0.606,1.818
15468,0.567,1.701
15469,1.8959999,5.066852768
15470,2.263,5.081468268
15471,0.867,2.601
15472,0.263,0.789
15473,0.234,0.702
15474,0.238,0.714
15475,0.363,1.089
15476,0.595,1.785
15477,0.595,1.785
15478,0.642,1.926
15479,0.141,0.423
15480,0.131,0.393
15481,0.13,0.39
15482,0.141,0.423
15483,0.119,0.357
15484,0.125,0.375
15485,0.137,0.411
15486,0.325,0.975
15487,0.868,2.604
15488,0.236,0.708
15489,0.136,0.408
15490,0.126,0.378
15491,0.163,0.489
15492,0.357,1.071
15493,0.16,0.48
15494,0.149,0.447
15495,0.285,0.855
15496,0.268,0.804
15497,0.38,1.14
15498,0.466,1.398
15499,2.169,4.991691984
15500,0.611,1.833
15501,0.617,1.851
15502,0.784,2.352
15503,0.935,2.805
15504,1.26,3.78
15505,0.459,1.377
15506,0.14,0.42
15507,0.143,0.429
15508,0.121,0.363
15509,0.161,0.483
15510,0.14,0.42
15511,0.203,0.609
15512,0.348,1.044
15513,0.12,0.36
15514,0.133,0.399
15515,0.118,0.354
15516,0.169,0.507
15517,0.166,0.498
15518,0.231,0.693
15519,0.258,0.774
15520,0.395,1.185
15521,0.241,0.723
15522,0.294,0.882
15523,0.503,1.509
15524,1.039,3.117
15525,0.728,2.184
15526,0.701,2.103
15527,0.357,1.071
15528,0.197,0.591
15529,0.161,0.483
15530,0.198,0.594
15531,0.198,0.594
15532,0.179,0.537
15533,0.215,0.645
15534,0.255,0.765
15535,0.244,0.732
15536,0.361,1.083
15537,0.473,1.419
15538,0.646,1.938
15539,0.426,1.278
15540,0.335,1.005
15541,0.238,0.714
15542,0.193,0.579
15543,0.387,1.161
15544,0.173,0.519
15545,0.194,0.582
15546,0.629,1.887
15547,1.167,3.501
15548,0.577,1.731
15549,0.517,1.551
15550,0.952,2.856
15551,0.232,0.696
15552,0.139,0.417
15553,0.138,0.414
15554,0.101,0.303
15555,0.137,0.411
15556,0.117,0.351
15557,0.118,0.354
15558,0.315,0.945
15559,0.216,0.648
15560,0.282,0.846
15561,0.647,1.941
15562,0.52,1.56
15563,0.587,1.761
15564,0.47,1.41
15565,0.222,0.666
15566,0.135,0.405
15567,0.221,0.663
15568,0.249,0.747
15569,0.462,1.386
15570,0.277,0.831
15571,0.312,0.936
15572,0.66,1.98
15573,0.843,2.529
15574,0.513,1.539
15575,0.329,0.987
15576,0.125,0.375
15577,0.126,0.378
15578,0.126,0.378
15579,0.121,0.363
15580,0.111,0.333
15581,0.267,0.801
15582,0.237,0.711
15583,0.24,0.72
15584,0.392,1.176
15585,0.358,1.074
15586,0.265,0.795
15587,0.338,1.014
15588,0.226,0.678
15589,0.228,0.684
15590,0.214,0.642
15591,0.476,1.428
15592,0.24,0.72
15593,0.503,1.509
15594,1.068,3.204
15595,0.957,2.871
15596,0.659,1.977
15597,0.626,1.878
15598,0.558,1.674
15599,0.464,1.392
15600,0.175,0.525
15601,0.129,0.387
15602,0.183,0.549
15603,0.154,0.462
15604,0.121,0.363
15605,0.112,0.336
15606,0.201,0.603
15607,0.892,2.676
15608,0.617,1.851
15609,0.374,1.122
15610,0.445,1.335
15611,0.227,0.681
15612,0.317,0.951
15613,0.26,0.78
15614,0.302,0.906
15615,0.262,0.786
15616,0.259,0.777
15617,0.274,0.822
15618,0.318,0.954
15619,0.267,0.801
15620,1.3699999,4.1099997
15621,2.777,4.96105799
15622,1.199,3.597
15623,0.437,1.311
15624,0.212,0.636
15625,0.207,0.621
15626,0.211,0.633
15627,0.211,0.633
15628,0.199,0.597
15629,0.239,0.717
15630,1.37,4.11
15631,1.904,5.133714137
15632,1.258,3.774
15633,0.683,2.049
15634,1.321,3.963
15635,1.009,3.027
15636,3.2490001,4.941920914
15637,3.107,5.019979294
15638,0.93,2.79
15639,0.73,2.19
15640,0.462,1.386
15641,0.689,2.067
15642,0.676,2.028
15643,0.533,1.599
15644,0.503,1.509
15645,0.845,2.535
15646,0.59,1.77
15647,0.634,1.902
15648,0.135,0.405
15649,0.127,0.381
15650,0.126,0.378
15651,0.127,0.381
15652,0.107,0.321
15653,0.244,0.732
15654,0.308,0.924
15655,0.349,1.047
15656,0.553,1.659
15657,0.419,1.257
15658,0.263,0.789
15659,0.463,1.389
15660,0.284,0.852
15661,0.274,0.822
15662,0.391,1.173
15663,0.276,0.828
15664,0.215,0.645
15665,0.22,0.66
15666,1.548,4.644
15667,0.992,2.976
15668,0.86,2.58
15669,1.553,4.659
15670,0.313,0.939
15671,0.195,0.585
15672,0.197,0.591
15673,0.197,0.591
15674,0.197,0.591
15675,0.195,0.585
15676,0.192,0.576
15677,0.436,1.308
15678,0.442,1.326
15679,0.477,1.431
15680,0.505,1.515
15681,0.542,1.626
15682,0.49,1.47
15683,0.658,1.974
15684,0.457,1.371
15685,0.357,1.071
15686,0.308,0.924
15687,0.313,0.939
15688,0.477,1.431
15689,0.296,0.888
15690,0.654,1.962
15691,0.587,1.761
15692,0.673,2.019
15693,0.61,1.83
15694,0.33,0.99
15695,0.764,2.292
15696,0.422,1.266
15697,0.117,0.351
15698,0.116,0.348
15699,0.112,0.336
15700,0.111,0.333
15701,0.114,0.342
15702,1.269,3.807
15703,3.697,5.069692843
15704,1.037,3.111
15705,0.399,1.197
15706,0.475,1.425
15707,0.401,1.203
15708,0.308,0.924
15709,0.457,1.371
15710,0.339,1.017
15711,0.313,0.939
15712,0.234,0.702
15713,0.222,0.666
15714,0.522,1.566
15715,0.564,1.692
15716,1.412,4.236
15717,0.725,2.175
15718,0.695,2.085
15719,0.309,0.927
15720,0.12,0.36
15721,0.117,0.351
15722,0.125,0.375
15723,0.119,0.357
15724,0.113,0.339
15725,0.12,0.36
15726,0.941,2.823
15727,0.581,1.743
15728,0.574,1.722
15729,0.527,1.581
15730,0.444,1.332
15731,0.567,1.701
15732,0.494,1.482
15733,0.509,1.527
15734,0.167,0.501
15735,0.347,1.041
15736,0.423,1.269
15737,0.265,0.795
15738,0.462,1.386
15739,0.511,1.533
15740,0.493,1.479
15741,0.528,1.584
15742,1.6629999,4.9889997
15743,2.4670001,4.902879288
15744,0.114,0.342
15745,0.116,0.348
15746,0.126,0.378
15747,0.12,0.36
15748,0.526,1.578
15749,1.04,3.12
15750,1.69,5.07
15751,1.598,4.794
15752,0.476,1.428
15753,0.38,1.14
15754,0.536,1.608
15755,0.824,2.472
15756,0.385,1.155
15757,0.328,0.984
15758,0.677,2.031
15759,0.266,0.798
15760,0.856,2.568
15761,0.246,0.738
15762,0.447,1.341
15763,0.451,1.353
15764,1.664,4.992
15765,1.212,3.636
15766,1.174,3.522
15767,0.231,0.693
15768,0.125,0.375
15769,0.126,0.378
15770,0.119,0.357
15771,0.119,0.357
15772,0.119,0.357
15773,0.117,0.351
15774,0.573,1.719
15775,0.373,1.119
15776,0.212,0.636
15777,0.212,0.636
15778,0.264,0.792
15779,0.701,2.103
15780,0.58,1.74
15781,0.419,1.257
15782,0.355,1.065
15783,0.348,1.044
15784,0.384,1.152
15785,0.672,2.016
15786,0.479,1.437
15787,0.653,1.959
15788,0.613,1.839
15789,0.587,1.761
15790,0.137,0.411
15791,0.308,0.924
15792,0.116,0.348
15793,0.115,0.345
15794,0.116,0.348
15795,0.117,0.351
15796,0.115,0.345
15797,0.115,0.345
15798,2.5760001,4.89301258
15799,3.8420001,5.030820674
15800,0.595,1.785
15801,0.269,0.807
15802,0.374,1.122
15803,0.249,0.747
15804,0.783,2.349
15805,0.292,0.876
15806,0.254,0.762
15807,0.371,1.113
15808,0.889,2.667
15809,0.447,1.341
15810,1.56,4.68
15811,0.757,2.271
15812,1.709,4.962521655
15813,1.351,4.053
15814,1.445,4.335
15815,0.412,1.236
15816,0.158,0.474
15817,0.569,1.707
15818,0.125,0.375
15819,0.107,0.321
15820,0.125,0.375
15821,0.995,2.985
15822,2.594,4.95000844
15823,0.596,1.788
15824,0.447,1.341
15825,1.402,4.206
15826,0.293,0.879
15827,0.345,1.035
15828,0.318,0.954
15829,0.752,2.256
15830,0.315,0.945
15831,0.5,1.5
15832,0.717,2.151
15833,1.114,3.342
15834,3.648,4.90345679
15835,0.722,2.166
15836,0.701,2.103
15837,0.834,2.502
15838,0.329,0.987
15839,0.134,0.402
15840,0.613,1.839
15841,0.138,0.414
15842,0.113,0.339
15843,0.13,0.39
15844,0.599,1.797
15845,1.185,3.555
15846,1.551,4.653
15847,0.942,2.826
15848,1.361,4.083
15849,0.562,1.686
15850,0.4,1.2
15851,0.881,2.643
15852,0.285,0.855
15853,0.878,2.634
15854,0.269,0.807
15855,1.003,3.009
15856,1.739,4.920626414
15857,0.511,1.533
15858,2.72,5.087877809
15859,0.769,2.307
15860,0.67,2.01
15861,0.944,2.832
15862,0.757,2.271
15863,0.107,0.321
15864,0.136,0.408
15865,0.557,1.671
15866,0.138,0.414
15867,0.115,0.345
15868,1,3
15869,0.182,0.546
15870,1.2920001,3.8760003
15871,0.45,1.35
15872,0.585,1.755
15873,0.178,0.534
15874,0.817,2.451
15875,1.212,3.636
15876,2.454,4.908363203
15877,0.18,0.54
15878,0.377,1.131
15879,0.209,0.627
15880,0.135,0.405
15881,0.775,2.325
15882,0.345,1.035
15883,0.469,1.407
15884,1.193,3.579
15885,0.603,1.809
15886,0.553,1.659
15887,0.819,2.457
15888,0.13,0.39
15889,0.126,0.378
15890,0.102,0.306
15891,0.558,1.674
15892,0.153,0.459
15893,1.208,3.624
15894,3.117,5.009948052
15895,0.607,1.821
15896,0.384,1.152
15897,0.253,0.759
15898,0.739,2.217
15899,0.457,1.371
15900,0.326,0.978
15901,0.399,1.197
15902,0.184,0.552
15903,0.16,0.48
15904,0.198,0.594
15905,0.288,0.864
15906,0.633,1.899
15907,0.723,2.169
15908,0.68,2.04
15909,0.77,2.31
15910,0.676,2.028
15911,0.639,1.917
15912,0.177,0.531
15913,0.135,0.405
15914,0.129,0.387
15915,0.119,0.357
15916,0.109,0.327
15917,0.135,0.405
15918,2.47,4.993292917
15919,1.222,3.666
15920,0.831,2.493
15921,0.666,1.998
15922,0.541,1.623
15923,0.746,2.238
15924,0.313,0.939
15925,0.226,0.678
15926,0.169,0.507
15927,0.68,2.04
15928,0.338,1.014
15929,0.694,2.082
15930,0.945,2.835
15931,0.835,2.505
15932,0.649,1.947
15933,1.21,3.63
15934,0.664,1.992
15935,0.652,1.956
15936,0.701,2.103
15937,0.14,0.42
15938,0.137,0.411
15939,0.106,0.318
15940,0.584,1.752
15941,0.136,0.408
15942,0.93,2.79
15943,1.77,5.008220042
15944,0.345,1.035
15945,0.167,0.501
15946,0.156,0.468
15947,0.245,0.735
15948,0.326,0.978
15949,0.38,1.14
15950,0.262,0.786
15951,0.223,0.669
15952,0.242,0.726
15953,0.364,1.092
15954,0.46,1.38
15955,0.351,1.053
15956,0.667,2.001
15957,1.213,3.639
15958,1.538,4.614
15959,0.995,2.985
15960,1.232,3.696
15961,0.886,2.658
15962,0.673,2.019
15963,0.147,0.441
15964,0.137,0.411
15965,0.141,0.423
15966,0.133,0.399
15967,0.362,1.086
15968,0.388,1.164
15969,1.509,4.527
15970,1.744,4.952865803
15971,1.431,4.293
15972,2.317,5.051793025
15973,4.3409999,4.988434434
15974,2.598,5.09597294
15975,1.019,3.057
15976,0.592,1.776
15977,1.3359999,4.0079997
15978,0.504,1.512
15979,1.068,3.204
15980,1.136,3.408
15981,1.147,3.441
15982,1.139,3.417
15983,0.813,2.439
15984,0.573,1.719
15985,0.143,0.429
15986,0.138,0.414
15987,0.105,0.315
15988,0.559,1.677
15989,0.121,0.363
15990,0.86,2.58
15991,0.197,0.591
15992,0.872,2.616
15993,0.399,1.197
15994,0.289,0.867
15995,0.13,0.39
15996,0.785,2.355
15997,0.222,0.666
15998,0.231,0.693
15999,0.682,2.046
16000,0.245,0.735
16001,0.481,1.443
16002,0.856,2.568
16003,0.872,2.616
16004,2.339,4.845500959
16005,1.274,3.822
16006,0.709,2.127
16007,0.548,1.644
16008,0.214,0.642
16009,0.14,0.42
16010,0.125,0.375
16011,0.154,0.462
16012,0.165,0.495
16013,0.117,0.351
16014,0.588,1.764
16015,0.724,2.172
16016,0.707,2.121
16017,0.566,1.698
16018,0.318,0.954
16019,0.416,1.248
16020,0.355,1.065
16021,0.279,0.837
16022,0.337,1.011
16023,0.253,0.759
16024,0.432,1.296
16025,0.329,0.987
16026,0.345,1.035
16027,0.465,1.395
16028,0.715,2.145
16029,0.674,2.022
16030,0.527,1.581
16031,0.561,1.683
16032,0.649,1.947
16033,0.513,1.539
16034,0.126,0.378
16035,0.107,0.321
16036,0.135,0.405
16037,0.12,0.36
16038,0.416,1.248
16039,0.432,1.296
16040,0.504,1.512
16041,0.527,1.581
16042,0.3,0.9
16043,0.367,1.101
16044,0.324,0.972
16045,0.303,0.909
16046,0.251,0.753
16047,0.299,0.897
16048,0.31,0.93
16049,0.418,1.254
16050,0.791,2.373
16051,0.707,2.121
16052,2.309,5.114805575
16053,0.864,2.592
16054,0.749,2.247
16055,0.792,2.376
16056,0.553,1.659
16057,0.128,0.384
16058,0.124,0.372
16059,0.126,0.378
16060,0.125,0.375
16061,0.123,0.369
16062,0.166,0.498
16063,0.385,1.155
16064,0.708,2.124
16065,0.845,2.535
16066,0.603,1.809
16067,0.493,1.479
16068,0.632,1.896
16069,0.489,1.467
16070,0.476,1.428
16071,0.337,1.011
16072,0.362,1.086
16073,0.33,0.99
16074,0.289,0.867
16075,0.647,1.941
16076,0.859,2.577
16077,0.877,2.631
16078,0.782,2.346
16079,0.691,2.073
16080,0.502,1.506
16081,0.123,0.369
16082,0.118,0.354
16083,0.12,0.36
16084,0.118,0.354
16085,0.114,0.342
16086,0.566,1.698
16087,1.301,3.903
16088,1.039,3.117
16089,0.809,2.427
16090,0.583,1.749
16091,0.499,1.497
16092,0.583,1.749
16093,0.502,1.506
16094,0.614,1.842
16095,0.436,1.308
16096,0.936,2.808
16097,1.76,4.84605718
16098,1.207,3.621
16099,1.527,4.581
16100,1.316,3.948
16101,0.794,2.382
16102,1.459,4.377
16103,1.339,4.017
16104,1.208,3.624
16105,0.169,0.507
16106,0.121,0.363
16107,0.12,0.36
16108,0.585,1.755
16109,0.119,0.357
16110,0.114,0.342
16111,0.672,2.016
16112,0.266,0.798
16113,0.484,1.452
16114,1.595,4.785
16115,0.752,2.256
16116,1.233,3.699
16117,1.8669999,4.925345154
16118,2.442,5.117288854
16119,0.507,1.521
16120,1.883,4.812550512
16121,0.542,1.626
16122,1.156,3.468
16123,0.943,2.829
16124,1.02,3.06
16125,1.041,3.123
16126,0.901,2.703
16127,0.651,1.953
16128,0.776,2.328
16129,0.382,1.146
16130,0.435,1.305
16131,0.897,2.691
16132,0.109,0.327
16133,0.109,0.327
16134,0.11,0.33
16135,0.109,0.327
16136,0.313,0.939
16137,0.366,1.098
16138,0.964,2.892
16139,0.929,2.787
16140,2.398,4.970763144
16141,1.77,4.894801965
16142,3.7529999,5.206764835
16143,2.99,4.915884623
16144,1.088,3.264
16145,0.676,2.028
16146,0.613,1.839
16147,0.63,1.89
16148,0.931,2.793
16149,1.122,3.366
16150,0.628,1.884
16151,0.49,1.47
16152,0.142,0.426
16153,0.119,0.357
16154,0.118,0.354
16155,0.122,0.366
16156,0.617,1.851
16157,0.112,0.336
16158,0.118,0.354
16159,0.398,1.194
16160,1.12,3.36
16161,0.401,1.203
16162,0.255,0.765
16163,0.375,1.125
16164,0.221,0.663
16165,0.293,0.879
16166,0.153,0.459
16167,0.215,0.645
16168,0.585,1.755
16169,0.23,0.69
16170,0.234,0.702
16171,1.178,3.534
16172,0.83,2.49
16173,0.858,2.574
16174,0.794,2.382
16175,1.385,4.155
16176,0.42,1.26
16177,0.419,1.257
16178,0.132,0.396
16179,0.096,0.288
16180,0.119,0.357
16181,0.094,0.282
16182,0.112,0.336
16183,1.666,4.998
16184,3.256,4.915198708
16185,1.392,4.176
16186,0.831,2.493
16187,0.416,1.248
16188,0.361,1.083
16189,0.273,0.819
16190,0.368,1.104
16191,0.36,1.08
16192,0.229,0.687
16193,0.223,0.669
16194,0.507,1.521
16195,0.908,2.724
16196,0.467,1.401
16197,1.253,3.759
16198,0.673,2.019
16199,0.584,1.752
16200,1.711,4.963618162
16201,0.119,0.357
16202,0.1,0.3
16203,0.111,0.333
16204,0.118,0.354
16205,0.106,0.318
16206,0.098,0.294
16207,0.115,0.345
16208,1.186,3.558
16209,0.556,1.668
16210,0.625,1.875
16211,0.551,1.653
16212,0.333,0.999
16213,0.339,1.017
16214,0.843,2.529
16215,0.428,1.284
16216,0.354,1.062
16217,0.355,1.065
16218,0.278,0.834
16219,1.536,4.608
16220,1.222,3.666
16221,0.854,2.562
16222,0.442,1.326
16223,0.48,1.44
16224,0.389,1.167
16225,0.119,0.357
16226,0.118,0.354
16227,0.579,1.737
16228,0.118,0.354
16229,0.114,0.342
16230,0.11,0.33
16231,0.115,0.345
16232,1.271,3.813
16233,0.384,1.152
16234,0.236,0.708
16235,0.353,1.059
16236,0.699,2.097
16237,0.217,0.651
16238,0.489,1.467
16239,0.137,0.411
16240,0.165,0.495
16241,1.106,3.318
16242,0.442,1.326
16243,0.821,2.463
16244,2.458,4.954858276
16245,0.961,2.883
16246,0.794,2.382
16247,0.816,2.448
16248,0.62,1.86
16249,0.114,0.342
16250,0.118,0.354
16251,0.099,0.297
16252,0.112,0.336
16253,0.099,0.297
16254,0.107,0.321
16255,0.97,2.91
16256,0.506,1.518
16257,0.741,2.223
16258,0.392,1.176
16259,0.967,2.901
16260,0.473,1.419
16261,0.393,1.179
16262,0.393,1.179
16263,1.286,3.858
16264,0.394,1.182
16265,0.624,1.872
16266,0.623,1.869
16267,1.262,3.786
16268,0.683,2.049
16269,0.646,1.938
16270,0.692,2.076
16271,0.415,1.245
16272,0.099,0.297
16273,0.114,0.342
16274,0.568,1.704
16275,0.118,0.354
16276,0.096,0.288
16277,0.11,0.33
16278,0.098,0.294
16279,2.6500001,5.092133598
16280,2.236,4.838073722
16281,0.458,1.374
16282,0.343,1.029
16283,0.372,1.116
16284,0.543,1.629
16285,0.372,1.116
16286,1.054,3.162
16287,0.392,1.176
16288,0.489,1.467
16289,0.384,1.152
16290,0.573,1.719
16291,0.393,1.179
16292,1.111,3.333
16293,0.628,1.884
16294,0.677,2.031
16295,1.275,3.825
16296,0.787,2.361
16297,1.125,3.375
16298,0.513,1.539
16299,0.443,1.329
16300,0.435,1.305
16301,0.453,1.359
16302,1.159,3.477
16303,0.787,2.361
16304,0.982,2.946
16305,2.526,4.997285771
16306,1.412,4.236
16307,2.227,4.987146032
16308,1.705,5.032992032
16309,2.7750001,4.889593335
16310,3.35,5.045178114
16311,2.094,5.040158913
16312,0.768,2.304
16313,0.216,0.648
16314,1.811,5.187564127
16315,0.724,2.172
16316,0.709,2.127
16317,0.856,2.568
16318,1.08,3.24
16319,0.409,1.227
16320,0.093,0.279
16321,0.098,0.294
16322,0.094,0.282
16323,0.088,0.264
16324,0.092,0.276
16325,0.639,1.917
16326,0.102,0.306
16327,1.57,4.71
16328,1.022,3.066
16329,0.544,1.632
16330,0.287,0.861
16331,0.157,0.471
16332,0.857,2.571
16333,0.192,0.576
16334,0.162,0.486
16335,0.394,1.182
16336,0.209,0.627
16337,0.265,0.795
16338,0.503,1.509
16339,1.097,3.291
16340,2.6060001,5.079935824
16341,2.128,5.035811598
16342,0.807,2.421
16343,1.611,4.833
16344,0.91,2.73
16345,0.863,2.589
16346,0.84,2.52
16347,0.831,2.493
16348,0.511,1.533
16349,0.103,0.309
16350,0.108,0.324
16351,1.351,4.053
16352,0.395,1.185
16353,0.191,0.573
16354,0.132,0.396
16355,0.199,0.597
16356,0.347,1.041
16357,0.666,1.998
16358,0.276,0.828
16359,0.251,0.753
16360,0.106,0.318
16361,0.797,2.391
16362,0.246,0.738
16363,2.011,5.001961492
16364,0.817,2.451
16365,0.696,2.088
16366,1.044,3.132
16367,0.978,2.934
16368,0.132,0.396
16369,0.112,0.336
16370,0.134,0.402
16371,0.097,0.291
16372,0.108,0.324
16373,0.537,1.611
16374,1.068,3.204
16375,2.385,5.1019379
16376,1.612,4.836
16377,1.251,3.753
16378,0.398,1.194
16379,0.279,0.837
16380,0.25,0.75
16381,0.371,1.113
16382,3.461,5.19849665
16383,1.257,3.771
16384,0.342,1.026
16385,0.332,0.996
16386,0.446,1.338
16387,1.87,5.003348212
16388,0.743,2.229
16389,1.716,4.941740541
16390,1.021,3.063
16391,0.736,2.208
16392,0.309,0.927
16393,0.097,0.291
16394,0.109,0.327
16395,0.112,0.336
16396,0.095,0.285
16397,0.109,0.327
16398,0.709,2.127
16399,0.833,2.499
16400,0.871,2.613
16401,0.82,2.46
16402,0.461,1.383
16403,0.4,1.2
16404,0.492,1.476
16405,0.392,1.176
16406,0.434,1.302
16407,0.606,1.818
16408,0.88,2.64
16409,0.868,2.604
16410,0.351,1.053
16411,1.301,3.903
16412,2.42,4.852161817
16413,1.184,3.552
16414,1.299,3.897
16415,1.022,3.066
16416,1.07,3.21
16417,1.604,4.812
16418,0.962,2.886
16419,0.981,2.943
16420,0.972,2.916
16421,0.945,2.835
16422,0.789,2.367
16423,0.109,0.327
16424,0.906,2.718
16425,0.269,0.807
16426,0.288,0.864
16427,0.197,0.591
16428,0.221,0.663
16429,0.265,0.795
16430,0.302,0.906
16431,0.613,1.839
16432,0.351,1.053
16433,0.344,1.032
16434,0.209,0.627
16435,0.918,2.754
16436,0.513,1.539
16437,0.442,1.326
16438,0.664,1.992
16439,0.578,1.734
16440,0.496,1.488
16441,1.669,5.007
16442,0.891,2.673
16443,0.778,2.334
16444,0.789,2.367
16445,0.783,2.349
16446,0.798,2.394
16447,0.746,2.238
16448,4.017,5.216439248
16449,1.301,3.903
16450,1.577,4.731
16451,2.099,5.010434035
16452,1.107,3.321
16453,0.936,2.808
16454,0.289,0.867
16455,0.256,0.768
16456,0.866,2.598
16457,0.343,1.029
16458,0.337,1.011
16459,0.925,2.775
16460,0.437,1.311
16461,0.394,1.182
16462,0.254,0.762
16463,1.484,4.452
16464,1.282,3.846
16465,1.487,4.461
16466,0.657,1.971
16467,0.627,1.881
16468,0.581,1.743
16469,0.551,1.653
16470,0.14,0.42
16471,0.631,1.893
16472,0.195,0.585
16473,0.189,0.567
16474,0.831,2.493
16475,1.261,3.783
16476,1.613,4.839
16477,2.967,4.951768439
16478,3.5210002,4.86578022
16479,2.313,5.038993789
16480,1.115,3.345
16481,1.147,3.441
16482,1.814,4.969921895
16483,1.591,4.773
16484,1.302,3.906
16485,1.342,4.026
16486,1.733,5.085242352
16487,0.74,2.22
16488,0.24,0.72
16489,0.224,0.672
16490,0.234,0.702
16491,0.183,0.549
16492,0.153,0.459
16493,0.624,1.872
16494,0.172,0.516
16495,0.9,2.7
16496,1.908,4.952871563
16497,0.625,1.875
16498,0.403,1.209
16499,0.339,1.017
16500,0.231,0.693
16501,0.286,0.858
16502,0.715,2.145
16503,0.272,0.816
16504,0.248,0.744
16505,0.179,0.537
16506,1.191,3.573
16507,1.15,3.45
16508,1.628,4.884
16509,1.175,3.525
16510,1.265,3.795
16511,1.317,3.951
16512,0.206,0.618
16513,0.162,0.486
16514,0.741,2.223
16515,0.177,0.531
16516,0.171,0.513
16517,0.152,0.456
16518,0.152,0.456
16519,1.607,4.821
16520,1.424,4.272
16521,1.468,4.404
16522,0.971,2.913
16523,0.868,2.604
16524,0.727,2.181
16525,0.699,2.097
16526,1.077,3.231
16527,0.611,1.833
16528,0.707,2.121
16529,0.646,1.938
16530,1.353,4.059
16531,2.2839999,4.978072696
16532,1.547,4.641
16533,0.879,2.637
16534,2.055,5.075098919
16535,1.183,3.549
16536,1.091,3.273
16537,1.008,3.024
16538,0.981,2.943
16539,0.981,2.943
16540,1.021,3.063
16541,1.419,4.257
16542,0.982,2.946
16543,1.268,3.804
16544,2.422,5.04866778
16545,1.285,3.855
16546,1.03,3.09
16547,1.105,3.315
16548,1.489,4.467
16549,1.115,3.345
16550,0.898,2.694
16551,0.738,2.214
16552,0.684,2.052
16553,0.683,2.049
16554,1.056,3.168
16555,1.682,5.046
16556,1.97,4.988646769
16557,1.7379999,4.966823527
16558,1.59,4.77
16559,1.367,4.101
16560,0.99,2.97
16561,1.485,4.455
16562,0.969,2.907
16563,0.869,2.607
16564,1.135,3.405
16565,1.095,3.285
16566,1.039,3.117
16567,1.903,5.046821529
16568,2.25,4.912002458
16569,1.104,3.312
16570,0.822,2.466
16571,0.787,2.361
16572,0.63,1.89
16573,0.713,2.139
16574,1.312,3.936
16575,0.626,1.878
16576,0.707,2.121
16577,0.561,1.683
16578,0.675,2.025
16579,1.359,4.077
16580,1.045,3.135
16581,1.296,3.888
16582,1.024,3.072
16583,1.161,3.483
16584,0.994,2.982
16585,1.515,4.545
16586,0.653,1.959
16587,0.386,1.158
16588,0.369,1.107
16589,2.699,4.94768905
16590,4,4.951778959
16591,1.328,3.984
16592,1.073,3.219
16593,1.265,3.795
16594,0.637,1.911
16595,4.31,5.161866526
16596,0.441,1.323
16597,0.352,1.056
16598,0.382,1.146
16599,0.343,1.029
16600,0.361,1.083
16601,0.619,1.857
16602,1.434,4.302
16603,2.109,4.988391568
16604,1.284,3.852
16605,1.557,4.671
16606,1.262,3.786
16607,2.297,4.905117723
16608,1.879,4.914827385
16609,1.44,4.32
16610,1.464,4.392
16611,1.432,4.296
16612,1.432,4.296
16613,1.339,4.017
16614,1.215,3.645
16615,0.943,2.829
16616,1.986,4.953917501
16617,1.132,3.396
16618,1.04,3.12
16619,1.04,3.12
16620,0.907,2.721
16621,0.539,1.617
16622,1.021,3.063
16623,0.589,1.767
16624,0.158,0.474
16625,0.276,0.828
16626,0.629,1.887
16627,0.92,2.76
16628,1.179,3.537
16629,1.819,5.043924825
16630,1.57,4.71
16631,1.379,4.137
16632,1.241,3.723
16633,1.008,3.024
16634,0.752,2.256
16635,0.762,2.286
16636,0.775,2.325
16637,0.786,2.358
16638,1.195,3.585
16639,0.596,1.788
16640,0.849,2.547
16641,0.344,1.032
16642,1.102,3.306
16643,0.821,2.463
16644,0.43,1.29
16645,0.508,1.524
16646,0.447,1.341
16647,0.357,1.071
16648,0.375,1.125
16649,0.432,1.296
16650,0.725,2.175
16651,0.923,2.769
16652,0.735,2.205
16653,0.775,2.325
16654,2.042,5.075518318
16655,0.835,2.505
16656,0.802,2.406
16657,1.073,3.219
16658,1.006,3.018
16659,0.988,2.964
16660,0.985,2.955
16661,0.948,2.844
16662,1.064,3.192
16663,2.1109999,5.21297038
16664,1.618,4.854
16665,1.023,3.069
16666,0.975,2.925
16667,0.679,2.037
16668,0.691,2.073
16669,0.72,2.16
16670,0.6,1.8
16671,0.537,1.611
16672,0.755,2.265
16673,0.569,1.707
16674,0.797,2.391
16675,1.206,3.618
16676,1.202,3.606
16677,1.028,3.084
16678,1.144,3.432
16679,1.63,4.89
16680,1.255,3.765
16681,0.905,2.715
16682,0.971,2.913
16683,0.802,2.406
16684,0.868,2.604
16685,0.89,2.67
16686,0.921,2.763
16687,0.841,2.523
16688,1.219,3.657
16689,1.15,3.45
16690,0.742,2.226
16691,0.706,2.118
16692,0.669,2.007
16693,0.57,1.71
16694,0.301,0.903
16695,0.281,0.843
16696,0.301,0.903
16697,0.354,1.062
16698,0.413,1.239
16699,0.302,0.906
16700,0.686,2.058
16701,0.871,2.613
16702,0.839,2.517
16703,0.73,2.19
16704,0.317,0.951
16705,0.122,0.366
16706,0.145,0.435
16707,0.097,0.291
16708,0.092,0.276
16709,0.115,0.345
16710,0.089,0.267
16711,0.089,0.267
16712,0.332,0.996
16713,0.855,2.565
16714,0.853,2.559
16715,0.462,1.386
16716,0.46,1.38
16717,0.246,0.738
16718,0.259,0.777
16719,0.338,1.014
16720,0.297,0.891
16721,0.13,0.39
16722,0.463,1.389
16723,1.239,3.717
16724,0.748,2.244
16725,0.769,2.307
16726,0.939,2.817
16727,0.486,1.458
16728,0.181,0.543
16729,0.148,0.444
16730,0.117,0.351
16731,0.123,0.369
16732,0.096,0.288
16733,0.145,0.435
16734,0.117,0.351
16735,0.09,0.27
16736,0.124,0.372
16737,0.801,2.403
16738,0.508,1.524
16739,0.337,1.011
16740,0.411,1.233
16741,0.227,0.681
16742,0.244,0.732
16743,0.32,0.96
16744,0.267,0.801
16745,0.272,0.816
16746,0.346,1.038
16747,0.477,1.431
16748,0.521,1.563
16749,0.381,1.143
16750,0.593,1.779
16751,0.637,1.911
16752,1.355,4.065
16753,0.628,1.884
16754,1.105,3.315
16755,0.29,0.87
16756,0.265,0.795
16757,0.098,0.294
16758,0.118,0.354
16759,0.238,0.714
16760,1.83,4.917236467
16761,0.857,2.571
16762,0.88,2.64
16763,0.984,2.952
16764,0.756,2.268
16765,0.537,1.611
16766,1.277,3.831
16767,1.271,3.813
16768,0.696,2.088
16769,0.581,1.743
16770,0.612,1.836
16771,0.84,2.52
16772,0.608,1.824
16773,0.462,1.386
16774,0.55,1.65
16775,0.607,1.821
16776,0.552,1.656
16777,0.284,0.852
16778,0.108,0.324
16779,0.116,0.348
16780,0.099,0.297
16781,0.121,0.363
16782,0.134,0.402
16783,0.491,1.473
16784,1.064,3.192
16785,1.032,3.096
16786,0.686,2.058
16787,0.393,1.179
16788,0.625,1.875
16789,0.338,1.014
16790,0.323,0.969
16791,0.442,1.326
16792,0.435,1.305
16793,0.318,0.954
16794,0.657,1.971
16795,1.022,3.066
16796,1.117,3.351
16797,1.034,3.102
16798,1.527,4.581
16799,1.263,3.789
16800,0.8,2.4
16801,0.917,2.751
16802,0.651,1.953
16803,0.146,0.438
16804,0.096,0.288
16805,0.089,0.267
16806,0.096,0.288
16807,0.095,0.285
16808,0.106,0.318
16809,1.299,3.897
16810,1.33,3.99
16811,0.814,2.442
16812,1.104,3.312
16813,0.682,2.046
16814,3.155,4.998995072
16815,2.835,5.075711911
16816,1.016,3.048
16817,0.709,2.127
16818,0.602,1.806
16819,0.575,1.725
16820,0.752,2.256
16821,0.815,2.445
16822,1.771,4.934222708
16823,1.111,3.333
16824,0.664,1.992
16825,0.801,2.403
16826,0.762,2.286
16827,0.776,2.328
16828,0.768,2.304
16829,0.792,2.376
16830,0.754,2.262
16831,0.765,2.295
16832,0.678,2.034
16833,0.591,1.773
16834,0.46,1.38
16835,0.59,1.77
16836,0.47,1.41
16837,0.542,1.626
16838,0.436,1.308
16839,0.425,1.275
16840,0.111,0.333
16841,0.155,0.465
16842,0.364,1.092
16843,0.538,1.614
16844,0.518,1.554
16845,0.688,2.064
16846,1.104,3.312
16847,0.713,2.139
16848,0.833,2.499
16849,0.727,2.181
16850,0.641,1.923
16851,0.63,1.89
16852,0.647,1.941
16853,0.248,0.744
16854,0.121,0.363
16855,0.098,0.294
16856,0.47,1.41
16857,1.097,3.291
16858,0.712,2.136
16859,0.49,1.47
16860,0.435,1.305
16861,0.569,1.707
16862,0.639,1.917
16863,0.678,2.034
16864,0.81,2.43
16865,0.64,1.92
16866,0.726,2.178
16867,1.089,3.267
16868,1.405,4.215
16869,0.774,2.322
16870,0.734,2.202
16871,0.782,2.346
16872,0.549,1.647
16873,0.451,1.353
16874,0.461,1.383
16875,0.477,1.431
16876,0.457,1.371
16877,0.405,1.215
16878,0.417,1.251
16879,0.483,1.449
16880,0.574,1.722
16881,0.918,2.754
16882,0.837,2.511
16883,0.495,1.485
16884,0.614,1.842
16885,0.41,1.23
16886,0.443,1.329
16887,0.619,1.857
16888,0.454,1.362
16889,0.359,1.077
16890,0.281,0.843
16891,0.231,0.693
16892,0.678,2.034
16893,1.359,4.077
16894,1.287,3.861
16895,0.509,1.527
16896,0.645,1.935
16897,0.586,1.758
16898,0.498,1.494
16899,0.536,1.608
16900,0.567,1.701
16901,0.514,1.542
16902,0.587,1.761
16903,1.013,3.039
16904,1.139,3.417
16905,0.554,1.662
16906,0.286,0.858
16907,0.458,1.374
16908,0.383,1.149
16909,0.287,0.861
16910,0.281,0.843
16911,0.321,0.963
16912,0.445,1.335
16913,0.554,1.662
16914,0.471,1.413
16915,0.81,2.43
16916,0.849,2.547
16917,1.295,3.885
16918,1.159,3.477
16919,1.199,3.597
16920,0.563,1.689
16921,0.093,0.279
16922,0.091,0.273
16923,0.115,0.345
16924,0.098,0.294
16925,0.091,0.273
16926,0.091,0.273
16927,0.102,0.306
16928,1.128,3.384
16929,0.928,2.784
16930,0.736,2.208
16931,0.471,1.413
16932,0.443,1.329
16933,0.499,1.497
16934,0.365,1.095
16935,0.415,1.245
16936,0.274,0.822
16937,0.408,1.224
16938,0.346,1.038
16939,1.836,5.143860436
16940,1.212,3.636
16941,0.746,2.238
16942,1.476,4.428
16943,1.921,5.00101859
16944,0.846,2.538
16945,0.48,1.44
16946,0.134,0.402
16947,0.095,0.285
16948,0.112,0.336
16949,0.09,0.27
16950,0.091,0.273
16951,0.11,0.33
16952,1.047,3.141
16953,0.813,2.439
16954,0.586,1.758
16955,0.44,1.32
16956,1.344,4.032
16957,0.496,1.488
16958,0.19,0.57
16959,0.401,1.203
16960,0.495,1.485
16961,0.476,1.428
16962,0.577,1.731
16963,0.595,1.785
16964,0.701,2.103
16965,0.675,2.025
16966,0.638,1.914
16967,0.662,1.986
16968,2.532,4.868610599
16969,2.145,5.101521006
16970,0.705,2.115
16971,0.11,0.33
16972,0.124,0.372
16973,0.116,0.348
16974,0.745,2.235
16975,0.772,2.316
16976,0.571,1.713
16977,1.133,3.399
16978,0.494,1.482
16979,0.406,1.218
16980,1.238,3.714
16981,1.794,4.960521534
16982,2.5189999,4.919484112
16983,1.543,4.629
16984,0.797,2.391
16985,0.662,1.986
16986,0.75,2.25
16987,0.986,2.958
16988,0.608,1.824
16989,0.891,2.673
16990,0.943,2.829
16991,0.448,1.344
16992,0.214,0.642
16993,0.117,0.351
16994,0.112,0.336
16995,0.116,0.348
16996,0.094,0.282
16997,0.113,0.339
16998,0.091,0.273
16999,0.285,0.855
17000,1.17,3.51
17001,0.743,2.229
17002,0.593,1.779
17003,0.541,1.623
17004,0.359,1.077
17005,0.351,1.053
17006,0.167,0.501
17007,0.164,0.492
17008,0.152,0.456
17009,0.173,0.519
17010,0.497,1.491
17011,0.763,2.289
17012,2.351,4.83541183
17013,0.851,2.553
17014,0.954,2.862
17015,0.796,2.388
17016,0.874,2.622
17017,0.685,2.055
17018,0.146,0.438
17019,0.127,0.381
17020,0.126,0.378
17021,0.121,0.363
17022,0.121,0.363
17023,0.123,0.369
17024,0.795,2.385
17025,1.503,4.509
17026,1.445,4.335
17027,0.795,2.385
17028,0.217,0.651
17029,0.393,1.179
17030,0.29,0.87
17031,0.304,0.912
17032,0.279,0.837
17033,0.309,0.927
17034,0.428,1.284
17035,0.39,1.17
17036,1.026,3.078
17037,0.832,2.496
17038,0.739,2.217
17039,0.45,1.35
17040,0.631,1.893
17041,0.323,0.969
17042,0.327,0.981
17043,0.33,0.99
17044,0.38,1.14
17045,0.277,0.831
17046,0.355,1.065
17047,0.635,1.905
17048,0.608,1.824
17049,0.969,2.907
17050,0.866,2.598
17051,0.797,2.391
17052,0.547,1.641
17053,0.399,1.197
17054,0.415,1.245
17055,0.504,1.512
17056,0.473,1.419
17057,0.691,2.073
17058,0.601,1.803
17059,0.854,2.562
17060,0.918,2.754
17061,0.916,2.748
17062,0.846,2.538
17063,0.832,2.496
17064,0.833,2.499
17065,0.961,2.883
17066,0.654,1.962
17067,0.25,0.75
17068,0.298,0.894
17069,0.307,0.921
17070,0.273,0.819
17071,0.262,0.786
17072,0.411,1.233
17073,0.545,1.635
17074,0.644,1.932
17075,0.346,1.038
17076,0.295,0.885
17077,0.444,1.332
17078,0.352,1.056
17079,0.327,0.981
17080,0.483,1.449
17081,0.641,1.923
17082,0.7,2.1
17083,0.883,2.649
17084,0.791,2.373
17085,0.746,2.238
17086,0.837,2.511
17087,0.751,2.253
17088,0.703,2.109
17089,0.121,0.363
17090,0.138,0.414
17091,0.112,0.336
17092,0.109,0.327
17093,0.482,1.446
17094,0.495,1.485
17095,0.632,1.896
17096,1.116,3.348
17097,1.169,3.507
17098,0.981,2.943
17099,0.835,2.505
17100,0.86,2.58
17101,1.081,3.243
17102,0.893,2.679
17103,0.689,2.067
17104,1.028,3.084
17105,1.145,3.435
17106,1.143,3.429
17107,1.127,3.381
17108,1.184,3.552
17109,1.483,4.449
17110,1.597,4.791
17111,1.099,3.297
17112,1.312,3.936
17113,0.56,1.68
17114,0.125,0.375
17115,0.122,0.366
17116,0.114,0.342
17117,0.126,0.378
17118,0.105,0.315
17119,0.153,0.459
17120,0.456,1.368
17121,0.462,1.386
17122,0.482,1.446
17123,0.532,1.596
17124,1.319,3.957
17125,1.092,3.276
17126,0.968,2.904
17127,1.006,3.018
17128,1.997,5.113724614
17129,1.294,3.882
17130,0.876,2.628
17131,0.805,2.415
17132,0.949,2.847
17133,0.603,1.809
17134,0.671,2.013
17135,0.59,1.77
17136,0.699,2.097
17137,0.783,2.349
17138,0.304,0.912
17139,0.129,0.387
17140,0.131,0.393
17141,0.122,0.366
17142,0.114,0.342
17143,0.121,0.363
17144,0.493,1.479
17145,1.235,3.705
17146,1.63,4.89
17147,1.653,4.959
17148,1.842,5.028508436
17149,2.9899999,5.116773572
17150,3.506,4.882536027
17151,1.373,4.119
17152,0.774,2.322
17153,1.061,3.183
17154,1.3560001,4.0680003
17155,3.0670001,5.019358596
17156,1.376,4.128
17157,1.455,4.365
17158,1.73,4.786289831
17159,1.7129999,4.92256562
17160,0.964,2.892
17161,0.641,1.923
17162,0.156,0.468
17163,0.154,0.462
17164,0.164,0.492
17165,0.153,0.459
17166,0.141,0.423
17167,0.18,0.54
17168,0.37,1.11
17169,0.931,2.793
17170,0.502,1.506
17171,0.339,1.017
17172,0.148,0.444
17173,0.293,0.879
17174,0.194,0.582
17175,0.205,0.615
17176,0.444,1.332
17177,0.448,1.344
17178,0.466,1.398
17179,0.57,1.71
17180,1.444,4.332
17181,1.328,3.984
17182,0.578,1.734
17183,0.767,2.301
17184,0.773,2.319
17185,0.67,2.01
17186,0.747,2.241
17187,0.655,1.965
17188,0.673,2.019
17189,0.68,2.04
17190,0.649,1.947
17191,0.68,2.04
17192,0.59,1.77
17193,0.872,2.616
17194,0.511,1.533
17195,0.514,1.542
17196,0.481,1.443
17197,0.406,1.218
17198,0.445,1.335
17199,0.475,1.425
17200,0.61,1.83
17201,0.507,1.521
17202,0.781,2.343
17203,0.662,1.986
17204,0.777,2.331
17205,0.682,2.046
17206,0.827,2.481
17207,0.742,2.226
17208,0.754,2.262
17209,0.698,2.094
17210,0.594,1.782
17211,0.654,1.962
17212,0.508,1.524
17213,0.124,0.372
17214,0.102,0.306
17215,0.126,0.378
17216,0.342,1.026
17217,0.969,2.907
17218,0.619,1.857
17219,0.469,1.407
17220,0.489,1.467
17221,0.439,1.317
17222,0.328,0.984
17223,0.257,0.771
17224,0.171,0.513
17225,0.576,1.728
17226,0.719,2.157
17227,0.682,2.046
17228,1.011,3.033
17229,1.607,4.821
17230,1.284,3.852
17231,1.126,3.378
17232,1.308,3.924
17233,0.698,2.094
17234,0.608,1.824
17235,0.589,1.767
17236,0.359,1.077
17237,0.153,0.459
17238,0.104,0.312
17239,0.232,0.696
17240,0.721,2.163
17241,1.025,3.075
17242,0.706,2.118
17243,0.623,1.869
17244,0.52,1.56
17245,0.49,1.47
17246,0.425,1.275
17247,0.504,1.512
17248,0.347,1.041
17249,0.24,0.72
17250,0.736,2.208
17251,0.763,2.289
17252,0.973,2.919
17253,0.809,2.427
17254,0.881,2.643
17255,0.651,1.953
17256,0.552,1.656
17257,0.14,0.42
17258,0.133,0.399
17259,0.161,0.483
17260,0.153,0.459
17261,0.13,0.39
17262,0.129,0.387
17263,0.268,0.804
17264,1.41,4.23
17265,1.078,3.234
17266,1.215,3.645
17267,0.968,2.904
17268,0.816,2.448
17269,0.809,2.427
17270,0.975,2.925
17271,0.572,1.716
17272,0.667,2.001
17273,0.578,1.734
17274,0.946,2.838
17275,1.452,4.356
17276,2.6270001,5.0581981
17277,1.079,3.237
17278,0.93,2.79
17279,0.848,2.544
17280,0.742,2.226
17281,0.123,0.369
17282,0.126,0.378
17283,0.144,0.432
17284,0.103,0.309
17285,0.128,0.384
17286,0.108,0.324
17287,1.228,3.684
17288,0.829,2.487
17289,0.941,2.823
17290,0.384,1.152
17291,0.151,0.453
17292,0.161,0.483
17293,0.136,0.408
17294,0.603,1.809
17295,0.674,2.022
17296,0.602,1.806
17297,0.641,1.923
17298,0.705,2.115
17299,0.953,2.859
17300,0.73,2.19
17301,0.748,2.244
17302,0.561,1.683
17303,0.827,2.481
17304,0.74,2.22
17305,0.26,0.78
17306,0.099,0.297
17307,0.127,0.381
17308,0.11,0.33
17309,0.117,0.351
17310,0.1,0.3
17311,0.593,1.779
17312,0.5,1.5
17313,0.454,1.362
17314,0.467,1.401
17315,1.421,4.263
17316,1.881,4.952429496
17317,2.391,4.740397924
17318,3.7870001,4.902495858
17319,1.769,5.007877169
17320,0.501,1.503
17321,0.526,1.578
17322,0.683,2.049
17323,0.869,2.607
17324,0.896,2.688
17325,0.952,2.856
17326,0.95,2.85
17327,0.979,2.937
17328,0.945,2.835
17329,0.804,2.412
17330,0.143,0.429
17331,0.122,0.366
17332,0.122,0.366
17333,0.125,0.375
17334,0.143,0.429
17335,0.611,1.833
17336,1.021,3.063
17337,1.027,3.081
17338,0.185,0.555
17339,0.122,0.366
17340,0.141,0.423
17341,0.212,0.636
17342,0.553,1.659
17343,0.557,1.671
17344,0.551,1.653
17345,0.575,1.725
17346,0.712,2.136
17347,1.039,3.117
17348,0.861,2.583
17349,0.809,2.427
17350,1.083,3.249
17351,1.059,3.177
17352,1.053,3.159
17353,1.137,3.411
17354,0.696,2.088
17355,0.844,2.532
17356,0.903,2.709
17357,0.275,0.825
17358,0.144,0.432
17359,0.122,0.366
17360,0.448,1.344
17361,0.917,2.751
17362,0.688,2.064
17363,0.624,1.872
17364,0.622,1.866
17365,0.763,2.289
17366,0.514,1.542
17367,2.939,5.131847741
17368,1.494,4.482
17369,1.304,3.912
17370,1.966,4.925361263
17371,1.023,3.069
17372,1.764,5.171575977
17373,1.886,4.838617243
17374,1.847,5.044705561
17375,1.893,5.044253594
17376,2.224,5.031288799
17377,1.7829999,4.945226184
17378,1.027,3.081
17379,0.682,2.046
17380,0.156,0.468
17381,0.157,0.471
17382,0.128,0.384
17383,0.446,1.338
17384,0.34,1.02
17385,0.143,0.429
17386,0.112,0.336
17387,0.196,0.588
17388,0.589,1.767
17389,0.868,2.604
17390,1.213,3.639
17391,2.551,4.815618522
17392,1.703,5.043110678
17393,1.047,3.141
17394,0.84,2.52
17395,0.775,2.325
17396,0.698,2.094
17397,0.747,2.241
17398,0.738,2.214
17399,0.928,2.784
17400,1.3,3.9
17401,1.069,3.207
17402,2.228,5.042074605
17403,0.412,1.236
17404,0.244,0.732
17405,0.145,0.435
17406,0.117,0.351
17407,0.096,0.288
17408,0.115,0.345
17409,0.958,2.874
17410,1.578,4.734
17411,1.739,4.896527445
17412,0.747,2.241
17413,1.689,5.067
17414,2.7660001,5.105081447
17415,3.4030002,4.903291384
17416,2.9110001,5.112518083
17417,3.075,5.091142616
17418,1.472,4.416
17419,2.557,4.969392609
17420,1.812,4.899900815
17421,2.306,5.10806363
17422,1.808,5.003724681
17423,1.933,4.929903465
17424,1.421,4.263
17425,1.263,3.789
17426,0.815,2.445
17427,0.229,0.687
17428,0.111,0.333
17429,0.104,0.312
17430,0.085,0.255
17431,0.256,0.768
17432,0.298,0.894
17433,0.361,1.083
17434,0.365,1.095
17435,0.541,1.623
17436,0.906,2.718
17437,0.917,2.751
17438,1.096,3.288
17439,2.808,4.985808921
17440,1.788,4.851729961
17441,0.913,2.739
17442,0.742,2.226
17443,0.648,1.944
17444,1.112,3.336
17445,2.422,4.980569535
17446,1.33,3.99
17447,0.948,2.844
17448,1.08,3.24
17449,0.947,2.841
17450,0.74,2.22
17451,0.208,0.624
17452,0.098,0.294
17453,0.089,0.267
17454,0.109,0.327
17455,0.084,0.252
17456,0.438,1.314
17457,0.788,2.364
17458,0.939,2.817
17459,1.213,3.639
17460,0.873,2.619
17461,0.69,2.07
17462,0.588,1.764
17463,0.404,1.212
17464,0.323,0.969
17465,0.335,1.005
17466,0.334,1.002
17467,0.582,1.746
17468,0.917,2.751
17469,0.792,2.376
17470,1.056,3.168
17471,0.798,2.394
17472,0.579,1.737
17473,0.165,0.495
17474,0.112,0.336
17475,0.107,0.321
17476,0.114,0.342
17477,0.123,0.369
17478,0.113,0.339
17479,0.108,0.324
17480,0.748,2.244
17481,1.003,3.009
17482,0.757,2.271
17483,0.355,1.065
17484,0.428,1.284
17485,0.624,1.872
17486,0.416,1.248
17487,0.327,0.981
17488,1.008,3.024
17489,1.15,3.45
17490,0.677,2.031
17491,0.845,2.535
17492,0.794,2.382
17493,0.943,2.829
17494,0.42,1.26
17495,0.751,2.253
17496,1.507,4.521
17497,0.468,1.404
17498,0.413,1.239
17499,0.115,0.345
17500,0.117,0.351
17501,0.09,0.27
17502,0.089,0.267
17503,0.109,0.327
17504,0.112,0.336
17505,0.47,1.41
17506,0.951,2.853
17507,0.832,2.496
17508,0.772,2.316
17509,0.519,1.557
17510,0.517,1.551
17511,0.546,1.638
17512,0.378,1.134
17513,0.607,1.821
17514,0.398,1.194
17515,1.831,5.046089112
17516,0.951,2.853
17517,0.943,2.829
17518,0.925,2.775
17519,1.082,3.246
17520,0.242,0.726
17521,0.134,0.402
17522,0.092,0.276
17523,0.109,0.327
17524,0.09,0.27
17525,0.147,0.441
17526,1.83,4.891305851
17527,0.582,1.746
17528,0.605,1.815
17529,0.44,1.32
17530,1.8839999,4.93337188
17531,1.7990001,5.004574758
17532,0.81,2.43
17533,0.798,2.394
17534,0.666,1.998
17535,0.8,2.4
17536,0.945,2.835
17537,0.749,2.247
17538,0.897,2.691
17539,0.652,1.956
17540,1.018,3.054
17541,0.935,2.805
17542,0.658,1.974
17543,0.885,2.655
17544,0.911,2.733