day,price,,,
1/8/19,28.64297,,,
1/8/19,28.25548,,,
1/8/19,27.56575,,,
1/8/19,27.01884,,,
1/8/19,27.67982,,,
1/8/19,31.04656,,,
1/8/19,32.7954,,,
1/8/19,28.38357,,,
1/8/19,24.93743,,,
1/8/19,24.48192,,,
1/8/19,25.3174,,,
1/8/19,25.67087,,,
1/8/19,27.35609,,,
1/8/19,28.3645,,,
1/8/19,29.85146,,,
1/8/19,30.41231,,,
1/8/19,31.55192,,,
1/8/19,36.18381,,,
1/8/19,44.54315,,,
1/8/19,60.90004,,,
1/8/19,45.28662,,,
1/8/19,38.22552,,,
1/8/19,33.20515,,,
1/8/19,29.81493,,,
2/8/19,29.33087,,,
2/8/19,27.17777,,,
2/8/19,26.78212,,,
2/8/19,24.95531,,,
2/8/19,26.30439,,,
2/8/19,29.07305,,,
2/8/19,32.00583,,,
2/8/19,28.47341,,,
2/8/19,24.12999,,,
2/8/19,23.94685,,,
2/8/19,26.08056,,,
2/8/19,27.7069,,,
2/8/19,28.52398,,,
2/8/19,31.30926,,,
2/8/19,35.88745,,,
2/8/19,35.31482,,,
2/8/19,39.89788,,,
2/8/19,41.69037,,,
2/8/19,47.06421,,,
2/8/19,65.18727,,,
2/8/19,50.83565,,,
2/8/19,42.3931,,,
2/8/19,33.87423,,,
2/8/19,33.24477,,,
3/8/19,30.35656,,,
3/8/19,28.27428,,,
3/8/19,26.77899,,,
3/8/19,26.46385,,,
3/8/19,26.65916,,,
3/8/19,27.26772,,,
3/8/19,28.06275,,,
3/8/19,25.2674,,,
3/8/19,20.35543,,,
3/8/19,21.19299,,,
3/8/19,23.60822,,,
3/8/19,26.14242,,,
3/8/19,27.37944,,,
3/8/19,29.74556,,,
3/8/19,35.32535,,,
3/8/19,37.48265,,,
3/8/19,38.76386,,,
3/8/19,41.96002,,,
3/8/19,51.75763,,,
3/8/19,63.21835,,,
3/8/19,45.24699,,,
3/8/19,41.67677,,,
3/8/19,33.4666,,,
3/8/19,31.58516,,,
4/8/19,31.70084,,,
4/8/19,30.41619,,,
4/8/19,28.66967,,,
4/8/19,28.0067,,,
4/8/19,27.24958,,,
4/8/19,27.52374,,,
4/8/19,27.56648,,,
4/8/19,22.98885,,,
4/8/19,16.47012,,,
4/8/19,16.75955,,,
4/8/19,21.31431,,,
4/8/19,25.30847,,,
4/8/19,27.22156,,,
4/8/19,31.02563,,,
4/8/19,33.05694,,,
4/8/19,36.31035,,,
4/8/19,38.38269,,,
4/8/19,41.84369,,,
4/8/19,51.23454,,,
4/8/19,73.04377,,,
4/8/19,51.23624,,,
4/8/19,41.4683,,,
4/8/19,36.31973,,,
4/8/19,31.64008,,,
5/8/19,31.45057,,,
5/8/19,28.79023,,,
5/8/19,27.72235,,,
5/8/19,27.18679,,,
5/8/19,27.68889,,,
5/8/19,31.69474,,,
5/8/19,37.19693,,,
5/8/19,32.58314,,,
5/8/19,29.03521,,,
5/8/19,27.73336,,,
5/8/19,29.25057,,,
5/8/19,31.14297,,,
5/8/19,34.12526,,,
5/8/19,36.73633,,,
5/8/19,36.71048,,,
5/8/19,40.27989,,,
5/8/19,45.8184,,,
5/8/19,46.93698,,,
5/8/19,71.80403,,,
5/8/19,72.67251335,,,
5/8/19,60.96513,,,
5/8/19,46.17743,,,
5/8/19,37.97584,,,
5/8/19,34.23574,,,
6/8/19,30.21196,,,
6/8/19,27.90098,,,
6/8/19,27.40273,,,
6/8/19,26.66673,,,
6/8/19,26.91228,,,
6/8/19,28.19528,,,
6/8/19,30.83702,,,
6/8/19,28.79585,,,
6/8/19,26.44715,,,
6/8/19,26.78456,,,
6/8/19,28.32342,,,
6/8/19,30.65835,,,
6/8/19,33.48317,,,
6/8/19,37.1791,,,
6/8/19,38.06912,,,
6/8/19,35.97357,,,
6/8/19,45.09551,,,
6/8/19,48.29397,,,
6/8/19,63.01184,,,
6/8/19,78.46662,,,
6/8/19,50.87596,,,
6/8/19,42.7147,,,
6/8/19,35.82603,,,
6/8/19,31.88273,,,
7/8/19,33.07386,,,
7/8/19,30.84696,,,
7/8/19,28.93795,,,
7/8/19,27.99152,,,
7/8/19,28.25237,,,
7/8/19,31.78819,,,
7/8/19,31.6352,,,
7/8/19,29.23568,,,
7/8/19,26.14294,,,
7/8/19,26.08074,,,
7/8/19,27.02229,,,
7/8/19,27.69085,,,
7/8/19,29.13986,,,
7/8/19,31.02889,,,
7/8/19,33.57542,,,
7/8/19,35.41194,,,
7/8/19,34.93661,,,
7/8/19,38.05475,,,
7/8/19,46.88823,,,
7/8/19,65.00145,,,
7/8/19,44.53066,,,
7/8/19,34.61642,,,
7/8/19,33.6294,,,
7/8/19,30.58797,,,
8/8/19,29.24003,,,
8/8/19,27.85948,,,
8/8/19,25.91918,,,
8/8/19,25.61354,,,
8/8/19,26.62785,,,
8/8/19,28.86194,,,
8/8/19,31.3538,,,
8/8/19,27.05398,,,
8/8/19,22.16374,,,
8/8/19,21.73194,,,
8/8/19,23.51707,,,
8/8/19,24.90044,,,
8/8/19,27.36578,,,
8/8/19,27.08744,,,
8/8/19,28.16511,,,
8/8/19,32.08608,,,
8/8/19,33.76705,,,
8/8/19,35.23013,,,
8/8/19,40.71625,,,
8/8/19,53.44449,,,
8/8/19,43.88626,,,
8/8/19,36.39919,,,
8/8/19,30.7354,,,
8/8/19,28.51651,,,
9/8/19,28.46513,,,
9/8/19,26.32483,,,
9/8/19,25.10055,,,
9/8/19,24.8934,,,
9/8/19,25.92662,,,
9/8/19,29.7252,,,
9/8/19,31.44136,,,
9/8/19,26.42565,,,
9/8/19,20.9661,,,
9/8/19,19.88142,,,
9/8/19,20.73936,,,
9/8/19,23.9405,,,
9/8/19,26.0608,,,
9/8/19,26.42016,,,
9/8/19,27.84738,,,
9/8/19,29.8613,,,
9/8/19,32.23647,,,
9/8/19,34.02309,,,
9/8/19,41.06869,,,
9/8/19,48.24503,,,
9/8/19,41.0205,,,
9/8/19,35.80875,,,
9/8/19,31.16276,,,
9/8/19,27.30401,,,
10/8/19,26.54086,,,
10/8/19,26.14207,,,
10/8/19,26.11627,,,
10/8/19,25.81981,,,
10/8/19,26.18237,,,
10/8/19,27.56398,,,
10/8/19,26.35166,,,
10/8/19,20.79444,,,
10/8/19,9.887974401,,,
10/8/19,9.683079229,,,
10/8/19,9.520561001,,,
10/8/19,12.20982,,,
10/8/19,14.49372,,,
10/8/19,18.09784,,,
10/8/19,20.97174,,,
10/8/19,23.17321,,,
10/8/19,25.45964,,,
10/8/19,26.4741,,,
10/8/19,34.36824,,,
10/8/19,42.5425,,,
10/8/19,38.37867,,,
10/8/19,31.67619,,,
10/8/19,28.82441,,,
10/8/19,26.29405,,,
11/8/19,26.54082,,,
11/8/19,26.55545,,,
11/8/19,25.18083,,,
11/8/19,24.21535,,,
11/8/19,24.26401,,,
11/8/19,25.02306,,,
11/8/19,24.37482,,,
11/8/19,18.72863,,,
11/8/19,10.59934628,,,
11/8/19,9.548767126,,,
11/8/19,11.1957192,,,
11/8/19,12.31512,,,
11/8/19,15.12887,,,
11/8/19,19.68525,,,
11/8/19,22.35614,,,
11/8/19,23.44246,,,
11/8/19,25.91084,,,
11/8/19,28.51995,,,
11/8/19,35.63883,,,
11/8/19,44.22588,,,
11/8/19,40.13939,,,
11/8/19,31.95967,,,
11/8/19,29.32428,,,
11/8/19,27.61691,,,
12/8/19,25.65971,,,
12/8/19,25.47361,,,
12/8/19,25.16052,,,
12/8/19,24.46211,,,
12/8/19,25.4972,,,
12/8/19,27.54989,,,
12/8/19,31.07168,,,
12/8/19,25.90482,,,
12/8/19,19.81386,,,
12/8/19,18.7494,,,
12/8/19,20.40543,,,
12/8/19,23.02612,,,
12/8/19,25.16906,,,
12/8/19,26.92664,,,
12/8/19,28.49144,,,
12/8/19,32.0484,,,
12/8/19,34.87317,,,
12/8/19,38.10257,,,
12/8/19,48.19893,,,
12/8/19,60.5994,,,
12/8/19,44.35229,,,
12/8/19,37.2382,,,
12/8/19,31.69216,,,
12/8/19,28.84106,,,
13/8/19,28.00512,,,
13/8/19,26.9393,,,
13/8/19,27.17091,,,
13/8/19,27.11503,,,
13/8/19,27.53499,,,
13/8/19,29.92242,,,
13/8/19,33.15231,,,
13/8/19,27.44528,,,
13/8/19,21.72562,,,
13/8/19,20.76845,,,
13/8/19,22.78985,,,
13/8/19,26.25869,,,
13/8/19,28.41476,,,
13/8/19,29.63982,,,
13/8/19,33.11782,,,
13/8/19,35.86159,,,
13/8/19,40.00246,,,
13/8/19,43.08445,,,
13/8/19,57.30699,,,
13/8/19,70.72302,,,
13/8/19,49.08142,,,
13/8/19,40.09492,,,
13/8/19,35.30012,,,
13/8/19,32.43501,,,
14/8/19,45.43823,,,
14/8/19,30.30002,,,
14/8/19,28.10804,,,
14/8/19,27.245,,,
14/8/19,26.8452,,,
14/8/19,27.12457,,,
14/8/19,30.19682,,,
14/8/19,31.6874,,,
14/8/19,28.23622,,,
14/8/19,21.63228,,,
14/8/19,21.99618,,,
14/8/19,25.75839,,,
14/8/19,27.82132,,,
14/8/19,30.78626,,,
14/8/19,35.91469,,,
14/8/19,39.98107,,,
14/8/19,44.18618,,,
14/8/19,49.98338,,,
14/8/19,60.27841,,,
14/8/19,63.96794382,,,
14/8/19,72.91093155,,,
14/8/19,62.84016,,,
14/8/19,38.09953,,,
14/8/19,34.84096,,,
15/8/19,30.32319,,,
15/8/19,28.40405,,,
15/8/19,27.4142,,,
15/8/19,26.35985,,,
15/8/19,26.59419,,,
15/8/19,28.80444,,,
15/8/19,32.03913,,,
15/8/19,28.67691,,,
15/8/19,21.9757,,,
15/8/19,22.84548,,,
15/8/19,25.90168,,,
15/8/19,29.28347,,,
15/8/19,35.19292,,,
15/8/19,37.18662,,,
15/8/19,40.03059,,,
15/8/19,42.96526,,,
15/8/19,52.25501,,,
15/8/19,64.49909,,,
15/8/19,71.7017105,,,
15/8/19,70.25805445,,,
15/8/19,63.15238,,,
15/8/19,43.07191,,,
15/8/19,37.23571,,,
15/8/19,32.37825,,,
16/8/19,28.06305,,,
16/8/19,26.90814,,,
16/8/19,25.72528,,,
16/8/19,24.7674,,,
16/8/19,25.60963,,,
16/8/19,27.81025,,,
16/8/19,30.15744,,,
16/8/19,25.98141,,,
16/8/19,19.60491,,,
16/8/19,16.49962,,,
16/8/19,22.06388,,,
16/8/19,25.7115,,,
16/8/19,28.55798,,,
16/8/19,32.04301,,,
16/8/19,35.18182,,,
16/8/19,37.9402,,,
16/8/19,41.53606,,,
16/8/19,44.21999,,,
16/8/19,57.49517,,,
16/8/19,65.09664,,,
16/8/19,48.57148,,,
16/8/19,40.04032,,,
16/8/19,35.59335,,,
16/8/19,31.57365,,,
17/8/19,29.4678,,,
17/8/19,28.05508,,,
17/8/19,27.97869,,,
17/8/19,27.40935,,,
17/8/19,27.37356,,,
17/8/19,28.3054,,,
17/8/19,28.80697,,,
17/8/19,24.04221,,,
17/8/19,16.82474,,,
17/8/19,15.18624,,,
17/8/19,16.8384,,,
17/8/19,20.08362,,,
17/8/19,22.65387,,,
17/8/19,25.21449,,,
17/8/19,27.85302,,,
17/8/19,28.75356,,,
17/8/19,30.24318,,,
17/8/19,31.95347,,,
17/8/19,41.71186,,,
17/8/19,49.9449,,,
17/8/19,44.30598,,,
17/8/19,36.8617,,,
17/8/19,30.95433,,,
17/8/19,29.81894,,,
18/8/19,27.48081,,,
18/8/19,27.25926,,,
18/8/19,26.55525,,,
18/8/19,25.88842,,,
18/8/19,26.56532,,,
18/8/19,27.90448,,,
18/8/19,28.99374,,,
18/8/19,24.42515,,,
18/8/19,14.16022,,,
18/8/19,12.81503,,,
18/8/19,14.24573,,,
18/8/19,16.61332,,,
18/8/19,20.68242,,,
18/8/19,23.32774,,,
18/8/19,25.68186,,,
18/8/19,26.52745,,,
18/8/19,27.79874,,,
18/8/19,31.57271,,,
18/8/19,39.25835,,,
18/8/19,50.30639,,,
18/8/19,42.23058,,,
18/8/19,36.25047,,,
18/8/19,30.12301,,,
18/8/19,27.54955,,,
19/8/19,27.6997,,,
19/8/19,26.92946,,,
19/8/19,25.51354,,,
19/8/19,25.4594,,,
19/8/19,26.183,,,
19/8/19,29.8844,,,
19/8/19,34.15769,,,
19/8/19,29.1252,,,
19/8/19,20.52679,,,
19/8/19,18.76999,,,
19/8/19,19.60402,,,
19/8/19,23.17947,,,
19/8/19,25.86876,,,
19/8/19,28.90011,,,
19/8/19,29.45777,,,
19/8/19,32.33164,,,
19/8/19,34.45241,,,
19/8/19,37.53311,,,
19/8/19,46.25036,,,
19/8/19,59.78504,,,
19/8/19,45.92531,,,
19/8/19,39.41534,,,
19/8/19,33.18984,,,
19/8/19,29.63019,,,
20/8/19,27.80436,,,
20/8/19,27.25693,,,
20/8/19,25.42693,,,
20/8/19,25.51171,,,
20/8/19,26.54993,,,
20/8/19,29.28973,,,
20/8/19,35.14309,,,
20/8/19,30.18053,,,
20/8/19,20.45514,,,
20/8/19,19.74622,,,
20/8/19,22.46621,,,
20/8/19,24.23915,,,
20/8/19,26.9526,,,
20/8/19,28.56363,,,
20/8/19,31.08036,,,
20/8/19,32.18477,,,
20/8/19,36.40908,,,
20/8/19,38.30794,,,
20/8/19,50.85686,,,
20/8/19,62.28262,,,
20/8/19,45.87078,,,
20/8/19,38.98187,,,
20/8/19,31.92858,,,
20/8/19,29.04327,,,
21/8/19,26.67027,,,
21/8/19,24.78129,,,
21/8/19,24.39648,,,
21/8/19,24.30479,,,
21/8/19,24.33035,,,
21/8/19,28.00569,,,
21/8/19,30.50486,,,
21/8/19,27.15151,,,
21/8/19,19.37133,,,
21/8/19,16.92898,,,
21/8/19,22.2291,,,
21/8/19,25.10092,,,
21/8/19,27.14457,,,
21/8/19,27.28199,,,
21/8/19,31.18291,,,
21/8/19,31.87843,,,
21/8/19,34.54489,,,
21/8/19,39.18177,,,
21/8/19,57.91483,,,
21/8/19,68.25631,,,
21/8/19,48.10507,,,
21/8/19,36.82905,,,
21/8/19,32.33849,,,
21/8/19,30.83125,,,
22/8/19,25.60079,,,
22/8/19,25.40509,,,
22/8/19,23.48151,,,
22/8/19,22.08002,,,
22/8/19,23.29529,,,
22/8/19,26.73571,,,
22/8/19,31.50744,,,
22/8/19,26.75905,,,
22/8/19,20.06675,,,
22/8/19,19.8461,,,
22/8/19,22.25652,,,
22/8/19,25.76584,,,
22/8/19,27.62628,,,
22/8/19,28.4767,,,
22/8/19,30.46878,,,
22/8/19,32.93065,,,
22/8/19,36.06689,,,
22/8/19,39.73827,,,
22/8/19,55.7469,,,
22/8/19,64.58944,,,
22/8/19,45.43611,,,
22/8/19,37.33825,,,
22/8/19,31.35115,,,
22/8/19,28.81934,,,
23/8/19,27.35358,,,
23/8/19,26.73859,,,
23/8/19,25.38962,,,
23/8/19,24.58688,,,
23/8/19,25.53625,,,
23/8/19,29.17235,,,
23/8/19,33.25576,,,
23/8/19,29.1009,,,
23/8/19,22.42466,,,
23/8/19,19.13924,,,
23/8/19,21.18602,,,
23/8/19,22.24435,,,
23/8/19,25.13814,,,
23/8/19,27.09174,,,
23/8/19,30.34459,,,
23/8/19,32.41868,,,
23/8/19,33.50948,,,
23/8/19,36.26832,,,
23/8/19,51.3425,,,
23/8/19,56.85621,,,
23/8/19,41.55737,,,
23/8/19,34.43009,,,
23/8/19,31.68082,,,
23/8/19,29.0328,,,
24/8/19,28.56602,,,
24/8/19,27.95877,,,
24/8/19,27.9736,,,
24/8/19,26.17518,,,
24/8/19,26.05148,,,
24/8/19,29.82817,,,
24/8/19,28.91817,,,
24/8/19,24.2485,,,
24/8/19,16.58417,,,
24/8/19,15.24139,,,
24/8/19,15.58291,,,
24/8/19,19.36294,,,
24/8/19,21.68983,,,
24/8/19,23.86969,,,
24/8/19,25.98403,,,
24/8/19,29.11221,,,
24/8/19,30.83665,,,
24/8/19,34.72609,,,
24/8/19,50.21188,,,
24/8/19,63.41222,,,
24/8/19,42.35158,,,
24/8/19,32.68451,,,
24/8/19,30.63732,,,
24/8/19,28.6314,,,
25/8/19,25.3369,,,
25/8/19,27.09443,,,
25/8/19,25.42666,,,
25/8/19,25.42526,,,
25/8/19,26.67034,,,
25/8/19,27.20484,,,
25/8/19,24.99607,,,
25/8/19,19.99543,,,
25/8/19,11.26117826,,,
25/8/19,11.49369,,,
25/8/19,14.1184,,,
25/8/19,18.63291,,,
25/8/19,23.18378,,,
25/8/19,24.13559,,,
25/8/19,26.17579,,,
25/8/19,28.09407,,,
25/8/19,30.16043,,,
25/8/19,34.91216,,,
25/8/19,50.34961,,,
25/8/19,54.29825,,,
25/8/19,39.76516,,,
25/8/19,32.68542,,,
25/8/19,29.63152,,,
25/8/19,27.46951,,,
26/8/19,27.92799,,,
26/8/19,24.96475,,,
26/8/19,24.70861,,,
26/8/19,24.3132,,,
26/8/19,25.10003,,,
26/8/19,28.53721,,,
26/8/19,30.23298,,,
26/8/19,29.33446,,,
26/8/19,25.00342,,,
26/8/19,26.40816,,,
26/8/19,28.565,,,
26/8/19,30.64738,,,
26/8/19,32.46815,,,
26/8/19,35.49368,,,
26/8/19,36.92115,,,
26/8/19,40.33766,,,
26/8/19,44.1655,,,
26/8/19,51.14138,,,
26/8/19,73.97606,,,
26/8/19,78.78897,,,
26/8/19,48.99447,,,
26/8/19,38.82398,,,
26/8/19,33.22314,,,
26/8/19,31.68092,,,
27/8/19,29.96691,,,
27/8/19,27.74845,,,
27/8/19,27.23087,,,
27/8/19,26.83233,,,
27/8/19,27.52872,,,
27/8/19,29.90812,,,
27/8/19,35.46273,,,
27/8/19,30.53708,,,
27/8/19,25.38316,,,
27/8/19,26.58468,,,
27/8/19,28.50414,,,
27/8/19,33.2331,,,
27/8/19,35.75123,,,
27/8/19,37.52574,,,
27/8/19,41.06126,,,
27/8/19,44.65128,,,
27/8/19,51.38712,,,
27/8/19,60.86443,,,
27/8/19,67.82878739,,,
27/8/19,68.24620583,,,
27/8/19,61.69056,,,
27/8/19,45.17921,,,
27/8/19,37.96368,,,
27/8/19,34.51959,,,
28/8/19,32.68701,,,
28/8/19,30.18178,,,
28/8/19,29.73285,,,
28/8/19,29.00958,,,
28/8/19,29.61652,,,
28/8/19,34.01186,,,
28/8/19,39.03661,,,
28/8/19,32.188,,,
28/8/19,25.11004,,,
28/8/19,25.40462,,,
28/8/19,27.41107,,,
28/8/19,29.99752,,,
28/8/19,32.30397,,,
28/8/19,35.24641,,,
28/8/19,39.00356,,,
28/8/19,39.47095,,,
28/8/19,43.70508,,,
28/8/19,49.9546,,,
28/8/19,72.44576693,,,
28/8/19,79.11799,,,
28/8/19,55.05029,,,
28/8/19,44.49019,,,
28/8/19,37.96388,,,
28/8/19,34.48875,,,
29/8/19,32.47963,,,
29/8/19,30.13885,,,
29/8/19,28.04132,,,
29/8/19,27.08188,,,
29/8/19,27.79719,,,
29/8/19,33.32128,,,
29/8/19,36.96238,,,
29/8/19,32.29855,,,
29/8/19,22.87948,,,
29/8/19,24.48219,,,
29/8/19,25.38319,,,
29/8/19,27.75157,,,
29/8/19,30.11963,,,
29/8/19,31.72716,,,
29/8/19,33.38616,,,
29/8/19,34.55278,,,
29/8/19,34.42222,,,
29/8/19,38.97906,,,
29/8/19,62.92095,,,
29/8/19,68.42398,,,
29/8/19,48.89109,,,
29/8/19,40.71451,,,
29/8/19,34.75184,,,
29/8/19,32.23067,,,
30/8/19,28.68694,,,
30/8/19,27.40808,,,
30/8/19,25.58373,,,
30/8/19,24.65982,,,
30/8/19,25.48891,,,
30/8/19,28.84982,,,
30/8/19,33.49047,,,
30/8/19,28.98832,,,
30/8/19,22.29412,,,
30/8/19,22.50103,,,
30/8/19,23.23099,,,
30/8/19,25.62403,,,
30/8/19,27.88272,,,
30/8/19,30.78627,,,
30/8/19,33.02225,,,
30/8/19,34.21259,,,
30/8/19,38.33157,,,
30/8/19,41.06637,,,
30/8/19,58.81673,,,
30/8/19,58.75033,,,
30/8/19,43.42749,,,
30/8/19,37.60171,,,
30/8/19,32.60556,,,
30/8/19,30.29067,,,
31/8/19,30.62289,,,
31/8/19,29.685,,,
31/8/19,28.01519,,,
31/8/19,27.42614,,,
31/8/19,27.58521,,,
31/8/19,28.51919,,,
31/8/19,29.07323,,,
31/8/19,25.21704,,,
31/8/19,15.01448,,,
31/8/19,15.46737,,,
31/8/19,20.92261,,,
31/8/19,24.92414,,,
31/8/19,26.76971,,,
31/8/19,29.06997,,,
31/8/19,30.86585,,,
31/8/19,33.31586,,,
31/8/19,36.40995,,,
31/8/19,39.96618,,,
31/8/19,58.4357,,,
31/8/19,61.61903,,,
31/8/19,43.39047,,,
31/8/19,38.09962,,,
31/8/19,32.24937,,,
31/8/19,30.51274,,,
1/9/19,32.80779,,,
1/9/19,31.10797,,,
1/9/19,29.76969,,,
1/9/19,29.10064,,,
1/9/19,28.69591,,,
1/9/19,28.95967,,,
1/9/19,29.99273,,,
1/9/19,26.02115,,,
1/9/19,16.12155,,,
1/9/19,15.58886,,,
1/9/19,20.95456,,,
1/9/19,25.81087,,,
1/9/19,27.20285,,,
1/9/19,31.31904,,,
1/9/19,32.06873,,,
1/9/19,35.28648,,,
1/9/19,38.25053,,,
1/9/19,42.11766,,,
1/9/19,58.64156,,,
1/9/19,64.43489,,,
1/9/19,49.29427,,,
1/9/19,40.69196,,,
1/9/19,35.85527,,,
1/9/19,33.67411,,,
2/9/19,33.33223,,,
2/9/19,32.78205,,,
2/9/19,30.80135,,,
2/9/19,29.54023,,,
2/9/19,29.37194,,,
2/9/19,29.803,,,
2/9/19,30.38839,,,
2/9/19,27.37302,,,
2/9/19,21.07255,,,
2/9/19,21.56078,,,
2/9/19,23.92789,,,
2/9/19,28.11694,,,
2/9/19,31.00855,,,
2/9/19,33.75336,,,
2/9/19,36.30558,,,
2/9/19,39.5177,,,
2/9/19,41.2546,,,
2/9/19,45.25229,,,
2/9/19,64.76517,,,
2/9/19,64.83361,,,
2/9/19,49.17903,,,
2/9/19,40.62234,,,
2/9/19,36.01888,,,
2/9/19,33.66024,,,
3/9/19,36.03882,,,
3/9/19,31.64722,,,
3/9/19,29.48208,,,
3/9/19,28.29387,,,
3/9/19,30.13127,,,
3/9/19,33.54793,,,
3/9/19,39.68434,,,
3/9/19,35.65728,,,
3/9/19,28.75958,,,
3/9/19,28.81014,,,
3/9/19,31.73473,,,
3/9/19,35.15869,,,
3/9/19,37.80351,,,
3/9/19,41.08491,,,
3/9/19,40.83422,,,
3/9/19,43.06472,,,
3/9/19,43.83411,,,
3/9/19,48.794,,,
3/9/19,79.83972,,,
3/9/19,67.30149,,,
3/9/19,53.72958,,,
3/9/19,43.57408,,,
3/9/19,39.64592,,,
3/9/19,35.98603,,,
4/9/19,37.49879,,,
4/9/19,35.10878,,,
4/9/19,32.82314,,,
4/9/19,32.84239,,,
4/9/19,34.37823,,,
4/9/19,37.36708,,,
4/9/19,46.40104,,,
4/9/19,41.61361,,,
4/9/19,33.80692,,,
4/9/19,33.74962,,,
4/9/19,35.86993,,,
4/9/19,41.06472,,,
4/9/19,42.98018,,,
4/9/19,46.74174,,,
4/9/19,41.09988,,,
4/9/19,44.40131,,,
4/9/19,46.11477,,,
4/9/19,59.53096,,,
4/9/19,68.31374298,,,
4/9/19,66.48112,,,
4/9/19,52.66386,,,
4/9/19,43.9801,,,
4/9/19,46.02945,,,
4/9/19,41.24323,,,
5/9/19,37.65705,,,
5/9/19,36.3209,,,
5/9/19,33.26281,,,
5/9/19,32.30785,,,
5/9/19,33.482,,,
5/9/19,38.04359,,,
5/9/19,47.24865,,,
5/9/19,43.92037,,,
5/9/19,37.40014,,,
5/9/19,34.67053,,,
5/9/19,37.28606,,,
5/9/19,39.89628,,,
5/9/19,35.13897,,,
5/9/19,43.2089,,,
5/9/19,46.80239,,,
5/9/19,45.25466,,,
5/9/19,48.68324,,,
5/9/19,60.5454,,,
5/9/19,69.5390205,,,
5/9/19,71.20598,,,
5/9/19,55.60373,,,
5/9/19,53.62837,,,
5/9/19,46.8133,,,
5/9/19,39.36438,,,
6/9/19,35.97597,,,
6/9/19,35.40123,,,
6/9/19,32.77085,,,
6/9/19,31.75327,,,
6/9/19,31.81931,,,
6/9/19,36.27613,,,
6/9/19,41.74264,,,
6/9/19,36.97851,,,
6/9/19,29.03327,,,
6/9/19,26.31534,,,
6/9/19,28.34176,,,
6/9/19,30.79331,,,
6/9/19,29.49267,,,
6/9/19,32.36752,,,
6/9/19,29.42103,,,
6/9/19,31.84006,,,
6/9/19,32.6456,,,
6/9/19,49.55138,,,
6/9/19,78.86149,,,
6/9/19,64.21249,,,
6/9/19,46.63869,,,
6/9/19,42.23448,,,
6/9/19,38.45462,,,
6/9/19,37.85536,,,
7/9/19,34.7016,,,
7/9/19,33.57337,,,
7/9/19,32.94787,,,
7/9/19,32.67284,,,
7/9/19,31.46909,,,
7/9/19,32.72099,,,
7/9/19,35.12075,,,
7/9/19,29.22185,,,
7/9/19,21.92785,,,
7/9/19,20.53421,,,
7/9/19,22.10673,,,
7/9/19,24.11797,,,
7/9/19,25.72332,,,
7/9/19,28.20577,,,
7/9/19,28.90814,,,
7/9/19,29.23789,,,
7/9/19,30.38995,,,
7/9/19,34.37752,,,
7/9/19,44.12065,,,
7/9/19,50.98898,,,
7/9/19,43.18032,,,
7/9/19,35.60826,,,
7/9/19,33.1103,,,
7/9/19,30.65196,,,
8/9/19,28.47563,,,
8/9/19,28.2085,,,
8/9/19,28.07656,,,
8/9/19,27.14777,,,
8/9/19,27.31334,,,
8/9/19,28.09026,,,
8/9/19,28.67456,,,
8/9/19,25.39433,,,
8/9/19,9.473612659,,,
8/9/19,10.39249889,,,
8/9/19,9.550781031,,,
8/9/19,9.800398269,,,
8/9/19,14.01735,,,
8/9/19,20.44418,,,
8/9/19,23.0166,,,
8/9/19,25.59046,,,
8/9/19,26.16804,,,
8/9/19,32.87607,,,
8/9/19,43.11708,,,
8/9/19,50.57871,,,
8/9/19,40.95093,,,
8/9/19,36.67162,,,
8/9/19,30.63614,,,
8/9/19,28.39584,,,
9/9/19,28.87848,,,
9/9/19,27.95736,,,
9/9/19,26.78443,,,
9/9/19,26.34037,,,
9/9/19,28.41657,,,
9/9/19,33.85755,,,
9/9/19,42.34562,,,
9/9/19,36.94911,,,
9/9/19,24.0192,,,
9/9/19,21.15837,,,
9/9/19,22.08996,,,
9/9/19,21.32805,,,
9/9/19,24.1032,,,
9/9/19,26.31954,,,
9/9/19,28.5277,,,
9/9/19,27.67798,,,
9/9/19,31.80814,,,
9/9/19,34.88279,,,
9/9/19,48.42935,,,
9/9/19,56.53805,,,
9/9/19,44.77216,,,
9/9/19,37.90333,,,
9/9/19,35.06395,,,
9/9/19,30.8166,,,
10/9/19,30.00851,,,
10/9/19,28.48202,,,
10/9/19,28.29515,,,
10/9/19,28.55339,,,
10/9/19,30.5197,,,
10/9/19,34.64561,,,
10/9/19,40.10405,,,
10/9/19,35.43142,,,
10/9/19,25.06267,,,
10/9/19,19.18238,,,
10/9/19,17.16946,,,
10/9/19,19.3583,,,
10/9/19,21.11238,,,
10/9/19,22.71692,,,
10/9/19,26.38479,,,
10/9/19,27.4699,,,
10/9/19,27.67108,,,
10/9/19,36.26692,,,
10/9/19,44.26793,,,
10/9/19,52.62816,,,
10/9/19,42.83058,,,
10/9/19,39.39979,,,
10/9/19,36.2914,,,
10/9/19,30.47975,,,
11/9/19,29.06211,,,
11/9/19,27.79257,,,
11/9/19,26.37811,,,
11/9/19,26.53533,,,
11/9/19,29.08882,,,
11/9/19,34.42571,,,
11/9/19,41.82114,,,
11/9/19,34.57768,,,
11/9/19,24.99122,,,
11/9/19,19.22932,,,
11/9/19,20.2779,,,
11/9/19,22.13062,,,
11/9/19,25.57056,,,
11/9/19,24.51437,,,
11/9/19,32.23196,,,
11/9/19,32.79868,,,
11/9/19,36.62559,,,
11/9/19,42.36152,,,
11/9/19,57.92056,,,
11/9/19,68.34676,,,
11/9/19,46.74837,,,
11/9/19,41.90996,,,
11/9/19,38.38783,,,
11/9/19,34.51424,,,
12/9/19,33.93527,,,
12/9/19,31.865,,,
12/9/19,30.67548,,,
12/9/19,30.11308,,,
12/9/19,30.6044,,,
12/9/19,34.03389,,,
12/9/19,40.99404,,,
12/9/19,35.17963,,,
12/9/19,24.32682,,,
12/9/19,21.15407,,,
12/9/19,21.34609,,,
12/9/19,23.48817,,,
12/9/19,27.90213,,,
12/9/19,30.07314,,,
12/9/19,33.73762,,,
12/9/19,36.12189,,,
12/9/19,39.12535,,,
12/9/19,53.37835,,,
12/9/19,73.42759365,,,
12/9/19,74.24553991,,,
12/9/19,53.12137,,,
12/9/19,42.40653,,,
12/9/19,38.26555,,,
12/9/19,36.04645,,,
13/9/19,34.98032,,,
13/9/19,31.97395,,,
13/9/19,31.10404,,,
13/9/19,30.69357,,,
13/9/19,30.91159,,,
13/9/19,32.62213,,,
13/9/19,38.25656,,,
13/9/19,34.53269,,,
13/9/19,27.79394,,,
13/9/19,24.18353,,,
13/9/19,23.09738,,,
13/9/19,29.23899,,,
13/9/19,31.75747,,,
13/9/19,34.89739,,,
13/9/19,39.5043,,,
13/9/19,42.1713,,,
13/9/19,49.52778,,,
13/9/19,65.54837,,,
13/9/19,71.91408635,,,
13/9/19,71.0280343,,,
13/9/19,53.63747,,,
13/9/19,43.12282,,,
13/9/19,39.52866,,,
13/9/19,36.49545,,,
14/9/19,32.5347,,,
14/9/19,33.42089,,,
14/9/19,32.04641,,,
14/9/19,31.52552,,,
14/9/19,32.68694,,,
14/9/19,31.9226,,,
14/9/19,33.55461,,,
14/9/19,29.64516,,,
14/9/19,21.12882,,,
14/9/19,20.58686,,,
14/9/19,21.10456,,,
14/9/19,25.94117,,,
14/9/19,28.86507,,,
14/9/19,30.72549,,,
14/9/19,34.09403,,,
14/9/19,35.68623,,,
14/9/19,38.13885,,,
14/9/19,46.79143,,,
14/9/19,77.29906,,,
14/9/19,63.38255,,,
14/9/19,44.58698,,,
14/9/19,38.62954,,,
14/9/19,36.28134,,,
14/9/19,34.99294,,,
15/9/19,34.7622,,,
15/9/19,34.54401,,,
15/9/19,33.3142,,,
15/9/19,33.16779,,,
15/9/19,32.90295,,,
15/9/19,33.08123,,,
15/9/19,33.39281,,,
15/9/19,31.19573,,,
15/9/19,22.62645,,,
15/9/19,19.69757,,,
15/9/19,21.26135,,,
15/9/19,24.66711,,,
15/9/19,29.5873,,,
15/9/19,31.88694,,,
15/9/19,33.39818,,,
15/9/19,35.31429,,,
15/9/19,34.97433,,,
15/9/19,40.40469,,,
15/9/19,50.68391,,,
15/9/19,52.93285,,,
15/9/19,43.84841,,,
15/9/19,38.90664,,,
15/9/19,35.16421,,,
15/9/19,33.26479,,,
16/9/19,33.11655,,,
16/9/19,31.80039,,,
16/9/19,30.52007,,,
16/9/19,29.79392,,,
16/9/19,30.71073,,,
16/9/19,36.95494,,,
16/9/19,38.86456,,,
16/9/19,37.14553,,,
16/9/19,29.71691,,,
16/9/19,27.36395,,,
16/9/19,25.45815,,,
16/9/19,25.91633,,,
16/9/19,28.60236,,,
16/9/19,30.55886,,,
16/9/19,32.4262,,,
16/9/19,32.10473,,,
16/9/19,30.99792,,,
16/9/19,34.47325,,,
16/9/19,44.71724,,,
16/9/19,47.9919,,,
16/9/19,39.28663,,,
16/9/19,34.10935,,,
16/9/19,34.70015,,,
16/9/19,31.29009,,,
17/9/19,31.79183,,,
17/9/19,30.08349,,,
17/9/19,29.33048,,,
17/9/19,28.59617,,,
17/9/19,30.59067,,,
17/9/19,34.53921,,,
17/9/19,40.61637,,,
17/9/19,34.38925,,,
17/9/19,23.09354,,,
17/9/19,19.75113,,,
17/9/19,17.4966,,,
17/9/19,22.07975,,,
17/9/19,20.64753,,,
17/9/19,25.05621,,,
17/9/19,29.10064,,,
17/9/19,29.3774,,,
17/9/19,30.6536,,,
17/9/19,37.90842,,,
17/9/19,49.03542,,,
17/9/19,51.2735,,,
17/9/19,41.46896,,,
17/9/19,37.09554,,,
17/9/19,33.32424,,,
17/9/19,30.1104,,,
18/9/19,28.46914,,,
18/9/19,28.07429,,,
18/9/19,27.13181,,,
18/9/19,28.10248,,,
18/9/19,27.93371,,,
18/9/19,34.09432,,,
18/9/19,39.74679,,,
18/9/19,34.64223,,,
18/9/19,23.25056,,,
18/9/19,21.48419,,,
18/9/19,18.70076,,,
18/9/19,19.12687,,,
18/9/19,20.48276,,,
18/9/19,22.4398,,,
18/9/19,23.67886,,,
18/9/19,26.92943,,,
18/9/19,28.60024,,,
18/9/19,35.27765,,,
18/9/19,47.09493,,,
18/9/19,50.40728,,,
18/9/19,42.54091,,,
18/9/19,38.86153,,,
18/9/19,35.53096,,,
18/9/19,29.26318,,,
19/9/19,30.13429,,,
19/9/19,28.79769,,,
19/9/19,29.36157,,,
19/9/19,28.50819,,,
19/9/19,29.49317,,,
19/9/19,35.8168,,,
19/9/19,39.31479,,,
19/9/19,34.36732,,,
19/9/19,26.42676,,,
19/9/19,15.5217,,,
19/9/19,9.774725044,,,
19/9/19,9.494358664,,,
19/9/19,10.22021852,,,
19/9/19,14.51337,,,
19/9/19,19.6118,,,
19/9/19,22.85735,,,
19/9/19,25.15408,,,
19/9/19,35.18398,,,
19/9/19,46.19333,,,
19/9/19,48.64579,,,
19/9/19,41.80009,,,
19/9/19,36.4129,,,
19/9/19,30.71084,,,
19/9/19,28.70694,,,
20/9/19,28.36968,,,
20/9/19,27.53012,,,
20/9/19,27.15458,,,
20/9/19,27.10957,,,
20/9/19,27.81225,,,
20/9/19,31.61962,,,
20/9/19,39.0683,,,
20/9/19,33.47979,,,
20/9/19,25.96469,,,
20/9/19,19.9652,,,
20/9/19,17.16579,,,
20/9/19,22.41398,,,
20/9/19,24.97942,,,
20/9/19,24.22788,,,
20/9/19,29.2117,,,
20/9/19,29.49362,,,
20/9/19,30.50425,,,
20/9/19,38.80851,,,
20/9/19,52.05734,,,
20/9/19,53.59752,,,
20/9/19,41.42805,,,
20/9/19,39.30043,,,
20/9/19,34.65429,,,
20/9/19,30.71277,,,
21/9/19,29.78568,,,
21/9/19,28.88496,,,
21/9/19,27.10922,,,
21/9/19,26.54462,,,
21/9/19,27.09522,,,
21/9/19,29.9943,,,
21/9/19,31.03159,,,
21/9/19,27.60735,,,
21/9/19,18.67843,,,
21/9/19,14.96421,,,
21/9/19,14.8605,,,
21/9/19,16.864,,,
21/9/19,21.35308,,,
21/9/19,23.08941,,,
21/9/19,27.14654,,,
21/9/19,28.62811,,,
21/9/19,29.19908,,,
21/9/19,38.15794,,,
21/9/19,54.83825,,,
21/9/19,59.76134,,,
21/9/19,43.67108,,,
21/9/19,39.36019,,,
21/9/19,34.62435,,,
21/9/19,31.52306,,,
22/9/19,32.31169,,,
22/9/19,30.2682,,,
22/9/19,29.70548,,,
22/9/19,29.06405,,,
22/9/19,29.2294,,,
22/9/19,29.366,,,
22/9/19,29.74397,,,
22/9/19,26.75492,,,
22/9/19,17.96531,,,
22/9/19,13.4543,,,
22/9/19,15.78766,,,
22/9/19,21.07917,,,
22/9/19,25.95746,,,
22/9/19,27.66218,,,
22/9/19,29.82209,,,
22/9/19,31.21375,,,
22/9/19,35.76885,,,
22/9/19,43.25263,,,
22/9/19,60.80672,,,
22/9/19,60.34594,,,
22/9/19,44.40205,,,
22/9/19,38.27416,,,
22/9/19,34.70529,,,
22/9/19,30.09671,,,
23/9/19,28.90005,,,
23/9/19,27.63457,,,
23/9/19,26.8998,,,
23/9/19,26.63256,,,
23/9/19,27.8218,,,
23/9/19,34.36304,,,
23/9/19,37.63783,,,
23/9/19,36.16621,,,
23/9/19,26.87794,,,
23/9/19,24.21723,,,
23/9/19,22.86303,,,
23/9/19,24.0356,,,
23/9/19,26.53842,,,
23/9/19,29.93203,,,
23/9/19,30.19185,,,
23/9/19,32.91721,,,
23/9/19,33.53021,,,
23/9/19,45.45407,,,
23/9/19,71.85474,,,
23/9/19,68.53003,,,
23/9/19,49.07323,,,
23/9/19,41.80094,,,
23/9/19,37.76923,,,
23/9/19,34.13856,,,
24/9/19,32.49621,,,
24/9/19,29.89288,,,
24/9/19,28.21723,,,
24/9/19,28.15104,,,
24/9/19,29.41204,,,
24/9/19,35.12489,,,
24/9/19,46.39981,,,
24/9/19,38.85998,,,
24/9/19,27.53769,,,
24/9/19,24.94948,,,
24/9/19,26.06304,,,
24/9/19,27.33214,,,
24/9/19,29.61818,,,
24/9/19,34.42691,,,
24/9/19,41.57327,,,
24/9/19,46.43738,,,
24/9/19,53.697,,,
24/9/19,67.68807349,,,
24/9/19,71.78112715,,,
24/9/19,68.1547373,,,
24/9/19,66.86187,,,
24/9/19,50.97648,,,
24/9/19,42.17213,,,
24/9/19,37.96091,,,
25/9/19,32.20067,,,
25/9/19,30.22523,,,
25/9/19,28.45515,,,
25/9/19,28.10695,,,
25/9/19,29.28399,,,
25/9/19,34.51604,,,
25/9/19,42.62303,,,
25/9/19,38.80009,,,
25/9/19,28.69902,,,
25/9/19,28.02751,,,
25/9/19,28.41902,,,
25/9/19,32.29542,,,
25/9/19,35.27393,,,
25/9/19,39.47209,,,
25/9/19,44.79072,,,
25/9/19,48.63864,,,
25/9/19,59.10104,,,
25/9/19,71.67250887,,,
25/9/19,71.53890978,,,
25/9/19,70.68705743,,,
25/9/19,65.88083,,,
25/9/19,50.16022,,,
25/9/19,43.17074,,,
25/9/19,39.10562,,,
26/9/19,34.77071,,,
26/9/19,30.05033,,,
26/9/19,28.71196,,,
26/9/19,28.2048,,,
26/9/19,28.44778,,,
26/9/19,32.69673,,,
26/9/19,39.87418,,,
26/9/19,37.76326,,,
26/9/19,29.55008,,,
26/9/19,27.17708,,,
26/9/19,26.98854,,,
26/9/19,27.15619,,,
26/9/19,28.8047,,,
26/9/19,30.47398,,,
26/9/19,32.81169,,,
26/9/19,36.06666,,,
26/9/19,33.73392,,,
26/9/19,43.57352,,,
26/9/19,58.9742,,,
26/9/19,58.59969,,,
26/9/19,47.05508,,,
26/9/19,38.27241,,,
26/9/19,34.11349,,,
26/9/19,30.55019,,,
27/9/19,32.24236,,,
27/9/19,29.44571,,,
27/9/19,28.3473,,,
27/9/19,26.43712,,,
27/9/19,26.53999,,,
27/9/19,32.07398,,,
27/9/19,39.45578,,,
27/9/19,35.56412,,,
27/9/19,28.70235,,,
27/9/19,24.24599,,,
27/9/19,23.51741,,,
27/9/19,23.37785,,,
27/9/19,24.9788,,,
27/9/19,24.42911,,,
27/9/19,26.146,,,
27/9/19,26.16469,,,
27/9/19,28.7751,,,
27/9/19,36.44544,,,
27/9/19,45.75008,,,
27/9/19,48.78323,,,
27/9/19,43.6065,,,
27/9/19,38.59271,,,
27/9/19,35.46479,,,
27/9/19,30.49462,,,
28/9/19,30.27375,,,
28/9/19,29.16606,,,
28/9/19,30.47966,,,
28/9/19,29.29914,,,
28/9/19,29.06885,,,
28/9/19,30.85109,,,
28/9/19,32.44165,,,
28/9/19,31.95479,,,
28/9/19,24.20671,,,
28/9/19,19.45068,,,
28/9/19,17.3203,,,
28/9/19,16.26528,,,
28/9/19,14.66691,,,
28/9/19,16.3667,,,
28/9/19,17.42195,,,
28/9/19,19.18384,,,
28/9/19,23.91267,,,
28/9/19,34.15865,,,
28/9/19,40.17048,,,
28/9/19,46.10971,,,
28/9/19,39.91933,,,
28/9/19,37.09732,,,
28/9/19,36.18334,,,
28/9/19,31.12482,,,
29/9/19,30.6717,,,
29/9/19,31.07631,,,
29/9/19,29.84091,,,
29/9/19,28.4723,,,
29/9/19,28.96925,,,
29/9/19,32.38039,,,
29/9/19,32.64141,,,
29/9/19,27.74704,,,
29/9/19,21.0739,,,
29/9/19,9.415467128,,,
29/9/19,9.974734311,,,
29/9/19,9.900116203,,,
29/9/19,10.28126877,,,
29/9/19,10.59864436,,,
29/9/19,12.14094,,,
29/9/19,13.73681,,,
29/9/19,16.75131,,,
29/9/19,32.07186,,,
29/9/19,42.03203,,,
29/9/19,46.76751,,,
29/9/19,42.87407,,,
29/9/19,39.50382,,,
29/9/19,37.57274,,,
29/9/19,30.45441,,,
30/9/19,27.5087,,,
30/9/19,27.03959,,,
30/9/19,26.37525,,,
30/9/19,26.22849,,,
30/9/19,27.33318,,,
30/9/19,32.3338,,,
30/9/19,37.39417,,,
30/9/19,35.9692,,,
30/9/19,29.35269,,,
30/9/19,27.35317,,,
30/9/19,27.20633,,,
30/9/19,23.65834,,,
30/9/19,22.54801,,,
30/9/19,25.40417,,,
30/9/19,26.78176,,,
30/9/19,27.44116,,,
30/9/19,24.57459,,,
30/9/19,34.03592,,,
30/9/19,44.30509,,,
30/9/19,49.74925,,,
30/9/19,41.80042,,,
30/9/19,36.77032,,,
30/9/19,35.44932,,,
30/9/19,31.28717,,,
1/10/19,28.14502,,,
1/10/19,27.59393,,,
1/10/19,27,,,
1/10/19,26.5055,,,
1/10/19,27.87874,,,
1/10/19,32.88969,,,
1/10/19,42.28633,,,
1/10/19,38.05415,,,
1/10/19,26.83018,,,
1/10/19,18.75839,,,
1/10/19,15.32205,,,
1/10/19,17.59898,,,
1/10/19,19.57799,,,
1/10/19,20.67759,,,
1/10/19,23.38118,,,
1/10/19,25.90551,,,
1/10/19,25.82974,,,
1/10/19,37.28807,,,
1/10/19,51.23087,,,
1/10/19,52.12785,,,
1/10/19,43.8575,,,
1/10/19,42.3974,,,
1/10/19,40.62914,,,
1/10/19,31.36648,,,
2/10/19,30.16173,,,
2/10/19,28.81509,,,
2/10/19,29.03358,,,
2/10/19,28.40734,,,
2/10/19,28.8467,,,
2/10/19,35.28254,,,
2/10/19,42.66656,,,
2/10/19,37.45116,,,
2/10/19,21.5727,,,
2/10/19,12.49776,,,
2/10/19,13.11377,,,
2/10/19,16.51216,,,
2/10/19,18.77801,,,
2/10/19,18.08979,,,
2/10/19,23.63746,,,
2/10/19,26.58737,,,
2/10/19,30.4553,,,
2/10/19,39.93514,,,
2/10/19,60.35152,,,
2/10/19,56.67259,,,
2/10/19,45.48436,,,
2/10/19,41.27061,,,
2/10/19,39.68549,,,
2/10/19,32.07207,,,
3/10/19,30.89406,,,
3/10/19,30.87537,,,
3/10/19,29.77719,,,
3/10/19,29.19925,,,
3/10/19,29.51565,,,
3/10/19,35.68163,,,
3/10/19,41.92163,,,
3/10/19,40.78664,,,
3/10/19,27.20218,,,
3/10/19,20.04435,,,
3/10/19,18.11545,,,
3/10/19,20.17947,,,
3/10/19,21.72553,,,
3/10/19,21.1236,,,
3/10/19,23.6363,,,
3/10/19,26.54083,,,
3/10/19,26.00646,,,
3/10/19,36.96491,,,
3/10/19,50.65806,,,
3/10/19,46.94786,,,
3/10/19,40.82822,,,
3/10/19,36.36478,,,
3/10/19,32.71219,,,
3/10/19,29.80212,,,
4/10/19,27.07332,,,
4/10/19,26.64973,,,
4/10/19,26.45055,,,
4/10/19,26.54783,,,
4/10/19,28.93013,,,
4/10/19,33.3025,,,
4/10/19,40.11171,,,
4/10/19,37.1183,,,
4/10/19,24.52622,,,
4/10/19,9.535340463,,,
4/10/19,10.30943468,,,
4/10/19,13.03168,,,
4/10/19,13.86996,,,
4/10/19,14.10454,,,
4/10/19,19.57242,,,
4/10/19,23.49907,,,
4/10/19,24.74783,,,
4/10/19,35.86371,,,
4/10/19,50.3911,,,
4/10/19,46.02518,,,
4/10/19,40.6393,,,
4/10/19,38.52827,,,
4/10/19,37.41597,,,
4/10/19,34.55691,,,
5/10/19,33.67418,,,
5/10/19,32.41629,,,
5/10/19,29.98946,,,
5/10/19,29.79392,,,
5/10/19,31.41131,,,
5/10/19,33.74098,,,
5/10/19,37.58606,,,
5/10/19,34.17444,,,
5/10/19,26.97404,,,
5/10/19,12.3229,,,
5/10/19,11.90098,,,
5/10/19,14.10518,,,
5/10/19,16.19021,,,
5/10/19,20.40178,,,
5/10/19,24.04572,,,
5/10/19,26.30637,,,
5/10/19,28.47828,,,
5/10/19,39.43783,,,
5/10/19,55.18586,,,
5/10/19,53.90593,,,
5/10/19,41.24624,,,
5/10/19,39.67388,,,
5/10/19,38.31078,,,
5/10/19,33.90025,,,
6/10/19,35.72259,,,
6/10/19,32.85331,,,
6/10/19,31.58178,,,
6/10/19,31.67498,,,
6/10/19,32.54599,,,
6/10/19,31.9863,,,
6/10/19,36.0145,,,
6/10/19,31.3854,,,
6/10/19,25.54508,,,
6/10/19,12.21108,,,
6/10/19,9.711687378,,,
6/10/19,12.33723,,,
6/10/19,16.88067,,,
6/10/19,24.76902,,,
6/10/19,26.92729,,,
6/10/19,27.99567,,,
6/10/19,30.58002,,,
6/10/19,42.53477,,,
6/10/19,65.86556,,,
6/10/19,63.81726,,,
6/10/19,44.36416,,,
6/10/19,41.93558,,,
6/10/19,38.74016,,,
6/10/19,34.02518,,,
7/10/19,33.2196,,,
7/10/19,32.01823,,,
7/10/19,31.15515,,,
7/10/19,31.0734,,,
7/10/19,32.0519,,,
7/10/19,37.20421,,,
7/10/19,44.47765,,,
7/10/19,41.07037,,,
7/10/19,29.14687,,,
7/10/19,25.52675,,,
7/10/19,23.82705,,,
7/10/19,25.65787,,,
7/10/19,27.20693,,,
7/10/19,31.83909,,,
7/10/19,32.36801,,,
7/10/19,35.86923,,,
7/10/19,36.64798,,,
7/10/19,53.46493,,,
7/10/19,64.98775592,,,
7/10/19,66.99041,,,
7/10/19,47.11845,,,
7/10/19,40.33472,,,
7/10/19,37.06681,,,
7/10/19,35.3104,,,
8/10/19,30.44617,,,
8/10/19,28.92961,,,
8/10/19,27.31895,,,
8/10/19,27.45181,,,
8/10/19,28.46162,,,
8/10/19,36.1089,,,
8/10/19,49.05521,,,
8/10/19,42.00231,,,
8/10/19,23.61523,,,
8/10/19,13.42652,,,
8/10/19,13.68612,,,
8/10/19,13.52247,,,
8/10/19,18.09588,,,
8/10/19,19.73069,,,
8/10/19,26.55319,,,
8/10/19,32.88302,,,
8/10/19,35.17578,,,
8/10/19,48.71854,,,
8/10/19,74.26652,,,
8/10/19,60.10413,,,
8/10/19,45.90999,,,
8/10/19,38.15998,,,
8/10/19,34.1753,,,
8/10/19,29.61106,,,
9/10/19,32.06395,,,
9/10/19,28.94198,,,
9/10/19,27.7487,,,
9/10/19,28.65923,,,
9/10/19,30.88473,,,
9/10/19,37.48554,,,
9/10/19,46.82253,,,
9/10/19,40.4014,,,
9/10/19,20.40602,,,
9/10/19,11.05034379,,,
9/10/19,10.12140398,,,
9/10/19,11.22321557,,,
9/10/19,10.17409027,,,
9/10/19,10.67929904,,,
9/10/19,12.96448,,,
9/10/19,25.74575,,,
9/10/19,27.51221,,,
9/10/19,40.1429,,,
9/10/19,57.97168,,,
9/10/19,62.26179,,,
9/10/19,47.73544,,,
9/10/19,39.44388,,,
9/10/19,37.33709,,,
9/10/19,33.47688,,,
10/10/19,29.93474,,,
10/10/19,30.2406,,,
10/10/19,29.94286,,,
10/10/19,30.12855,,,
10/10/19,31.51033,,,
10/10/19,37.57898,,,
10/10/19,45.77936,,,
10/10/19,39.31038,,,
10/10/19,30.47899,,,
10/10/19,19.61527,,,
10/10/19,20.16381,,,
10/10/19,19.68985,,,
10/10/19,21.23126,,,
10/10/19,25.7357,,,
10/10/19,29.04465,,,
10/10/19,29.87436,,,
10/10/19,32.03012,,,
10/10/19,41.98601,,,
10/10/19,65.97836,,,
10/10/19,56.35219,,,
10/10/19,46.06267,,,
10/10/19,42.21485,,,
10/10/19,37.31299,,,
10/10/19,33.20405,,,
11/10/19,30.89186,,,
11/10/19,29.48975,,,
11/10/19,29.17721,,,
11/10/19,29.05077,,,
11/10/19,31.63076,,,
11/10/19,37.06904,,,
11/10/19,44.97027,,,
11/10/19,42.10965,,,
11/10/19,32.22949,,,
11/10/19,25.42146,,,
11/10/19,21.43745,,,
11/10/19,22.65869,,,
11/10/19,24.80206,,,
11/10/19,28.73626,,,
11/10/19,29.96233,,,
11/10/19,30.9488,,,
11/10/19,33.01215,,,
11/10/19,42.74917,,,
11/10/19,65.12078,,,
11/10/19,53.61475,,,
11/10/19,43.79887,,,
11/10/19,40.21037,,,
11/10/19,36.50427,,,
11/10/19,32.72778,,,
12/10/19,36.51488,,,
12/10/19,34.46478,,,
12/10/19,33.39597,,,
12/10/19,32.49593,,,
12/10/19,32.83243,,,
12/10/19,37.42056,,,
12/10/19,45.24196,,,
12/10/19,37.72334,,,
12/10/19,28.26416,,,
12/10/19,19.74325,,,
12/10/19,18.431,,,
12/10/19,17.68263,,,
12/10/19,19.28,,,
12/10/19,21.34826,,,
12/10/19,21.22428,,,
12/10/19,26.48493,,,
12/10/19,28.01656,,,
12/10/19,43.81628,,,
12/10/19,68.18924,,,
12/10/19,55.25835,,,
12/10/19,44.83412,,,
12/10/19,42.26485,,,
12/10/19,37.376,,,
12/10/19,32.97892,,,
13/10/19,33.38462,,,
13/10/19,31.10615,,,
13/10/19,30.92225,,,
13/10/19,30.44176,,,
13/10/19,31.50973,,,
13/10/19,35.34153,,,
13/10/19,37.89692,,,
13/10/19,33.89905,,,
13/10/19,26.90347,,,
13/10/19,18.69213,,,
13/10/19,16.49859,,,
13/10/19,17.31636,,,
13/10/19,15.65864,,,
13/10/19,19.80109,,,
13/10/19,19.71181,,,
13/10/19,26.19707,,,
13/10/19,29.13648,,,
13/10/19,44.75244,,,
13/10/19,63.19969,,,
13/10/19,51.76303,,,
13/10/19,44.0761,,,
13/10/19,39.32238,,,
13/10/19,32.56446,,,
13/10/19,30.96875,,,
14/10/19,30.99141,,,
14/10/19,29.63155,,,
14/10/19,28.88848,,,
14/10/19,28.79985,,,
14/10/19,29.77449,,,
14/10/19,37.30632,,,
14/10/19,56.16147,,,
14/10/19,46.44255,,,
14/10/19,34.10736,,,
14/10/19,27.14746,,,
14/10/19,25.96801,,,
14/10/19,23.51213,,,
14/10/19,26.0052,,,
14/10/19,28.17168,,,
14/10/19,29.15775,,,
14/10/19,33.46216,,,
14/10/19,36.64841,,,
14/10/19,53.10483,,,
14/10/19,75.38253,,,
14/10/19,73.49519,,,
14/10/19,51.40893,,,
14/10/19,45.52741,,,
14/10/19,39.47263,,,
14/10/19,36.33636,,,
15/10/19,33.41691,,,
15/10/19,32.45109,,,
15/10/19,31.06195,,,
15/10/19,31.21719,,,
15/10/19,31.52863,,,
15/10/19,38.77567,,,
15/10/19,56.61648,,,
15/10/19,47.2569,,,
15/10/19,33.92148,,,
15/10/19,27.91679,,,
15/10/19,24.1047,,,
15/10/19,23.99859,,,
15/10/19,26.39064,,,
15/10/19,28.6271,,,
15/10/19,31.23389,,,
15/10/19,34.25703,,,
15/10/19,38.29181,,,
15/10/19,54.72128,,,
15/10/19,71.15231877,,,
15/10/19,70.51424136,,,
15/10/19,52.05721,,,
15/10/19,48.67115,,,
15/10/19,42.42175,,,
15/10/19,38.93738,,,
16/10/19,35.85676,,,
16/10/19,33.8838,,,
16/10/19,32.89087,,,
16/10/19,33.2368,,,
16/10/19,33.69589,,,
16/10/19,38.26769,,,
16/10/19,50.09057,,,
16/10/19,46.26451,,,
16/10/19,33.74628,,,
16/10/19,29.54934,,,
16/10/19,27.88191,,,
16/10/19,28.227,,,
16/10/19,29.17946,,,
16/10/19,30.28657,,,
16/10/19,34.90018,,,
16/10/19,37.31423,,,
16/10/19,44.47093,,,
16/10/19,60.67806,,,
16/10/19,70.70472578,,,
16/10/19,61.04807,,,
16/10/19,45.8159,,,
16/10/19,40.9589,,,
16/10/19,38.9961,,,
16/10/19,35.97232,,,
17/10/19,34.26713,,,
17/10/19,30.89757,,,
17/10/19,30.22306,,,
17/10/19,30.18894,,,
17/10/19,31.21863,,,
17/10/19,35.61345,,,
17/10/19,44.84623,,,
17/10/19,39.40584,,,
17/10/19,32.44618,,,
17/10/19,28.39645,,,
17/10/19,21.12064,,,
17/10/19,19.81069,,,
17/10/19,19.12506,,,
17/10/19,20.01789,,,
17/10/19,22.64831,,,
17/10/19,25.32966,,,
17/10/19,28.81697,,,
17/10/19,42.34753,,,
17/10/19,62.09001,,,
17/10/19,52.26898,,,
17/10/19,41.84024,,,
17/10/19,38.16953,,,
17/10/19,34.68917,,,
17/10/19,30.92449,,,
18/10/19,28.73395,,,
18/10/19,27.05495,,,
18/10/19,27.50478,,,
18/10/19,26.62961,,,
18/10/19,28.55585,,,
18/10/19,34.79323,,,
18/10/19,43.36981,,,
18/10/19,40.37555,,,
18/10/19,29.15748,,,
18/10/19,24.32244,,,
18/10/19,22.20824,,,
18/10/19,23.63301,,,
18/10/19,26.62714,,,
18/10/19,25.12994,,,
18/10/19,27.32738,,,
18/10/19,28.55486,,,
18/10/19,31.44594,,,
18/10/19,43.0036,,,
18/10/19,59.14032,,,
18/10/19,45.3046,,,
18/10/19,42.27596,,,
18/10/19,39.51742,,,
18/10/19,36.28088,,,
18/10/19,32.09643,,,
19/10/19,31.21226,,,
19/10/19,28.88612,,,
19/10/19,28.38221,,,
19/10/19,28.26574,,,
19/10/19,30.33037,,,
19/10/19,35.85357,,,
19/10/19,36.162,,,
19/10/19,31.80004,,,
19/10/19,25.23183,,,
19/10/19,15.80752,,,
19/10/19,12.8735,,,
19/10/19,11.69317,,,
19/10/19,11.37820801,,,
19/10/19,11.10512,,,
19/10/19,14.35918,,,
19/10/19,21.28281,,,
19/10/19,26.46176,,,
19/10/19,42.4028,,,
19/10/19,52.95979,,,
19/10/19,46.92487,,,
19/10/19,43.85298,,,
19/10/19,42.26375,,,
19/10/19,38.57755,,,
19/10/19,32.69343,,,
20/10/19,28.06087,,,
20/10/19,29.61726,,,
20/10/19,29.87105,,,
20/10/19,28.99147,,,
20/10/19,31.69323,,,
20/10/19,30.88166,,,
20/10/19,31.83519,,,
20/10/19,30.26199,,,
20/10/19,22.68079,,,
20/10/19,12.52674,,,
20/10/19,9.023188559,,,
20/10/19,11.01404,,,
20/10/19,8.704871585,,,
20/10/19,16.12881,,,
20/10/19,21.74549,,,
20/10/19,25.39177,,,
20/10/19,33.56902,,,
20/10/19,48.61957,,,
20/10/19,67.02731,,,
20/10/19,57.03425,,,
20/10/19,49.24372,,,
20/10/19,42.66767,,,
20/10/19,40.17624,,,
20/10/19,36.15651,,,
21/10/19,35.74458,,,
21/10/19,30.53468,,,
21/10/19,29.68525,,,
21/10/19,30.94312,,,
21/10/19,33.05773,,,
21/10/19,39.18988,,,
21/10/19,49.5267,,,
21/10/19,48.90447,,,
21/10/19,36.10253,,,
21/10/19,27.63995,,,
21/10/19,26.78741,,,
21/10/19,27.47416,,,
21/10/19,28.13915,,,
21/10/19,32.96821,,,
21/10/19,33.86779,,,
21/10/19,38.04181,,,
21/10/19,45.63796,,,
21/10/19,78.44349,,,
21/10/19,73.32395606,,,
21/10/19,67.42128022,,,
21/10/19,53.415,,,
21/10/19,46.37283,,,
21/10/19,40.57817,,,
21/10/19,37.03394,,,
22/10/19,32.30328,,,
22/10/19,30.34726,,,
22/10/19,28.9271,,,
22/10/19,28.65199,,,
22/10/19,30.09656,,,
22/10/19,36.00217,,,
22/10/19,47.16163,,,
22/10/19,44.84989,,,
22/10/19,31.83994,,,
22/10/19,26.16085,,,
22/10/19,24.04632,,,
22/10/19,24.41518,,,
22/10/19,27.88834,,,
22/10/19,28.31951,,,
22/10/19,34.51292,,,
22/10/19,36.43276,,,
22/10/19,46.07332,,,
22/10/19,67.90928522,,,
22/10/19,64.16690008,,,
22/10/19,69.23562416,,,
22/10/19,56.53096,,,
22/10/19,47.47034,,,
22/10/19,41.02824,,,
22/10/19,36.19412,,,
23/10/19,32.70462,,,
23/10/19,31.48041,,,
23/10/19,30.16306,,,
23/10/19,29.79742,,,
23/10/19,30.21756,,,
23/10/19,34.72368,,,
23/10/19,41.41893,,,
23/10/19,39.56004,,,
23/10/19,32.35353,,,
23/10/19,28.08988,,,
23/10/19,26.51333,,,
23/10/19,28.16241,,,
23/10/19,28.30424,,,
23/10/19,28.70821,,,
23/10/19,30.15011,,,
23/10/19,33.46156,,,
23/10/19,38.48475,,,
23/10/19,66.80032,,,
23/10/19,68.63946738,,,
23/10/19,68.41615,,,
23/10/19,47.43342,,,
23/10/19,45.04788,,,
23/10/19,37.78161,,,
23/10/19,34.4154,,,
24/10/19,33.64195,,,
24/10/19,31.3281,,,
24/10/19,29.58541,,,
24/10/19,29.33309,,,
24/10/19,30.26111,,,
24/10/19,35.03239,,,
24/10/19,44.94402,,,
24/10/19,44.27661,,,
24/10/19,34.28474,,,
24/10/19,27.58418,,,
24/10/19,25.31961,,,
24/10/19,27.34435,,,
24/10/19,28.98823,,,
24/10/19,31.35265,,,
24/10/19,35.27146,,,
24/10/19,37.35114,,,
24/10/19,43.90527,,,
24/10/19,75.23457,,,
24/10/19,67.47576956,,,
24/10/19,75.31209,,,
24/10/19,51.0024,,,
24/10/19,43.56911,,,
24/10/19,38.0865,,,
24/10/19,35.95079,,,
25/10/19,38.46847,,,
25/10/19,36.45989,,,
25/10/19,35.50031,,,
25/10/19,33.04088,,,
25/10/19,33.93659,,,
25/10/19,35.60971,,,
25/10/19,40.11674,,,
25/10/19,39.44819,,,
25/10/19,32.59154,,,
25/10/19,25.7547,,,
25/10/19,23.37883,,,
25/10/19,26.36635,,,
25/10/19,28.38388,,,
25/10/19,29.68661,,,
25/10/19,31.13111,,,
25/10/19,34.34926,,,
25/10/19,40.26922,,,
25/10/19,65.6167,,,
25/10/19,70.55733086,,,
25/10/19,56.92861,,,
25/10/19,43.14321,,,
25/10/19,40.41978,,,
25/10/19,37.14603,,,
25/10/19,34.79066,,,
26/10/19,36.24168,,,
26/10/19,35.01172,,,
26/10/19,34.46338,,,
26/10/19,32.1751,,,
26/10/19,32.50825,,,
26/10/19,33.76925,,,
26/10/19,35.12015,,,
26/10/19,33.49018,,,
26/10/19,26.89647,,,
26/10/19,10.06276968,,,
26/10/19,9.109098084,,,
26/10/19,13.07138,,,
26/10/19,15.50892,,,
26/10/19,24.2178,,,
26/10/19,26.96968,,,
26/10/19,27.2011,,,
26/10/19,33.5997,,,
26/10/19,42.55928,,,
26/10/19,55.71812,,,
26/10/19,46.41,,,
26/10/19,39.82745,,,
26/10/19,35.63465,,,
26/10/19,33.50494,,,
26/10/19,32.10138,,,
27/10/19,31.43673,,,
27/10/19,30.42533,,,
27/10/19,30.18597,,,
27/10/19,30.34969,,,
27/10/19,30.74493,,,
27/10/19,32.74567,,,
27/10/19,34.48078,,,
27/10/19,35.23773,,,
27/10/19,26.24193,,,
27/10/19,11.41418,,,
27/10/19,10.06688595,,,
27/10/19,10.13845005,,,
27/10/19,12.02864718,,,
27/10/19,12.7523,,,
27/10/19,13.08199,,,
27/10/19,19.61808,,,
27/10/19,25.20898,,,
27/10/19,39.65095,,,
27/10/19,47.21001,,,
27/10/19,43.07112,,,
27/10/19,41.40662,,,
27/10/19,38.44168,,,
27/10/19,34.61684,,,
27/10/19,31.60835,,,
28/10/19,30.07861,,,
28/10/19,29.89664,,,
28/10/19,29.20882,,,
28/10/19,29.42559,,,
28/10/19,31.9143,,,
28/10/19,37.33118,,,
28/10/19,48.16044,,,
28/10/19,49.4659,,,
28/10/19,35.66169,,,
28/10/19,22.95024,,,
28/10/19,16.94693,,,
28/10/19,17.07066,,,
28/10/19,21.30879,,,
28/10/19,25.69004,,,
28/10/19,28.63498,,,
28/10/19,33.35449,,,
28/10/19,35.18381,,,
28/10/19,51.49752,,,
28/10/19,66.67881,,,
28/10/19,52.94892,,,
28/10/19,46.18337,,,
28/10/19,41.05039,,,
28/10/19,35.7649,,,
28/10/19,33.97241,,,
29/10/19,30.84765,,,
29/10/19,30.17543,,,
29/10/19,29.4713,,,
29/10/19,29.47839,,,
29/10/19,30.90637,,,
29/10/19,39.11364,,,
29/10/19,53.65414,,,
29/10/19,51.70496,,,
29/10/19,30.80676,,,
29/10/19,9.609311224,,,
29/10/19,9.693846079,,,
29/10/19,9.887982401,,,
29/10/19,9.481100398,,,
29/10/19,9.660824754,,,
29/10/19,11.07065108,,,
29/10/19,25.6704,,,
29/10/19,29.38448,,,
29/10/19,48.83742,,,
29/10/19,64.73861,,,
29/10/19,55.48148,,,
29/10/19,48.17633,,,
29/10/19,47.0549,,,
29/10/19,40.06402,,,
29/10/19,37.38225,,,
30/10/19,37.83722,,,
30/10/19,35.13833,,,
30/10/19,33.70496,,,
30/10/19,33.97115,,,
30/10/19,35.37467,,,
30/10/19,47.81517,,,
30/10/19,55.50832,,,
30/10/19,56.47486,,,
30/10/19,33.69377,,,
30/10/19,21.56147,,,
30/10/19,13.78122,,,
30/10/19,9.354660638,,,
30/10/19,14.28555,,,
30/10/19,8.96142606,,,
30/10/19,21.26773,,,
30/10/19,24.36673,,,
30/10/19,36.35439,,,
30/10/19,51.65441,,,
30/10/19,67.31679,,,
30/10/19,57.5471,,,
30/10/19,53.97155,,,
30/10/19,49.57658,,,
30/10/19,45.31839,,,
30/10/19,39.49816,,,
31/10/19,42.03891,,,
31/10/19,39.69527,,,
31/10/19,37.4901,,,
31/10/19,37.45892,,,
31/10/19,39.77766,,,
31/10/19,50.3387,,,
31/10/19,57.70774,,,
31/10/19,58.74916,,,
31/10/19,39.43153,,,
31/10/19,30.1692,,,
31/10/19,24.30071,,,
31/10/19,27.44504,,,
31/10/19,29.38671,,,
31/10/19,28.86446,,,
31/10/19,30.44226,,,
31/10/19,32.62739,,,
31/10/19,37.8859,,,
31/10/19,53.82574,,,
31/10/19,71.95539,,,
31/10/19,59.05094,,,
31/10/19,51.60718,,,
31/10/19,49.76935,,,
31/10/19,45.21875,,,
31/10/19,39.95433,,,
1/11/19,35.62101,,,
1/11/19,33.79979,,,
1/11/19,33.13545,,,
1/11/19,32.96252,,,
1/11/19,35.12192,,,
1/11/19,45.27831,,,
1/11/19,53.90839,,,
1/11/19,54.967,,,
1/11/19,38.44761,,,
1/11/19,29.07974,,,
1/11/19,24.99957,,,
1/11/19,25.75365,,,
1/11/19,25.57131,,,
1/11/19,25.89563,,,
1/11/19,28.30566,,,
1/11/19,31.41024,,,
1/11/19,37.26015,,,
1/11/19,52.14132,,,
1/11/19,64.14074,,,
1/11/19,56.34483,,,
1/11/19,50.40289,,,
1/11/19,48.11021,,,
1/11/19,40.9128,,,
1/11/19,39.85639,,,
2/11/19,38.47212,,,
2/11/19,35.24075,,,
2/11/19,35.06511,,,
2/11/19,35.51934,,,
2/11/19,36.81578,,,
2/11/19,41.66216,,,
2/11/19,42.94271,,,
2/11/19,44.32259,,,
2/11/19,34.38793,,,
2/11/19,30.31665,,,
2/11/19,21.38937,,,
2/11/19,19.43692,,,
2/11/19,22.30321,,,
2/11/19,25.18359,,,
2/11/19,27.48352,,,
2/11/19,32.31772,,,
2/11/19,40.07924,,,
2/11/19,56.07123,,,
2/11/19,69.69459,,,
2/11/19,55.44701,,,
2/11/19,48.34904,,,
2/11/19,44.80177,,,
2/11/19,39.68471,,,
2/11/19,37.49601,,,
3/11/19,42.43194,,,
3/11/19,40.13461,,,
3/11/19,38.55847,,,
3/11/19,38.67141,,,
3/11/19,39.37373,,,
3/11/19,41.43954,,,
3/11/19,38.49105,,,
3/11/19,33.28632,,,
3/11/19,26.59943,,,
3/11/19,14.68585,,,
3/11/19,12.95363,,,
3/11/19,13.93464,,,
3/11/19,15.44794,,,
3/11/19,22.39014,,,
3/11/19,26.35843,,,
3/11/19,37.30855,,,
3/11/19,47.01464,,,
3/11/19,66.63753,,,
3/11/19,59.32712,,,
3/11/19,54.98418,,,
3/11/19,49.98449,,,
3/11/19,44.54609,,,
3/11/19,41.79963,,,
3/11/19,39.97618,,,
4/11/19,39.1034,,,
4/11/19,36.82491,,,
4/11/19,35.99402,,,
4/11/19,36.73511,,,
4/11/19,38.26763,,,
4/11/19,44.88574,,,
4/11/19,58.96406,,,
4/11/19,40.23207,,,
4/11/19,33.69192,,,
4/11/19,29.06127,,,
4/11/19,28.23003,,,
4/11/19,29.73004,,,
4/11/19,28.923,,,
4/11/19,31.20268,,,
4/11/19,38.37466,,,
4/11/19,45.05416,,,
4/11/19,63.71017,,,
4/11/19,67.23955703,,,
4/11/19,77.37479729,,,
4/11/19,68.54067,,,
4/11/19,53.15386,,,
4/11/19,52.45023,,,
4/11/19,43.74045,,,
4/11/19,41.35408,,,
5/11/19,38.07992,,,
5/11/19,36.24207,,,
5/11/19,35.43924,,,
5/11/19,35.5614,,,
5/11/19,39.18841,,,
5/11/19,47.73034,,,
5/11/19,57.65414,,,
5/11/19,43.72204,,,
5/11/19,34.54828,,,
5/11/19,31.60875,,,
5/11/19,29.54675,,,
5/11/19,31.04293,,,
5/11/19,31.1182,,,
5/11/19,36.75132,,,
5/11/19,38.52932,,,
5/11/19,47.38507,,,
5/11/19,74.1099,,,
5/11/19,70.43611812,,,
5/11/19,67.36216346,,,
5/11/19,71.16181,,,
5/11/19,56.22091,,,
5/11/19,50.94479,,,
5/11/19,44.75757,,,
5/11/19,42.00767,,,
6/11/19,39.03143,,,
6/11/19,37.99318,,,
6/11/19,35.85884,,,
6/11/19,36.31899,,,
6/11/19,39.31857,,,
6/11/19,46.88896,,,
6/11/19,57.17643,,,
6/11/19,44.00776,,,
6/11/19,36.31464,,,
6/11/19,34.32385,,,
6/11/19,30.68151,,,
6/11/19,32.26335,,,
6/11/19,30.99761,,,
6/11/19,32.71225,,,
6/11/19,37.25749,,,
6/11/19,47.41602,,,
6/11/19,75.76177,,,
6/11/19,69.8132701,,,
6/11/19,73.75939758,,,
6/11/19,63.11011,,,
6/11/19,55.42762,,,
6/11/19,50.03622,,,
6/11/19,44.88386,,,
6/11/19,42.02388,,,
7/11/19,34.93796,,,
7/11/19,33.23238,,,
7/11/19,31.66444,,,
7/11/19,32.08645,,,
7/11/19,36.79841,,,
7/11/19,41.73697,,,
7/11/19,48.56522,,,
7/11/19,40.77419,,,
7/11/19,33.37871,,,
7/11/19,28.94229,,,
7/11/19,27.93129,,,
7/11/19,28.56582,,,
7/11/19,29.51182,,,
7/11/19,33.13103,,,
7/11/19,35.34135,,,
7/11/19,46.8607,,,
7/11/19,70.64858,,,
7/11/19,73.06861967,,,
7/11/19,73.15357,,,
7/11/19,59.13226,,,
7/11/19,49.97587,,,
7/11/19,46.79245,,,
7/11/19,40.54608,,,
7/11/19,38.47178,,,
8/11/19,36.70601,,,
8/11/19,35.06936,,,
8/11/19,33.57105,,,
8/11/19,34.64199,,,
8/11/19,36.30798,,,
8/11/19,41.66889,,,
8/11/19,49.40503,,,
8/11/19,38.30369,,,
8/11/19,31.39626,,,
8/11/19,28.1146,,,
8/11/19,26.43167,,,
8/11/19,28.62329,,,
8/11/19,29.10392,,,
8/11/19,31.50939,,,
8/11/19,33.27782,,,
8/11/19,44.48011,,,
8/11/19,68.21399,,,
8/11/19,69.89498933,,,
8/11/19,55.42076,,,
8/11/19,55.80598,,,
8/11/19,49.64081,,,
8/11/19,45.21505,,,
8/11/19,39.7443,,,
8/11/19,38.13307,,,
9/11/19,40.69149,,,
9/11/19,38.05323,,,
9/11/19,36.29349,,,
9/11/19,36.28257,,,
9/11/19,37.45978,,,
9/11/19,38.55546,,,
9/11/19,41.62672,,,
9/11/19,34.13434,,,
9/11/19,28.23546,,,
9/11/19,22.95889,,,
9/11/19,23.61025,,,
9/11/19,24.37295,,,
9/11/19,24.33978,,,
9/11/19,26.72527,,,
9/11/19,28.33767,,,
9/11/19,38.61918,,,
9/11/19,55.08732,,,
9/11/19,70.1029819,,,
9/11/19,60.05668,,,
9/11/19,54.8903,,,
9/11/19,46.2738,,,
9/11/19,40.37583,,,
9/11/19,39.22441,,,
9/11/19,37.84176,,,
10/11/19,36.47681,,,
10/11/19,34.57153,,,
10/11/19,32.34316,,,
10/11/19,34.72774,,,
10/11/19,35.73344,,,
10/11/19,36.34461,,,
10/11/19,36.35196,,,
10/11/19,31.16428,,,
10/11/19,25.56168,,,
10/11/19,19.29186,,,
10/11/19,20.52156,,,
10/11/19,20.79849,,,
10/11/19,22.23909,,,
10/11/19,25.31285,,,
10/11/19,29.56726,,,
10/11/19,35.6509,,,
10/11/19,47.32899,,,
10/11/19,73.90521,,,
10/11/19,54.94885,,,
10/11/19,47.57741,,,
10/11/19,44.12912,,,
10/11/19,38.20359,,,
10/11/19,36.65518,,,
10/11/19,35.76222,,,
11/11/19,33.01478,,,
11/11/19,31.59618,,,
11/11/19,31.42404,,,
11/11/19,34.1403,,,
11/11/19,36.44748,,,
11/11/19,41.8411,,,
11/11/19,41.47024,,,
11/11/19,36.67383,,,
11/11/19,29.14654,,,
11/11/19,26.87275,,,
11/11/19,26.20538,,,
11/11/19,26.18147,,,
11/11/19,27.89326,,,
11/11/19,30.61174,,,
11/11/19,34.23322,,,
11/11/19,41.49903,,,
11/11/19,63.32038,,,
11/11/19,75.19292332,,,
11/11/19,63.1716,,,
11/11/19,54.47418,,,
11/11/19,47.21065,,,
11/11/19,42.89287,,,
11/11/19,39.49255,,,
11/11/19,36.90431,,,
12/11/19,41.44483,,,
12/11/19,37.91835,,,
12/11/19,35.58192,,,
12/11/19,36.62523,,,
12/11/19,39.54512,,,
12/11/19,41.83485,,,
12/11/19,53.09765,,,
12/11/19,40.48467,,,
12/11/19,34.72326,,,
12/11/19,32.01764,,,
12/11/19,30.85277,,,
12/11/19,31.22175,,,
12/11/19,30.60671,,,
12/11/19,33.28505,,,
12/11/19,37.98519,,,
12/11/19,44.02359,,,
12/11/19,62.94282,,,
12/11/19,68.11886773,,,
12/11/19,70.36016,,,
12/11/19,54.64019,,,
12/11/19,48.43507,,,
12/11/19,43.86754,,,
12/11/19,41.23742,,,
12/11/19,38.16806,,,
13/11/19,32.23743,,,
13/11/19,32.07325,,,
13/11/19,31.6414,,,
13/11/19,33.2692,,,
13/11/19,34.37797,,,
13/11/19,38.13632,,,
13/11/19,44.34611,,,
13/11/19,37.82229,,,
13/11/19,35.48362,,,
13/11/19,31.38948,,,
13/11/19,28.85936,,,
13/11/19,29.16991,,,
13/11/19,30.53682,,,
13/11/19,32.90734,,,
13/11/19,38.49488,,,
13/11/19,46.87502,,,
13/11/19,58.29076,,,
13/11/19,65.94462,,,
13/11/19,57.54087,,,
13/11/19,48.84759,,,
13/11/19,44.30235,,,
13/11/19,41.82553,,,
13/11/19,38.97212,,,
13/11/19,37.95499,,,
14/11/19,37.96575,,,
14/11/19,36.26936,,,
14/11/19,33.56888,,,
14/11/19,35.02358,,,
14/11/19,36.3223,,,
14/11/19,41.27635,,,
14/11/19,54.60526,,,
14/11/19,40.7466,,,
14/11/19,37.09612,,,
14/11/19,36.35337,,,
14/11/19,32.84221,,,
14/11/19,31.67782,,,
14/11/19,31.56996,,,
14/11/19,32.89536,,,
14/11/19,37.49336,,,
14/11/19,44.50123,,,
14/11/19,57.32098,,,
14/11/19,66.40496694,,,
14/11/19,57.5653,,,
14/11/19,50.83906,,,
14/11/19,46.38771,,,
14/11/19,41.1587,,,
14/11/19,38.40816,,,
14/11/19,36.70186,,,
15/11/19,35.98484,,,
15/11/19,32.84775,,,
15/11/19,31.73601,,,
15/11/19,32.20579,,,
15/11/19,33.7488,,,
15/11/19,37.41774,,,
15/11/19,46.90449,,,
15/11/19,37.53868,,,
15/11/19,33.70731,,,
15/11/19,31.30736,,,
15/11/19,28.57525,,,
15/11/19,27.83371,,,
15/11/19,27.55476,,,
15/11/19,29.55791,,,
15/11/19,32.38713,,,
15/11/19,41.43775,,,
15/11/19,51.977,,,
15/11/19,68.90658025,,,
15/11/19,56.04027,,,
15/11/19,48.85811,,,
15/11/19,42.37348,,,
15/11/19,41.56222,,,
15/11/19,40.76416,,,
15/11/19,36.73712,,,
16/11/19,32.92972,,,
16/11/19,32.8799,,,
16/11/19,32.8597,,,
16/11/19,32.85193,,,
16/11/19,32.05418,,,
16/11/19,34.25577,,,
16/11/19,35.01617,,,
16/11/19,32.76498,,,
16/11/19,26.79094,,,
16/11/19,22.17604,,,
16/11/19,21.34883,,,
16/11/19,20.60771,,,
16/11/19,22.21612,,,
16/11/19,23.22383,,,
16/11/19,28.51544,,,
16/11/19,36.85504,,,
16/11/19,48.69306,,,
16/11/19,58.73337,,,
16/11/19,45.31878,,,
16/11/19,48.4884,,,
16/11/19,43.69477,,,
16/11/19,39.4046,,,
16/11/19,37.68386,,,
16/11/19,34.58332,,,
17/11/19,33.8362,,,
17/11/19,33.70511,,,
17/11/19,32.93032,,,
17/11/19,33.02788,,,
17/11/19,33.33362,,,
17/11/19,33.53017,,,
17/11/19,36.58442,,,
17/11/19,31.24803,,,
17/11/19,25.26855,,,
17/11/19,21.24956,,,
17/11/19,20.95603,,,
17/11/19,21.68339,,,
17/11/19,23.21603,,,
17/11/19,26.35993,,,
17/11/19,31.45534,,,
17/11/19,40.51458,,,
17/11/19,53.45476,,,
17/11/19,76.00959434,,,
17/11/19,56.07451,,,
17/11/19,49.2538,,,
17/11/19,48.38606,,,
17/11/19,41.58641,,,
17/11/19,38.27204,,,
17/11/19,36.30065,,,
18/11/19,33.49661,,,
18/11/19,31.78725,,,
18/11/19,31.082,,,
18/11/19,31.88036,,,
18/11/19,36.28242,,,
18/11/19,39.50984,,,
18/11/19,56.23396,,,
18/11/19,40.6076,,,
18/11/19,32.94622,,,
18/11/19,28.89997,,,
18/11/19,27.40357,,,
18/11/19,28.98794,,,
18/11/19,31.03987,,,
18/11/19,34.79736,,,
18/11/19,37.8329,,,
18/11/19,45.97605,,,
18/11/19,58.72719,,,
18/11/19,69.25593717,,,
18/11/19,60.89205,,,
18/11/19,47.47877,,,
18/11/19,45.33026,,,
18/11/19,44.90113,,,
18/11/19,39.54298,,,
18/11/19,34.6171,,,
19/11/19,33.92166,,,
19/11/19,33.79737,,,
19/11/19,32.28376,,,
19/11/19,32.36131,,,
19/11/19,33.8009,,,
19/11/19,36.86633,,,
19/11/19,44.71099,,,
19/11/19,37.67803,,,
19/11/19,34.0988,,,
19/11/19,32.11586,,,
19/11/19,30.82105,,,
19/11/19,29.16151,,,
19/11/19,29.9076,,,
19/11/19,33.29727,,,
19/11/19,36.0341,,,
19/11/19,43.60041,,,
19/11/19,51.32723,,,
19/11/19,76.18266,,,
19/11/19,56.45521,,,
19/11/19,49.50973,,,
19/11/19,43.29391,,,
19/11/19,41.51222,,,
19/11/19,37.27936,,,
19/11/19,34.82687,,,
20/11/19,34.28816,,,
20/11/19,33.49734,,,
20/11/19,32.58605,,,
20/11/19,32.517,,,
20/11/19,34.36332,,,
20/11/19,37.82087,,,
20/11/19,44.0159,,,
20/11/19,41.18545,,,
20/11/19,38.99745,,,
20/11/19,35.59956,,,
20/11/19,32.98518,,,
20/11/19,30.98427,,,
20/11/19,31.30128,,,
20/11/19,34.60579,,,
20/11/19,35.49805,,,
20/11/19,40.19354,,,
20/11/19,43.96743,,,
20/11/19,78.43049,,,
20/11/19,58.9332,,,
20/11/19,51.35335,,,
20/11/19,48.21012,,,
20/11/19,43.57313,,,
20/11/19,42.13008,,,
20/11/19,39.68613,,,
21/11/19,43.09446,,,
21/11/19,42.18137,,,
21/11/19,41.12994,,,
21/11/19,41.21348,,,
21/11/19,43.36852,,,
21/11/19,53.91424,,,
21/11/19,59.26901,,,
21/11/19,53.10797,,,
21/11/19,47.0408,,,
21/11/19,44.32416,,,
21/11/19,38.14181,,,
21/11/19,36.05037,,,
21/11/19,35.48312,,,
21/11/19,39.00875,,,
21/11/19,40.92518,,,
21/11/19,49.00446,,,
21/11/19,61.22389,,,
21/11/19,69.06830587,,,
21/11/19,75.28703,,,
21/11/19,65.42465,,,
21/11/19,59.68545,,,
21/11/19,50.37702,,,
21/11/19,48.9462,,,
21/11/19,46.97132,,,
22/11/19,42.97837,,,
22/11/19,42.94061,,,
22/11/19,40.80452,,,
22/11/19,41.54136,,,
22/11/19,42.98025,,,
22/11/19,54.04799,,,
22/11/19,63.67334,,,
22/11/19,54.34918,,,
22/11/19,42.5239,,,
22/11/19,36.21429,,,
22/11/19,33.00827,,,
22/11/19,32.80652,,,
22/11/19,31.97682,,,
22/11/19,33.2787,,,
22/11/19,35.26323,,,
22/11/19,47.89739,,,
22/11/19,65.76641,,,
22/11/19,66.3503319,,,
22/11/19,73.10099,,,
22/11/19,62.47103,,,
22/11/19,57.58778,,,
22/11/19,51.39699,,,
22/11/19,51.09729,,,
22/11/19,47.84461,,,
23/11/19,46.13889,,,
23/11/19,42.96975,,,
23/11/19,41.16927,,,
23/11/19,43.22973,,,
23/11/19,45.48199,,,
23/11/19,48.40168,,,
23/11/19,47.65492,,,
23/11/19,43.18757,,,
23/11/19,39.25412,,,
23/11/19,32.71258,,,
23/11/19,29.34205,,,
23/11/19,27.25463,,,
23/11/19,28.0356,,,
23/11/19,28.65067,,,
23/11/19,33.31004,,,
23/11/19,42.5286,,,
23/11/19,53.37,,,
23/11/19,60.86440477,,,
23/11/19,66.25212,,,
23/11/19,61.31536,,,
23/11/19,53.5647,,,
23/11/19,50.04711,,,
23/11/19,55.24216,,,
23/11/19,44.386,,,
24/11/19,42.11426,,,
24/11/19,39.37129,,,
24/11/19,38.25298,,,
24/11/19,37.90364,,,
24/11/19,40.12178,,,
24/11/19,44.32552,,,
24/11/19,46.6308,,,
24/11/19,43.89577,,,
24/11/19,35.54386,,,
24/11/19,29.00297,,,
24/11/19,25.80171,,,
24/11/19,25.21444,,,
24/11/19,27.67757,,,
24/11/19,28.09097,,,
24/11/19,32.83282,,,
24/11/19,41.2739,,,
24/11/19,50.55386,,,
24/11/19,78.35684,,,
24/11/19,61.49363,,,
24/11/19,59.95175,,,
24/11/19,52.04785,,,
24/11/19,47.98561,,,
24/11/19,42.26506,,,
24/11/19,39.31273,,,
25/11/19,36.7354,,,
25/11/19,33.5543,,,
25/11/19,33.18485,,,
25/11/19,34.64148,,,
25/11/19,38.75138,,,
25/11/19,45.26255,,,
25/11/19,52.26,,,
25/11/19,43.22704,,,
25/11/19,38.01209,,,
25/11/19,32.49452,,,
25/11/19,30.58163,,,
25/11/19,28.15255,,,
25/11/19,28.16805,,,
25/11/19,29.09168,,,
25/11/19,32.6554,,,
25/11/19,39.75976,,,
25/11/19,50.19858,,,
25/11/19,72.78224636,,,
25/11/19,62.32525,,,
25/11/19,60.14731,,,
25/11/19,49.72185,,,
25/11/19,44.03994,,,
25/11/19,41.68795,,,
25/11/19,38.95853,,,
26/11/19,38.08561,,,
26/11/19,38.91308,,,
26/11/19,38.2767,,,
26/11/19,39.92619,,,
26/11/19,42.06114,,,
26/11/19,49.43443,,,
26/11/19,59.27663,,,
26/11/19,52.81951,,,
26/11/19,39.26891,,,
26/11/19,35.18589,,,
26/11/19,31.63497,,,
26/11/19,31.62217,,,
26/11/19,32.02348,,,
26/11/19,33.63616,,,
26/11/19,35.59213,,,
26/11/19,43.85093,,,
26/11/19,59.66581,,,
26/11/19,63.8140545,,,
26/11/19,64.1025,,,
26/11/19,59.05475,,,
26/11/19,55.36207,,,
26/11/19,50.33919,,,
26/11/19,45.88846,,,
26/11/19,41.60498,,,
27/11/19,38.21034,,,
27/11/19,35.19094,,,
27/11/19,34.89293,,,
27/11/19,34.86341,,,
27/11/19,36.40718,,,
27/11/19,41.53366,,,
27/11/19,50.12922,,,
27/11/19,49.94628,,,
27/11/19,45.13435,,,
27/11/19,43.37305,,,
27/11/19,41.44031,,,
27/11/19,38.33088,,,
27/11/19,37.25983,,,
27/11/19,38.26251,,,
27/11/19,39.30146,,,
27/11/19,45.24016,,,
27/11/19,50.77064,,,
27/11/19,72.29472,,,
27/11/19,60.95082,,,
27/11/19,55.27846,,,
27/11/19,51.36833,,,
27/11/19,47.85288,,,
27/11/19,43.36859,,,
27/11/19,41.03584,,,
28/11/19,38.81984,,,
28/11/19,37.23589,,,
28/11/19,36.80773,,,
28/11/19,36.73009,,,
28/11/19,38.42886,,,
28/11/19,38.62652,,,
28/11/19,41.33188,,,
28/11/19,39.70408,,,
28/11/19,42.65591,,,
28/11/19,45.81461,,,
28/11/19,43.84764,,,
28/11/19,44.17505,,,
28/11/19,42.76597,,,
28/11/19,46.31751,,,
28/11/19,48.07975,,,
28/11/19,48.16104,,,
28/11/19,47.95602,,,
28/11/19,51.95974,,,
28/11/19,50.64188,,,
28/11/19,47.67403,,,
28/11/19,43.73209,,,
28/11/19,41.0206,,,
28/11/19,39.61723,,,
28/11/19,39.67148,,,
29/11/19,38.78579,,,
29/11/19,38.18841,,,
29/11/19,36.66567,,,
29/11/19,36.60338,,,
29/11/19,38.10965,,,
29/11/19,42.55657,,,
29/11/19,43.55469,,,
29/11/19,40.04389,,,
29/11/19,35.51265,,,
29/11/19,30.89582,,,
29/11/19,29.05548,,,
29/11/19,28.42708,,,
29/11/19,28.94356,,,
29/11/19,28.9269,,,
29/11/19,31.4809,,,
29/11/19,40.51247,,,
29/11/19,47.89245,,,
29/11/19,67.89021,,,
29/11/19,59.68702,,,
29/11/19,55.61675,,,
29/11/19,50.56013,,,
29/11/19,46.98215,,,
29/11/19,41.97111,,,
29/11/19,39.33024,,,
30/11/19,41.45214,,,
30/11/19,40.38204,,,
30/11/19,39.38131,,,
30/11/19,39.00873,,,
30/11/19,39.63224,,,
30/11/19,43.11235,,,
30/11/19,45.22201,,,
30/11/19,40.04457,,,
30/11/19,36.68257,,,
30/11/19,38.66056,,,
30/11/19,36.11593,,,
30/11/19,35.3056,,,
30/11/19,35.41747,,,
30/11/19,39.67208,,,
30/11/19,42.47673,,,
30/11/19,46.12455,,,
30/11/19,50.33919,,,
30/11/19,59.71566,,,
30/11/19,52.27551,,,
30/11/19,48.5691,,,
30/11/19,44.81257,,,
30/11/19,43.21041,,,
30/11/19,41.80264,,,
30/11/19,38.8959,,,
1/12/19,42.78432,,,
1/12/19,42.62715,,,
1/12/19,42.24512,,,
1/12/19,42.8779,,,
1/12/19,42.81379,,,
1/12/19,43.80554,,,
1/12/19,44.54679,,,
1/12/19,44.08337,,,
1/12/19,42.28913,,,
1/12/19,38.66917,,,
1/12/19,36.87308,,,
1/12/19,35.39084,,,
1/12/19,37.47345,,,
1/12/19,37.97214,,,
1/12/19,40.11844,,,
1/12/19,42.3465,,,
1/12/19,48.86163,,,
1/12/19,66.732,,,
1/12/19,58.1718,,,
1/12/19,54.88433,,,
1/12/19,53.35179,,,
1/12/19,52.34034,,,
1/12/19,47.96491,,,
1/12/19,44.11557,,,
2/12/19,38.52165,,,
2/12/19,38.54659,,,
2/12/19,37.98471,,,
2/12/19,40.03511,,,
2/12/19,39.60062,,,
2/12/19,47.1261,,,
2/12/19,56.54111,,,
2/12/19,55.25137,,,
2/12/19,45.13461,,,
2/12/19,42.05581,,,
2/12/19,39.59535,,,
2/12/19,39.59185,,,
2/12/19,38.74462,,,
2/12/19,40.85295,,,
2/12/19,43.23975,,,
2/12/19,50.56205,,,
2/12/19,60.38576,,,
2/12/19,76.07207,,,
2/12/19,72.49807,,,
2/12/19,66.2507,,,
2/12/19,57.80865,,,
2/12/19,52.54457,,,
2/12/19,47.9116,,,
2/12/19,44.84106,,,
3/12/19,35.23782,,,
3/12/19,35.64088,,,
3/12/19,33.21424,,,
3/12/19,32.93688,,,
3/12/19,33.81634,,,
3/12/19,38.55707,,,
3/12/19,49.92184,,,
3/12/19,50.94183,,,
3/12/19,42.97255,,,
3/12/19,37.38511,,,
3/12/19,36.20333,,,
3/12/19,33.71877,,,
3/12/19,34.55255,,,
3/12/19,36.62232,,,
3/12/19,41.35763,,,
3/12/19,47.02409,,,
3/12/19,52.2325,,,
3/12/19,70.75884,,,
3/12/19,62.42468,,,
3/12/19,58.39118,,,
3/12/19,51.52308,,,
3/12/19,47.69135,,,
3/12/19,42.02302,,,
3/12/19,37.83643,,,
4/12/19,35.0294,,,
4/12/19,33.72696,,,
4/12/19,32.17944,,,
4/12/19,32.24685,,,
4/12/19,33.31727,,,
4/12/19,39.24168,,,
4/12/19,46.7128,,,
4/12/19,50.24634,,,
4/12/19,48.90953,,,
4/12/19,48.24476,,,
4/12/19,44.43669,,,
4/12/19,44.00503,,,
4/12/19,39.15863,,,
4/12/19,40.8773,,,
4/12/19,42.09345,,,
4/12/19,46.9562,,,
4/12/19,52.93492,,,
4/12/19,65.77886,,,
4/12/19,59.3805,,,
4/12/19,54.42255,,,
4/12/19,49.8317,,,
4/12/19,46.07065,,,
4/12/19,39.26946,,,
4/12/19,36.782,,,
5/12/19,37.32439,,,
5/12/19,35.55207,,,
5/12/19,33.15791,,,
5/12/19,33.62128,,,
5/12/19,36.84986,,,
5/12/19,40.92135,,,
5/12/19,48.75205,,,
5/12/19,48.45478,,,
5/12/19,39.81573,,,
5/12/19,32.57004,,,
5/12/19,32.37235,,,
5/12/19,31.65844,,,
5/12/19,30.93691,,,
5/12/19,32.58257,,,
5/12/19,36.4919,,,
5/12/19,45.28009,,,
5/12/19,54.55922,,,
5/12/19,68.33103,,,
5/12/19,61.88333,,,
5/12/19,58.6693,,,
5/12/19,53.72652,,,
5/12/19,46.69193,,,
5/12/19,45.64072,,,
5/12/19,38.54971,,,
6/12/19,35.93087,,,
6/12/19,33.70921,,,
6/12/19,32.89276,,,
6/12/19,33.16108,,,
6/12/19,35.37611,,,
6/12/19,37.88354,,,
6/12/19,48.3728,,,
6/12/19,46.73605,,,
6/12/19,37.55165,,,
6/12/19,34.19258,,,
6/12/19,31.6809,,,
6/12/19,30.07022,,,
6/12/19,29.49047,,,
6/12/19,32.64323,,,
6/12/19,34.99358,,,
6/12/19,41.66734,,,
6/12/19,51.88832,,,
6/12/19,63.92488,,,
6/12/19,54.48955,,,
6/12/19,49.50751,,,
6/12/19,46.41076,,,
6/12/19,45.13804,,,
6/12/19,40.62487,,,
6/12/19,37.10083,,,
7/12/19,37.97155,,,
7/12/19,33.38065,,,
7/12/19,31.83694,,,
7/12/19,31.53183,,,
7/12/19,32.00493,,,
7/12/19,35.37858,,,
7/12/19,39.93389,,,
7/12/19,39.7629,,,
7/12/19,37.55741,,,
7/12/19,36.42769,,,
7/12/19,35.38536,,,
7/12/19,32.31522,,,
7/12/19,33.91397,,,
7/12/19,34.86409,,,
7/12/19,38.46352,,,
7/12/19,41.72511,,,
7/12/19,46.65204,,,
7/12/19,57.63625,,,
7/12/19,53.57061,,,
7/12/19,48.18478,,,
7/12/19,47.2257,,,
7/12/19,41.6411,,,
7/12/19,39.22888,,,
7/12/19,35.59643,,,
8/12/19,36.65392,,,
8/12/19,33.62609,,,
8/12/19,31.82689,,,
8/12/19,31.21914,,,
8/12/19,31.12122,,,
8/12/19,33.99201,,,
8/12/19,35.87039,,,
8/12/19,36.46621,,,
8/12/19,36.17334,,,
8/12/19,32.72754,,,
8/12/19,30.13327,,,
8/12/19,27.9864,,,
8/12/19,27.46996,,,
8/12/19,27.9675,,,
8/12/19,30.75567,,,
8/12/19,35.95,,,
8/12/19,40.86276,,,
8/12/19,51.99091,,,
8/12/19,49.17312,,,
8/12/19,45.67566,,,
8/12/19,43.35531,,,
8/12/19,39.54503,,,
8/12/19,37.81251,,,
8/12/19,32.39245,,,
9/12/19,32.45647,,,
9/12/19,31.51779,,,
9/12/19,31.3336,,,
9/12/19,31.60644,,,
9/12/19,34.70093,,,
9/12/19,38.81168,,,
9/12/19,46.14612,,,
9/12/19,45.06277,,,
9/12/19,39.19265,,,
9/12/19,35.98616,,,
9/12/19,32.01907,,,
9/12/19,31.05957,,,
9/12/19,30.49209,,,
9/12/19,31.20792,,,
9/12/19,32.65352,,,
9/12/19,39.46228,,,
9/12/19,50.69015,,,
9/12/19,70.29066,,,
9/12/19,54.83921,,,
9/12/19,55.98293,,,
9/12/19,50.78476,,,
9/12/19,45.3301,,,
9/12/19,42.63262,,,
9/12/19,39.76659,,,
10/12/19,39.05848,,,
10/12/19,37.16231,,,
10/12/19,36.74253,,,
10/12/19,36.77902,,,
10/12/19,38.15738,,,
10/12/19,39.94516,,,
10/12/19,46.6441,,,
10/12/19,44.84699,,,
10/12/19,38.75974,,,
10/12/19,36.8851,,,
10/12/19,35.2235,,,
10/12/19,33.44677,,,
10/12/19,32.11105,,,
10/12/19,34.8278,,,
10/12/19,37.52996,,,
10/12/19,43.90496,,,
10/12/19,51.01948,,,
10/12/19,67.43905,,,
10/12/19,60.48616,,,
10/12/19,59.75368,,,
10/12/19,51.72099,,,
10/12/19,46.22671,,,
10/12/19,42.36049,,,
10/12/19,39.23724,,,
11/12/19,38.42602,,,
11/12/19,36.74488,,,
11/12/19,35.64979,,,
11/12/19,35.51717,,,
11/12/19,36.64205,,,
11/12/19,39.51008,,,
11/12/19,50.38264,,,
11/12/19,47.30477,,,
11/12/19,38.41012,,,
11/12/19,33.48447,,,
11/12/19,29.69504,,,
11/12/19,29.2069,,,
11/12/19,28.092,,,
11/12/19,29.58281,,,
11/12/19,31.91156,,,
11/12/19,38.83498,,,
11/12/19,49.97523,,,
11/12/19,77.40064,,,
11/12/19,56.2383,,,
11/12/19,54.94685,,,
11/12/19,46.89749,,,
11/12/19,44.5013,,,
11/12/19,41.42162,,,
11/12/19,38.53231,,,
12/12/19,35.99203,,,
12/12/19,32.66444,,,
12/12/19,31.87476,,,
12/12/19,31.13986,,,
12/12/19,32.60299,,,
12/12/19,37.92938,,,
12/12/19,49.56921,,,
12/12/19,47.96145,,,
12/12/19,37.83356,,,
12/12/19,35.5933,,,
12/12/19,32.62076,,,
12/12/19,30.13123,,,
12/12/19,28.95491,,,
12/12/19,30.05045,,,
12/12/19,32.24503,,,
12/12/19,37.49174,,,
12/12/19,47.20441,,,
12/12/19,57.71838,,,
12/12/19,51.73138,,,
12/12/19,48.5321,,,
12/12/19,45.77155,,,
12/12/19,38.98999,,,
12/12/19,34.2661,,,
12/12/19,31.5518,,,
13/12/19,33.85915,,,
13/12/19,32.43142,,,
13/12/19,32.80894,,,
13/12/19,31.93726,,,
13/12/19,32.82738,,,
13/12/19,37.23466,,,
13/12/19,45.8154,,,
13/12/19,41.71946,,,
13/12/19,33.73979,,,
13/12/19,31.8067,,,
13/12/19,24.2455,,,
13/12/19,25.18194,,,
13/12/19,24.70054,,,
13/12/19,27.73988,,,
13/12/19,30.24801,,,
13/12/19,36.63254,,,
13/12/19,43.64846,,,
13/12/19,51.56589,,,
13/12/19,50.45853,,,
13/12/19,46.88845,,,
13/12/19,42.93783,,,
13/12/19,39.05301,,,
13/12/19,37.20109,,,
13/12/19,32.84682,,,
14/12/19,32.86397,,,
14/12/19,33.92814,,,
14/12/19,32.12935,,,
14/12/19,30.28077,,,
14/12/19,31.97661,,,
14/12/19,34.51245,,,
14/12/19,35.95771,,,
14/12/19,33.96074,,,
14/12/19,28.11686,,,
14/12/19,25.81833,,,
14/12/19,21.35067,,,
14/12/19,17.94746,,,
14/12/19,18.88994,,,
14/12/19,19.12002,,,
14/12/19,26.16603,,,
14/12/19,31.99009,,,
14/12/19,38.32181,,,
14/12/19,41.91831,,,
14/12/19,40.12746,,,
14/12/19,39.42733,,,
14/12/19,39.25896,,,
14/12/19,36.94568,,,
14/12/19,33.64666,,,
14/12/19,30.92379,,,
15/12/19,31.99785,,,
15/12/19,29.81091,,,
15/12/19,29.90027,,,
15/12/19,29.78421,,,
15/12/19,31.47527,,,
15/12/19,34.12299,,,
15/12/19,34.71944,,,
15/12/19,34.05779,,,
15/12/19,28.1113,,,
15/12/19,16.03687,,,
15/12/19,9.871932747,,,
15/12/19,9.155790599,,,
15/12/19,9.639592043,,,
15/12/19,9.320570573,,,
15/12/19,15.64928,,,
15/12/19,31.2696,,,
15/12/19,40.02437,,,
15/12/19,54.84853,,,
15/12/19,49.58164,,,
15/12/19,49.22156,,,
15/12/19,49.29062,,,
15/12/19,43.72326,,,
15/12/19,41.81928,,,
15/12/19,38.71142,,,
16/12/19,35.89787,,,
16/12/19,34.61656,,,
16/12/19,34.50441,,,
16/12/19,35.86727,,,
16/12/19,38.52666,,,
16/12/19,43.20271,,,
16/12/19,62.17627,,,
16/12/19,49.58089,,,
16/12/19,38.85644,,,
16/12/19,30.88,,,
16/12/19,28.35071,,,
16/12/19,27.78945,,,
16/12/19,27.44646,,,
16/12/19,26.90494,,,
16/12/19,28.95981,,,
16/12/19,37.82349,,,
16/12/19,45.67997,,,
16/12/19,70.14661,,,
16/12/19,64.71604,,,
16/12/19,60.64493,,,
16/12/19,52.89253,,,
16/12/19,46.50557,,,
16/12/19,40.79203,,,
16/12/19,37.44759,,,
17/12/19,39.01839,,,
17/12/19,36.38898,,,
17/12/19,34.48619,,,
17/12/19,36.87485,,,
17/12/19,39.22135,,,
17/12/19,44.42228,,,
17/12/19,60.03099,,,
17/12/19,50.64662,,,
17/12/19,40.40825,,,
17/12/19,36.49969,,,
17/12/19,34.97977,,,
17/12/19,32.79852,,,
17/12/19,32.02304,,,
17/12/19,32.58201,,,
17/12/19,36.85905,,,
17/12/19,41.47057,,,
17/12/19,50.59288,,,
17/12/19,68.27163,,,
17/12/19,64.85439,,,
17/12/19,60.36865,,,
17/12/19,54.73929,,,
17/12/19,48.97106,,,
17/12/19,43.0184,,,
17/12/19,39.85306,,,
18/12/19,41.43334,,,
18/12/19,39.22011,,,
18/12/19,38.40349,,,
18/12/19,40.39974,,,
18/12/19,42.34031,,,
18/12/19,46.78794,,,
18/12/19,60.83437,,,
18/12/19,57.66802,,,
18/12/19,44.45154,,,
18/12/19,40.20312,,,
18/12/19,37.25466,,,
18/12/19,36.50492,,,
18/12/19,33.37805,,,
18/12/19,33.42158,,,
18/12/19,35.72021,,,
18/12/19,39.64256,,,
18/12/19,53.25188,,,
18/12/19,72.60454,,,
18/12/19,68.78248,,,
18/12/19,62.35727,,,
18/12/19,54.90974,,,
18/12/19,49.44106,,,
18/12/19,45.39826,,,
18/12/19,42.65835,,,
19/12/19,39.44874,,,
19/12/19,39.36663,,,
19/12/19,39.08376,,,
19/12/19,39.35341,,,
19/12/19,40.2201,,,
19/12/19,48.24861,,,
19/12/19,62.86979,,,
19/12/19,54.90567,,,
19/12/19,39.50931,,,
19/12/19,32.1315,,,
19/12/19,25.18875,,,
19/12/19,23.57591,,,
19/12/19,28.16546,,,
19/12/19,27.44768,,,
19/12/19,31.08785,,,
19/12/19,37.5846,,,
19/12/19,52.53601,,,
19/12/19,68.2146,,,
19/12/19,64.4057,,,
19/12/19,61.55815,,,
19/12/19,55.8822,,,
19/12/19,49.56003,,,
19/12/19,44.36949,,,
19/12/19,40.167,,,
20/12/19,37.63,,,
20/12/19,37.04033,,,
20/12/19,36.62792,,,
20/12/19,37.10647,,,
20/12/19,38.58827,,,
20/12/19,42.6758,,,
20/12/19,54.04217,,,
20/12/19,50.93836,,,
20/12/19,38.859,,,
20/12/19,36.37294,,,
20/12/19,32.0724,,,
20/12/19,30.49601,,,
20/12/19,26.524,,,
20/12/19,28.25751,,,
20/12/19,30.61694,,,
20/12/19,39.11332,,,
20/12/19,49.6688,,,
20/12/19,60.80377,,,
20/12/19,56.50239,,,
20/12/19,54.37454,,,
20/12/19,50.34951,,,
20/12/19,45.08845,,,
20/12/19,42.33405,,,
20/12/19,40.21845,,,
21/12/19,39.26384,,,
21/12/19,39.28776,,,
21/12/19,37.66888,,,
21/12/19,37.66968,,,
21/12/19,38.06115,,,
21/12/19,38.10457,,,
21/12/19,38.65877,,,
21/12/19,37.99163,,,
21/12/19,35.97023,,,
21/12/19,32.70544,,,
21/12/19,31.7322,,,
21/12/19,30.07149,,,
21/12/19,29.81253,,,
21/12/19,30.28495,,,
21/12/19,34.1525,,,
21/12/19,39.65067,,,
21/12/19,46.1466,,,
21/12/19,52.45236,,,
21/12/19,49.22969,,,
21/12/19,45.3908,,,
21/12/19,42.72141,,,
21/12/19,40.34993,,,
21/12/19,40.50099,,,
21/12/19,39.13269,,,
22/12/19,37.9957,,,
22/12/19,37.98885,,,
22/12/19,36.49826,,,
22/12/19,35.31849,,,
22/12/19,35.22511,,,
22/12/19,37.12462,,,
22/12/19,38.21686,,,
22/12/19,37.82462,,,
22/12/19,36.12244,,,
22/12/19,34.98025,,,
22/12/19,34.15263,,,
22/12/19,30.42015,,,
22/12/19,30.85857,,,
22/12/19,31.91681,,,
22/12/19,36.52093,,,
22/12/19,39.45604,,,
22/12/19,47.03529,,,
22/12/19,58.02611,,,
22/12/19,57.68933,,,
22/12/19,51.93453,,,
22/12/19,47.8074,,,
22/12/19,44.32452,,,
22/12/19,40.65374,,,
22/12/19,38.24449,,,
23/12/19,37.41145,,,
23/12/19,35.37847,,,
23/12/19,34.39776,,,
23/12/19,33.69061,,,
23/12/19,35.85048,,,
23/12/19,38.68256,,,
23/12/19,42.38201,,,
23/12/19,47.1711,,,
23/12/19,47.04777,,,
23/12/19,45.86334,,,
23/12/19,43.28692,,,
23/12/19,41.50959,,,
23/12/19,42.2164,,,
23/12/19,42.62241,,,
23/12/19,42.96098,,,
23/12/19,43.76424,,,
23/12/19,54.02468,,,
23/12/19,73.82523,,,
23/12/19,62.6893,,,
23/12/19,56.8517,,,
23/12/19,52.7897,,,
23/12/19,46.07565,,,
23/12/19,44.11163,,,
23/12/19,42.20469,,,
24/12/19,38.19856,,,
24/12/19,36.89259,,,
24/12/19,36.68557,,,
24/12/19,36.51264,,,
24/12/19,36.85203,,,
24/12/19,38.26997,,,
24/12/19,42.90728,,,
24/12/19,43.16002,,,
24/12/19,38.06067,,,
24/12/19,37.8817,,,
24/12/19,35.27586,,,
24/12/19,32.21211,,,
24/12/19,30.67082,,,
24/12/19,30.39338,,,
24/12/19,32.50116,,,
24/12/19,37.52829,,,
24/12/19,45.1064,,,
24/12/19,53.88279,,,
24/12/19,48.5479,,,
24/12/19,46.37397,,,
24/12/19,44.40191,,,
24/12/19,41.63756,,,
24/12/19,42.52565,,,
24/12/19,39.52675,,,
25/12/19,35.74446,,,
25/12/19,34.11075,,,
25/12/19,34.56247,,,
25/12/19,33.67937,,,
25/12/19,33.76332,,,
25/12/19,34.72383,,,
25/12/19,34.87257,,,
25/12/19,34.58,,,
25/12/19,35.36462,,,
25/12/19,33.89576,,,
25/12/19,31.5649,,,
25/12/19,30.73147,,,
25/12/19,30.39605,,,
25/12/19,31.07301,,,
25/12/19,34.46026,,,
25/12/19,37.5,,,
25/12/19,41.95903,,,
25/12/19,47.03083,,,
25/12/19,45.26932,,,
25/12/19,44.5964,,,
25/12/19,44.22008,,,
25/12/19,40.44099,,,
25/12/19,39.60182,,,
25/12/19,37.68503,,,
26/12/19,35.83841,,,
26/12/19,34.72177,,,
26/12/19,35.24845,,,
26/12/19,34.48439,,,
26/12/19,37.05947,,,
26/12/19,41.73112,,,
26/12/19,44.89159,,,
26/12/19,46.7478,,,
26/12/19,45.36604,,,
26/12/19,43.71431,,,
26/12/19,41.17851,,,
26/12/19,39.59057,,,
26/12/19,38.16742,,,
26/12/19,37.95837,,,
26/12/19,38.00504,,,
26/12/19,39.76019,,,
26/12/19,50.45656,,,
26/12/19,67.72536,,,
26/12/19,63.51605,,,
26/12/19,63.64873,,,
26/12/19,51.31164,,,
26/12/19,44.46056,,,
26/12/19,42.37095,,,
26/12/19,39.64874,,,
27/12/19,35.85415,,,
27/12/19,35.45731,,,
27/12/19,34.88001,,,
27/12/19,35.35465,,,
27/12/19,37.67071,,,
27/12/19,40.29547,,,
27/12/19,45.49574,,,
27/12/19,41.90593,,,
27/12/19,35.31541,,,
27/12/19,31.40491,,,
27/12/19,29.7632,,,
27/12/19,25.5274,,,
27/12/19,23.92211,,,
27/12/19,23.36973,,,
27/12/19,26.56397,,,
27/12/19,32.73184,,,
27/12/19,40.10932,,,
27/12/19,55.7744,,,
27/12/19,52.5788,,,
27/12/19,51.20188,,,
27/12/19,45.78424,,,
27/12/19,43.72767,,,
27/12/19,41.34477,,,
27/12/19,38.88483,,,
28/12/19,38.55954,,,
28/12/19,37.92283,,,
28/12/19,37.75134,,,
28/12/19,37.70425,,,
28/12/19,37.68698,,,
28/12/19,38.30747,,,
28/12/19,38.66973,,,
28/12/19,36.22755,,,
28/12/19,34.79177,,,
28/12/19,28.25234,,,
28/12/19,25.07447,,,
28/12/19,21.14375,,,
28/12/19,20.2362,,,
28/12/19,19.18662,,,
28/12/19,21.63629,,,
28/12/19,33.86276,,,
28/12/19,40.39605,,,
28/12/19,48.29372,,,
28/12/19,47.03033,,,
28/12/19,43.72534,,,
28/12/19,43.99388,,,
28/12/19,43.45668,,,
28/12/19,40.99345,,,
28/12/19,38.66892,,,
29/12/19,38.0738,,,
29/12/19,37.39896,,,
29/12/19,37.2306,,,
29/12/19,37.14578,,,
29/12/19,37.12435,,,
29/12/19,37.66839,,,
29/12/19,38.45703,,,
29/12/19,37.70663,,,
29/12/19,34.65904,,,
29/12/19,31.14197,,,
29/12/19,29.64983,,,
29/12/19,24.20338,,,
29/12/19,24.32456,,,
29/12/19,24.17824,,,
29/12/19,28.69735,,,
29/12/19,36.52948,,,
29/12/19,42.76802,,,
29/12/19,57.83968,,,
29/12/19,51.60519,,,
29/12/19,48.89133,,,
29/12/19,45.77919,,,
29/12/19,43.3515,,,
29/12/19,40.66343,,,
29/12/19,38.46134,,,
30/12/19,38.14119,,,
30/12/19,37.63292,,,
30/12/19,35.61649,,,
30/12/19,37.5682,,,
30/12/19,38.09871,,,
30/12/19,40.61019,,,
30/12/19,43.36323,,,
30/12/19,45.05862,,,
30/12/19,42.23094,,,
30/12/19,40.81077,,,
30/12/19,38.06235,,,
30/12/19,37.68775,,,
30/12/19,36.16794,,,
30/12/19,35.36617,,,
30/12/19,35.86052,,,
30/12/19,39.0722,,,
30/12/19,48.80621,,,
30/12/19,75.33365,,,
30/12/19,61.66192,,,
30/12/19,58.63042,,,
30/12/19,51.64446,,,
30/12/19,46.08163,,,
30/12/19,41.94902,,,
30/12/19,39.2161,,,
31/12/19,33.81609,,,
31/12/19,33.31462,,,
31/12/19,32.24724,,,
31/12/19,32.13008,,,
31/12/19,35.2368,,,
31/12/19,38.2505,,,
31/12/19,40.60075,,,
31/12/19,39.93128,,,
31/12/19,33.75626,,,
31/12/19,31.1993,,,
31/12/19,28.47916,,,
31/12/19,27.75176,,,
31/12/19,25.3083,,,
31/12/19,26.76329,,,
31/12/19,29.94976,,,
31/12/19,35.40557,,,
31/12/19,43.35194,,,
31/12/19,63.4741,,,
31/12/19,51.14847,,,
31/12/19,46.63066,,,
31/12/19,43.33315,,,
31/12/19,40.48943,,,
31/12/19,40.43854,,,
31/12/19,38.86058,,,
1/1/20,33.38798,,,
1/1/20,31.07573,,,
1/1/20,32.21164,,,
1/1/20,31.08144,,,
1/1/20,30.64252,,,
1/1/20,32.71899,,,
1/1/20,33.56708,,,
1/1/20,31.99811,,,
1/1/20,28.32217,,,
1/1/20,22.25994,,,
1/1/20,19.49789,,,
1/1/20,18.0876,,,
1/1/20,15.39989,,,
1/1/20,13.27958,,,
1/1/20,16.565,,,
1/1/20,25.54745,,,
1/1/20,33.90645,,,
1/1/20,38.09278,,,
1/1/20,37.92841,,,
1/1/20,37.58411,,,
1/1/20,37.29629,,,
1/1/20,34.93695,,,
1/1/20,31.48144,,,
1/1/20,30.2714,,,
2/1/20,28.77675,,,
2/1/20,29.45248,,,
2/1/20,27.27944,,,
2/1/20,29.04136,,,
2/1/20,29.22309,,,
2/1/20,35.12059,,,
2/1/20,41.20714,,,
2/1/20,41.08763,,,
2/1/20,37.55881,,,
2/1/20,30.48357,,,
2/1/20,28.8434,,,
2/1/20,26.45577,,,
2/1/20,25.94594,,,
2/1/20,26.4428,,,
2/1/20,28.80349,,,
2/1/20,34.55219,,,
2/1/20,42.55961,,,
2/1/20,65.67405,,,
2/1/20,48.0303,,,
2/1/20,44.94761,,,
2/1/20,41.51619,,,
2/1/20,40.51506,,,
2/1/20,37.22479,,,
2/1/20,34.57971,,,
3/1/20,30.45975,,,
3/1/20,29.74691,,,
3/1/20,29.21756,,,
3/1/20,29.33343,,,
3/1/20,29.99392,,,
3/1/20,32.04955,,,
3/1/20,39.71917,,,
3/1/20,37.80961,,,
3/1/20,30.55305,,,
3/1/20,29.02955,,,
3/1/20,27.46543,,,
3/1/20,23.07536,,,
3/1/20,21.21781,,,
3/1/20,21.43212,,,
3/1/20,25.8746,,,
3/1/20,29.99904,,,
3/1/20,39.3343,,,
3/1/20,50.89753,,,
3/1/20,42.51752,,,
3/1/20,39.26173,,,
3/1/20,37.75262,,,
3/1/20,36.05762,,,
3/1/20,33.25254,,,
3/1/20,31.18436,,,
4/1/20,33.2039,,,
4/1/20,31.4384,,,
4/1/20,31.4123,,,
4/1/20,31.44963,,,
4/1/20,31.43337,,,
4/1/20,33.01333,,,
4/1/20,36.89394,,,
4/1/20,32.65962,,,
4/1/20,28.57768,,,
4/1/20,23.52678,,,
4/1/20,19.75459,,,
4/1/20,16.49316,,,
4/1/20,16.14578,,,
4/1/20,15.5834,,,
4/1/20,20.398,,,
4/1/20,29.03721,,,
4/1/20,36.48077,,,
4/1/20,39.90758,,,
4/1/20,40.61282,,,
4/1/20,39.52261,,,
4/1/20,38.21421,,,
4/1/20,37.78439,,,
4/1/20,34.43366,,,
4/1/20,33.1303,,,
5/1/20,33.97598,,,
5/1/20,31.30944,,,
5/1/20,31.13625,,,
5/1/20,30.14572,,,
5/1/20,29.96827,,,
5/1/20,30.73778,,,
5/1/20,33.45242,,,
5/1/20,31.53046,,,
5/1/20,28.48175,,,
5/1/20,22.50157,,,
5/1/20,16.44944,,,
5/1/20,15.40182,,,
5/1/20,14.97924,,,
5/1/20,13.90071,,,
5/1/20,15.99097,,,
5/1/20,25.98118,,,
5/1/20,34.39796,,,
5/1/20,37.75426,,,
5/1/20,37.62572,,,
5/1/20,37.47114,,,
5/1/20,36.89853,,,
5/1/20,36.44641,,,
5/1/20,34.23976,,,
5/1/20,30.03862,,,
6/1/20,30.52787,,,
6/1/20,29.06328,,,
6/1/20,27.74013,,,
6/1/20,28.03711,,,
6/1/20,30.00559,,,
6/1/20,36.33673,,,
6/1/20,49.47392,,,
6/1/20,46.81992,,,
6/1/20,39.77796,,,
6/1/20,30.09709,,,
6/1/20,27.87015,,,
6/1/20,26.66244,,,
6/1/20,19.76595,,,
6/1/20,23.20739,,,
6/1/20,24.72849,,,
6/1/20,35.21995,,,
6/1/20,50.93939,,,
6/1/20,72.03399,,,
6/1/20,51.6187,,,
6/1/20,51.43524,,,
6/1/20,46.81855,,,
6/1/20,41.21184,,,
6/1/20,38.45223,,,
6/1/20,35.41272,,,
7/1/20,30.85151,,,
7/1/20,29.38163,,,
7/1/20,28.72279,,,
7/1/20,28.91604,,,
7/1/20,30.78871,,,
7/1/20,35.34522,,,
7/1/20,40.679,,,
7/1/20,40.2433,,,
7/1/20,33.5254,,,
7/1/20,26.22693,,,
7/1/20,19.53204,,,
7/1/20,19.74809,,,
7/1/20,19.07957,,,
7/1/20,21.85193,,,
7/1/20,24.74873,,,
7/1/20,31.73591,,,
7/1/20,36.36754,,,
7/1/20,41.99968,,,
7/1/20,43.48446,,,
7/1/20,40.79111,,,
7/1/20,39.13561,,,
7/1/20,36.44669,,,
7/1/20,34.0045,,,
7/1/20,30.72518,,,
8/1/20,30.41498,,,
8/1/20,28.78032,,,
8/1/20,28.02371,,,
8/1/20,28.11645,,,
8/1/20,29.9283,,,
8/1/20,35.06183,,,
8/1/20,38.50685,,,
8/1/20,38.35872,,,
8/1/20,32.48207,,,
8/1/20,28.8511,,,
8/1/20,19.76526,,,
8/1/20,19.65502,,,
8/1/20,18.01895,,,
8/1/20,20.62261,,,
8/1/20,25.17531,,,
8/1/20,31.62535,,,
8/1/20,37.07843,,,
8/1/20,41.05968,,,
8/1/20,42.63439,,,
8/1/20,40.72252,,,
8/1/20,38.51778,,,
8/1/20,37.23525,,,
8/1/20,34.4991,,,
8/1/20,30.76122,,,
9/1/20,30.93939,,,
9/1/20,29.69709,,,
9/1/20,29.22673,,,
9/1/20,29.39329,,,
9/1/20,31.64999,,,
9/1/20,36.44836,,,
9/1/20,42.37816,,,
9/1/20,41.35352,,,
9/1/20,36.40906,,,
9/1/20,32.85149,,,
9/1/20,26.76465,,,
9/1/20,24.05206,,,
9/1/20,22.7801,,,
9/1/20,21.84011,,,
9/1/20,25.09077,,,
9/1/20,31.58616,,,
9/1/20,38.63517,,,
9/1/20,44.52746,,,
9/1/20,43.27492,,,
9/1/20,43.81159,,,
9/1/20,43.38939,,,
9/1/20,40.54786,,,
9/1/20,37.20832,,,
9/1/20,34.92217,,,
10/1/20,32.99383,,,
10/1/20,31.15326,,,
10/1/20,31.18751,,,
10/1/20,31.54442,,,
10/1/20,36.19358,,,
10/1/20,39.51359,,,
10/1/20,52.76614,,,
10/1/20,47.74415,,,
10/1/20,36.49589,,,
10/1/20,32.6678,,,
10/1/20,28.43991,,,
10/1/20,28.12093,,,
10/1/20,26.58965,,,
10/1/20,24.06284,,,
10/1/20,24.77357,,,
10/1/20,33.29817,,,
10/1/20,38.25906,,,
10/1/20,49.59209,,,
10/1/20,50.51744,,,
10/1/20,42.91846,,,
10/1/20,41.20236,,,
10/1/20,39.16057,,,
10/1/20,38.81141,,,
10/1/20,36.46559,,,
11/1/20,35.30844,,,
11/1/20,32.15553,,,
11/1/20,30.58759,,,
11/1/20,30.63749,,,
11/1/20,31.8357,,,
11/1/20,35.67471,,,
11/1/20,37.46082,,,
11/1/20,37.14489,,,
11/1/20,32.38439,,,
11/1/20,23.65503,,,
11/1/20,17.29685,,,
11/1/20,16.24781,,,
11/1/20,11.87334,,,
11/1/20,9.850757475,,,
11/1/20,17.03464,,,
11/1/20,27.54236,,,
11/1/20,35.421,,,
11/1/20,37.41834,,,
11/1/20,41.90296,,,
11/1/20,39.76686,,,
11/1/20,39.47929,,,
11/1/20,38.17928,,,
11/1/20,37.60098,,,
11/1/20,34.80303,,,
12/1/20,33.6197,,,
12/1/20,34.04872,,,
12/1/20,34.33768,,,
12/1/20,34.27711,,,
12/1/20,34.58788,,,
12/1/20,35.03185,,,
12/1/20,36.37987,,,
12/1/20,34.66019,,,
12/1/20,28.81409,,,
12/1/20,20.14047,,,
12/1/20,16.41133,,,
12/1/20,10.00067479,,,
12/1/20,9.762199162,,,
12/1/20,10.31931894,,,
12/1/20,13.69058,,,
12/1/20,29.35691,,,
12/1/20,36.34128,,,
12/1/20,41.54668,,,
12/1/20,46.73835,,,
12/1/20,38.25249,,,
12/1/20,37.20148,,,
12/1/20,35.90503,,,
12/1/20,34.78187,,,
12/1/20,34.43642,,,
13/1/20,29.10966,,,
13/1/20,28.43159,,,
13/1/20,27.82824,,,
13/1/20,28.45229,,,
13/1/20,30.39081,,,
13/1/20,36.21018,,,
13/1/20,47.29524,,,
13/1/20,44.16363,,,
13/1/20,35.15998,,,
13/1/20,28.5978,,,
13/1/20,27.90802,,,
13/1/20,27.37002,,,
13/1/20,25.66784,,,
13/1/20,23.33829,,,
13/1/20,28.19936,,,
13/1/20,33.58068,,,
13/1/20,41.27815,,,
13/1/20,56.79873,,,
13/1/20,55.27483,,,
13/1/20,53.80301,,,
13/1/20,50.90319,,,
13/1/20,44.89247,,,
13/1/20,36.07884,,,
13/1/20,34.21662,,,
14/1/20,29.61558,,,
14/1/20,27.77105,,,
14/1/20,26.82509,,,
14/1/20,27.31686,,,
14/1/20,29.64918,,,
14/1/20,34.16604,,,
14/1/20,48.15245,,,
14/1/20,44.7885,,,
14/1/20,35.04892,,,
14/1/20,27.8726,,,
14/1/20,22.89742,,,
14/1/20,20.54719,,,
14/1/20,19.36553,,,
14/1/20,19.81388,,,
14/1/20,32.97361,,,
14/1/20,38.19021,,,
14/1/20,43.41104,,,
14/1/20,65.83011,,,
14/1/20,60.34492,,,
14/1/20,57.6951,,,
14/1/20,53.88848,,,
14/1/20,47.33359,,,
14/1/20,42.78425,,,
14/1/20,42.16839,,,
15/1/20,38.98807,,,
15/1/20,38.42533,,,
15/1/20,38.3948,,,
15/1/20,39.36948,,,
15/1/20,42.47897,,,
15/1/20,49.61896,,,
15/1/20,66.33725,,,
15/1/20,67.68665,,,
15/1/20,46.70395,,,
15/1/20,38.20021,,,
15/1/20,34.52132,,,
15/1/20,30.72126,,,
15/1/20,32.63976,,,
15/1/20,32.37775,,,
15/1/20,35.79966,,,
15/1/20,45.1154,,,
15/1/20,55.89366,,,
15/1/20,72.80564,,,
15/1/20,67.21746,,,
15/1/20,66.42012,,,
15/1/20,57.66358,,,
15/1/20,53.41528,,,
15/1/20,46.75168,,,
15/1/20,45.70453,,,
16/1/20,38.90135,,,
16/1/20,37.26137,,,
16/1/20,36.73179,,,
16/1/20,36.97715,,,
16/1/20,40.19091,,,
16/1/20,45.37551,,,
16/1/20,57.10858,,,
16/1/20,56.00481,,,
16/1/20,44.59455,,,
16/1/20,40.64867,,,
16/1/20,37.38752,,,
16/1/20,35.47756,,,
16/1/20,34.4649,,,
16/1/20,34.23195,,,
16/1/20,35.78623,,,
16/1/20,39.86151,,,
16/1/20,49.34837,,,
16/1/20,58.2972,,,
16/1/20,58.37257,,,
16/1/20,54.38028,,,
16/1/20,50.25287,,,
16/1/20,47.41895,,,
16/1/20,42.25254,,,
16/1/20,40.44009,,,
17/1/20,37.42023,,,
17/1/20,36.1079,,,
17/1/20,34.70738,,,
17/1/20,36.04355,,,
17/1/20,37.35046,,,
17/1/20,44.26479,,,
17/1/20,58.94534,,,
17/1/20,52.18583,,,
17/1/20,41.26599,,,
17/1/20,34.27218,,,
17/1/20,30.79371,,,
17/1/20,27.19271,,,
17/1/20,26.29804,,,
17/1/20,26.47248,,,
17/1/20,30.10919,,,
17/1/20,36.83652,,,
17/1/20,50.46861,,,
17/1/20,60.89245,,,
17/1/20,61.02219,,,
17/1/20,55.82695,,,
17/1/20,49.63085,,,
17/1/20,50.04132,,,
17/1/20,43.79786,,,
17/1/20,42.46658,,,
18/1/20,40.89641,,,
18/1/20,40.34407,,,
18/1/20,38.36074,,,
18/1/20,37.2275,,,
18/1/20,38.314,,,
18/1/20,42.02959,,,
18/1/20,41.14719,,,
18/1/20,40.74825,,,
18/1/20,39.40499,,,
18/1/20,33.24809,,,
18/1/20,31.25847,,,
18/1/20,26.97828,,,
18/1/20,26.33701,,,
18/1/20,25.32594,,,
18/1/20,29.09598,,,
18/1/20,37.4776,,,
18/1/20,44.01986,,,
18/1/20,52.44519,,,
18/1/20,52.20099,,,
18/1/20,47.04133,,,
18/1/20,46.32906,,,
18/1/20,44.40681,,,
18/1/20,43.74846,,,
18/1/20,41.93515,,,
19/1/20,39.55082,,,
19/1/20,37.35438,,,
19/1/20,37.36483,,,
19/1/20,37.03722,,,
19/1/20,38.88802,,,
19/1/20,40.8386,,,
19/1/20,41.03286,,,
19/1/20,38.97273,,,
19/1/20,37.2422,,,
19/1/20,31.76099,,,
19/1/20,26.55482,,,
19/1/20,25.25874,,,
19/1/20,26.19751,,,
19/1/20,27.81279,,,
19/1/20,32.28807,,,
19/1/20,38.28648,,,
19/1/20,44.24818,,,
19/1/20,48.74451,,,
19/1/20,50.07787,,,
19/1/20,46.81502,,,
19/1/20,44.77055,,,
19/1/20,45.66997,,,
19/1/20,43.95406,,,
19/1/20,41.28722,,,
20/1/20,39.17285,,,
20/1/20,36.52167,,,
20/1/20,36.20608,,,
20/1/20,36.42185,,,
20/1/20,37.71945,,,
20/1/20,41.94794,,,
20/1/20,44.91836,,,
20/1/20,45.77473,,,
20/1/20,45.27179,,,
20/1/20,42.55031,,,
20/1/20,40.67509,,,
20/1/20,39.89113,,,
20/1/20,38.59404,,,
20/1/20,37.9571,,,
20/1/20,39.62302,,,
20/1/20,40.7486,,,
20/1/20,50.21878,,,
20/1/20,55.82185,,,
20/1/20,55.4603,,,
20/1/20,52.56173,,,
20/1/20,47.41129,,,
20/1/20,43.73546,,,
20/1/20,42.34474,,,
20/1/20,40.72668,,,
21/1/20,37.87037,,,
21/1/20,36.56211,,,
21/1/20,36.03722,,,
21/1/20,35.91176,,,
21/1/20,36.34736,,,
21/1/20,39.7,,,
21/1/20,47.81619,,,
21/1/20,45.37164,,,
21/1/20,43.96236,,,
21/1/20,39.61768,,,
21/1/20,35.68817,,,
21/1/20,32.18436,,,
21/1/20,31.27532,,,
21/1/20,30.80244,,,
21/1/20,33.23464,,,
21/1/20,37.44533,,,
21/1/20,42.7827,,,
21/1/20,51.84514,,,
21/1/20,53.62025,,,
21/1/20,47.59366,,,
21/1/20,43.82583,,,
21/1/20,42.14725,,,
21/1/20,39.72431,,,
21/1/20,36.33354,,,
22/1/20,32.2637,,,
22/1/20,31.84315,,,
22/1/20,31.31343,,,
22/1/20,31.56466,,,
22/1/20,33.06219,,,
22/1/20,34.94459,,,
22/1/20,45.81821,,,
22/1/20,45.31579,,,
22/1/20,38.1454,,,
22/1/20,34.73314,,,
22/1/20,31.48504,,,
22/1/20,28.62021,,,
22/1/20,27.55827,,,
22/1/20,25.63109,,,
22/1/20,29.17379,,,
22/1/20,34.72852,,,
22/1/20,42.07607,,,
22/1/20,61.02,,,
22/1/20,57.80972,,,
22/1/20,52.4417,,,
22/1/20,47.39856,,,
22/1/20,44.94004,,,
22/1/20,39.5101,,,
22/1/20,38.65724,,,
23/1/20,36.93682,,,
23/1/20,34.79162,,,
23/1/20,33.50573,,,
23/1/20,34.18254,,,
23/1/20,36.28647,,,
23/1/20,39.67866,,,
23/1/20,45.8962,,,
23/1/20,47.907,,,
23/1/20,37.9052,,,
23/1/20,34.96858,,,
23/1/20,31.8624,,,
23/1/20,29.9209,,,
23/1/20,29.30992,,,
23/1/20,28.8823,,,
23/1/20,31.33928,,,
23/1/20,34.572,,,
23/1/20,40.68015,,,
23/1/20,53.29769,,,
23/1/20,51.743,,,
23/1/20,47.04047,,,
23/1/20,44.83916,,,
23/1/20,43.59592,,,
23/1/20,39.69825,,,
23/1/20,37.68452,,,
24/1/20,35.55235,,,
24/1/20,35.14758,,,
24/1/20,33.49061,,,
24/1/20,33.62106,,,
24/1/20,34.63714,,,
24/1/20,36.81816,,,
24/1/20,46.13998,,,
24/1/20,43.61137,,,
24/1/20,36.32878,,,
24/1/20,30.16924,,,
24/1/20,27.59463,,,
24/1/20,25.64301,,,
24/1/20,24.9675,,,
24/1/20,23.76611,,,
24/1/20,25.01772,,,
24/1/20,30.07759,,,
24/1/20,39.39082,,,
24/1/20,47.05176,,,
24/1/20,46.06875,,,
24/1/20,43.04753,,,
24/1/20,41.26509,,,
24/1/20,40.37834,,,
24/1/20,39.26264,,,
24/1/20,36.97,,,
25/1/20,32.44746,,,
25/1/20,34.57922,,,
25/1/20,32.5334,,,
25/1/20,33.47725,,,
25/1/20,33.53187,,,
25/1/20,36.44014,,,
25/1/20,40.94301,,,
25/1/20,39.99552,,,
25/1/20,35.34491,,,
25/1/20,29.85184,,,
25/1/20,26.04487,,,
25/1/20,22.06533,,,
25/1/20,23.35952,,,
25/1/20,20.09017,,,
25/1/20,23.71573,,,
25/1/20,30.92841,,,
25/1/20,39.71654,,,
25/1/20,49.47439,,,
25/1/20,47.53961,,,
25/1/20,43.95737,,,
25/1/20,41.70321,,,
25/1/20,39.10981,,,
25/1/20,36.64558,,,
25/1/20,35.97175,,,
26/1/20,33.66,,,
26/1/20,34.28134,,,
26/1/20,34.73253,,,
26/1/20,34.78674,,,
26/1/20,34.14383,,,
26/1/20,36.14406,,,
26/1/20,37.44,,,
26/1/20,34.97371,,,
26/1/20,29.28797,,,
26/1/20,23.02124,,,
26/1/20,22.15,,,
26/1/20,16.89832,,,
26/1/20,19,,,
26/1/20,16.72095,,,
26/1/20,17.54198,,,
26/1/20,24.32421,,,
26/1/20,35.30194,,,
26/1/20,43.28774,,,
26/1/20,42.47037,,,
26/1/20,41.30782,,,
26/1/20,38.96203,,,
26/1/20,36.82559,,,
26/1/20,35.19127,,,
26/1/20,32.14962,,,
27/1/20,29.21798,,,
27/1/20,28.65719,,,
27/1/20,28.65719,,,
27/1/20,29.30273,,,
27/1/20,30.56804,,,
27/1/20,36.05076,,,
27/1/20,47.64432,,,
27/1/20,46.37274,,,
27/1/20,34.51944,,,
27/1/20,27.0315,,,
27/1/20,26.91476,,,
27/1/20,24.50234,,,
27/1/20,24.76082,,,
27/1/20,23.84501,,,
27/1/20,24.74042,,,
27/1/20,33.14473,,,
27/1/20,40.00706,,,
27/1/20,55.12305,,,
27/1/20,53.50814,,,
27/1/20,45.52026,,,
27/1/20,42.25623,,,
27/1/20,40.14762,,,
27/1/20,37.92671,,,
27/1/20,36.02779,,,
28/1/20,32.01844,,,
28/1/20,31.5587,,,
28/1/20,30.16923,,,
28/1/20,30.89101,,,
28/1/20,31.55828,,,
28/1/20,41.25385,,,
28/1/20,52.09918,,,
28/1/20,45.36063,,,
28/1/20,37.1458,,,
28/1/20,35.76471,,,
28/1/20,30.20854,,,
28/1/20,26.16951,,,
28/1/20,26.94396,,,
28/1/20,24.28227,,,
28/1/20,25.22813,,,
28/1/20,32.17557,,,
28/1/20,38.95724,,,
28/1/20,47.42537,,,
28/1/20,46.60009,,,
28/1/20,46.02919,,,
28/1/20,43.87896,,,
28/1/20,40.15157,,,
28/1/20,36.66427,,,
28/1/20,32.60378,,,
29/1/20,28.26208,,,
29/1/20,28.2572,,,
29/1/20,27.72298,,,
29/1/20,28.1631,,,
29/1/20,29.44951,,,
29/1/20,37.19913,,,
29/1/20,48.6905,,,
29/1/20,43.60995,,,
29/1/20,36.14372,,,
29/1/20,32.10552,,,
29/1/20,28.00344,,,
29/1/20,27.38266,,,
29/1/20,24.75811,,,
29/1/20,23.11577,,,
29/1/20,25.05227,,,
29/1/20,32.01952,,,
29/1/20,39.56785,,,
29/1/20,49.58059,,,
29/1/20,49.60945,,,
29/1/20,49.42097,,,
29/1/20,45.38757,,,
29/1/20,40.3937,,,
29/1/20,38.37817,,,
29/1/20,34.7314,,,
30/1/20,34.63804,,,
30/1/20,33.68762,,,
30/1/20,33.20488,,,
30/1/20,33.23744,,,
30/1/20,36.30022,,,
30/1/20,40.64177,,,
30/1/20,51.60538,,,
30/1/20,47.7025,,,
30/1/20,37.115,,,
30/1/20,31.81028,,,
30/1/20,28.72121,,,
30/1/20,26.89044,,,
30/1/20,25.42422,,,
30/1/20,25.53269,,,
30/1/20,29.01421,,,
30/1/20,33.57907,,,
30/1/20,40.7009,,,
30/1/20,51.71173,,,
30/1/20,51.96004,,,
30/1/20,48.35999,,,
30/1/20,43.00807,,,
30/1/20,41.303,,,
30/1/20,38.0644,,,
30/1/20,36.45268,,,
31/1/20,35.37716,,,
31/1/20,33.41954,,,
31/1/20,33.03111,,,
31/1/20,32.53753,,,
31/1/20,33.51956,,,
31/1/20,38.36404,,,
31/1/20,47.45391,,,
31/1/20,45.28441,,,
31/1/20,36.29365,,,
31/1/20,30.52051,,,
31/1/20,26.99451,,,
31/1/20,25.17916,,,
31/1/20,23.93154,,,
31/1/20,22.85247,,,
31/1/20,25.94225,,,
31/1/20,32.95271,,,
31/1/20,39.4938,,,
31/1/20,49.0873,,,
31/1/20,49.61369,,,
31/1/20,47.57285,,,
31/1/20,42.77596,,,
31/1/20,41.43057,,,
31/1/20,36.80597,,,
31/1/20,35.86263,,,
1/2/20,35.61487,,,
1/2/20,34.58625,,,
1/2/20,32.68,,,
1/2/20,32.11,,,
1/2/20,31.58588,,,
1/2/20,35.62351,,,
1/2/20,42.93292,,,
1/2/20,37.05134,,,
1/2/20,28.28022,,,
1/2/20,23.35812,,,
1/2/20,21.98094,,,
1/2/20,18.20379,,,
1/2/20,18.8488,,,
1/2/20,18.84613,,,
1/2/20,20.96003,,,
1/2/20,27.03209,,,
1/2/20,37.49166,,,
1/2/20,49.9091,,,
1/2/20,53.05626,,,
1/2/20,48.38012,,,
1/2/20,45.65901,,,
1/2/20,44.24314,,,
1/2/20,39.87537,,,
1/2/20,35.86769,,,
2/2/20,38.48976,,,
2/2/20,35.88474,,,
2/2/20,35.39073,,,
2/2/20,34.74266,,,
2/2/20,35.61959,,,
2/2/20,37.49106,,,
2/2/20,40.61366,,,
2/2/20,35.57312,,,
2/2/20,29.11097,,,
2/2/20,21.84205,,,
2/2/20,16.85826,,,
2/2/20,11.83329,,,
2/2/20,10.41597739,,,
2/2/20,11.48315908,,,
2/2/20,11.06374427,,,
2/2/20,18.4377,,,
2/2/20,27.89428,,,
2/2/20,38.21728,,,
2/2/20,42.04988,,,
2/2/20,41.68472,,,
2/2/20,41.8842,,,
2/2/20,38.90833,,,
2/2/20,36.823,,,
2/2/20,34.51519,,,
3/2/20,35.95804,,,
3/2/20,32.96411,,,
3/2/20,31.93724,,,
3/2/20,32.42136,,,
3/2/20,33.82497,,,
3/2/20,39.1286,,,
3/2/20,48.11663,,,
3/2/20,45.71483,,,
3/2/20,37.4017,,,
3/2/20,29.85473,,,
3/2/20,28.27021,,,
3/2/20,25.5653,,,
3/2/20,25.65458,,,
3/2/20,21.86784,,,
3/2/20,22.27975,,,
3/2/20,30.86114,,,
3/2/20,37.89394,,,
3/2/20,49.70946,,,
3/2/20,51.99123,,,
3/2/20,51.72279,,,
3/2/20,48.26432,,,
3/2/20,45.03542,,,
3/2/20,40.95152,,,
3/2/20,37.44249,,,
4/2/20,37.39555,,,
4/2/20,35.33682,,,
4/2/20,34.81865,,,
4/2/20,36.25382,,,
4/2/20,39.12731,,,
4/2/20,49.72096,,,
4/2/20,59.6068,,,
4/2/20,51.69448,,,
4/2/20,37.46395,,,
4/2/20,26.72915,,,
4/2/20,22.91944,,,
4/2/20,21.90834,,,
4/2/20,20.52569,,,
4/2/20,20.87919,,,
4/2/20,20.10992,,,
4/2/20,29.67036,,,
4/2/20,40.71327,,,
4/2/20,54.09567,,,
4/2/20,56.64121,,,
4/2/20,57.7752,,,
4/2/20,52.64885,,,
4/2/20,51.12682,,,
4/2/20,44.31167,,,
4/2/20,46.0124,,,
5/2/20,37.80622,,,
5/2/20,37.42659,,,
5/2/20,37.18997,,,
5/2/20,37.04098,,,
5/2/20,37.35476,,,
5/2/20,47.83227,,,
5/2/20,57.96969,,,
5/2/20,51.46658,,,
5/2/20,40.81162,,,
5/2/20,35.46843,,,
5/2/20,30.62855,,,
5/2/20,26.94206,,,
5/2/20,26.23925,,,
5/2/20,24.14641,,,
5/2/20,25.87207,,,
5/2/20,33.72807,,,
5/2/20,38.68185,,,
5/2/20,49.03511,,,
5/2/20,50.82922,,,
5/2/20,46.93165,,,
5/2/20,45.86032,,,
5/2/20,43.79418,,,
5/2/20,41.85448,,,
5/2/20,38.08692,,,
6/2/20,35.91043,,,
6/2/20,34.23537,,,
6/2/20,33.37545,,,
6/2/20,33.42714,,,
6/2/20,35.22331,,,
6/2/20,44.04708,,,
6/2/20,51.52887,,,
6/2/20,45.90382,,,
6/2/20,36.97082,,,
6/2/20,29.62402,,,
6/2/20,28.84939,,,
6/2/20,24.69192,,,
6/2/20,23.87292,,,
6/2/20,22.7298,,,
6/2/20,23.09382,,,
6/2/20,27.2364,,,
6/2/20,37.22025,,,
6/2/20,44.31303,,,
6/2/20,47.64522,,,
6/2/20,45.41817,,,
6/2/20,42.1684,,,
6/2/20,40.71765,,,
6/2/20,36.2216,,,
6/2/20,35.65183,,,
7/2/20,34.56003,,,
7/2/20,32.85335,,,
7/2/20,31.61547,,,
7/2/20,30.30096,,,
7/2/20,31.849,,,
7/2/20,36.83336,,,
7/2/20,48.96451,,,
7/2/20,42.97648,,,
7/2/20,34.77942,,,
7/2/20,29.90647,,,
7/2/20,26.99382,,,
7/2/20,25.76032,,,
7/2/20,24.43906,,,
7/2/20,22.68084,,,
7/2/20,23.5788,,,
7/2/20,29.85855,,,
7/2/20,36.10511,,,
7/2/20,43.90744,,,
7/2/20,47.89769,,,
7/2/20,45.04877,,,
7/2/20,41.29726,,,
7/2/20,40.45694,,,
7/2/20,37.11466,,,
7/2/20,35.75656,,,
8/2/20,34.78222,,,
8/2/20,33.73122,,,
8/2/20,31.98187,,,
8/2/20,31.9148,,,
8/2/20,32.15868,,,
8/2/20,36.478,,,
8/2/20,44.64741,,,
8/2/20,37.06919,,,
8/2/20,27.7241,,,
8/2/20,22.33074,,,
8/2/20,18.31075,,,
8/2/20,14.01527,,,
8/2/20,12.82667,,,
8/2/20,9.521924531,,,
8/2/20,13.85302,,,
8/2/20,20.51221,,,
8/2/20,31.74863,,,
8/2/20,41.28279,,,
8/2/20,47.04958,,,
8/2/20,45.65822,,,
8/2/20,42.63878,,,
8/2/20,39.32549,,,
8/2/20,35.79718,,,
8/2/20,31.77501,,,
9/2/20,31.34774,,,
9/2/20,30.48017,,,
9/2/20,31.54211,,,
9/2/20,33.60966,,,
9/2/20,34.70541,,,
9/2/20,35.60252,,,
9/2/20,35.79891,,,
9/2/20,33.42318,,,
9/2/20,22.17919,,,
9/2/20,18.96623,,,
9/2/20,14.72978,,,
9/2/20,12.19577,,,
9/2/20,11.15187,,,
9/2/20,11.09436,,,
9/2/20,12.51037,,,
9/2/20,20.41337,,,
9/2/20,31.25279,,,
9/2/20,44.40701,,,
9/2/20,47.68803,,,
9/2/20,44.4442,,,
9/2/20,43.15344,,,
9/2/20,41.69177,,,
9/2/20,39.73218,,,
9/2/20,35.01662,,,
10/2/20,33.90503,,,
10/2/20,33.53581,,,
10/2/20,31.86133,,,
10/2/20,33.46968,,,
10/2/20,35.47413,,,
10/2/20,40.76964,,,
10/2/20,51.06873,,,
10/2/20,49.4601,,,
10/2/20,41.52741,,,
10/2/20,35.87043,,,
10/2/20,32.95966,,,
10/2/20,27.54088,,,
10/2/20,25.91587,,,
10/2/20,23.73339,,,
10/2/20,24.01707,,,
10/2/20,30.99414,,,
10/2/20,38.79944,,,
10/2/20,50.14139,,,
10/2/20,56.48588,,,
10/2/20,51.60049,,,
10/2/20,47.78875,,,
10/2/20,43.8107,,,
10/2/20,39.67692,,,
10/2/20,35.6564,,,
11/2/20,32.92275,,,
11/2/20,33.16756,,,
11/2/20,32.3303,,,
11/2/20,32.87334,,,
11/2/20,33.52452,,,
11/2/20,42.09214,,,
11/2/20,49.44736,,,
11/2/20,42.82641,,,
11/2/20,34.49041,,,
11/2/20,29.09517,,,
11/2/20,23.55412,,,
11/2/20,21.3867,,,
11/2/20,20.72212,,,
11/2/20,21.89477,,,
11/2/20,23.6094,,,
11/2/20,31.96365,,,
11/2/20,38.9871,,,
11/2/20,47.71451,,,
11/2/20,55.899,,,
11/2/20,48.90274,,,
11/2/20,47.40609,,,
11/2/20,44.50173,,,
11/2/20,39.34468,,,
11/2/20,37.00468,,,
12/2/20,34.38469,,,
12/2/20,33.87258,,,
12/2/20,32.80095,,,
12/2/20,32.63635,,,
12/2/20,33.99245,,,
12/2/20,39.72925,,,
12/2/20,49.59545,,,
12/2/20,43.453,,,
12/2/20,34.30152,,,
12/2/20,31.67226,,,
12/2/20,25.86508,,,
12/2/20,23.69639,,,
12/2/20,22.62189,,,
12/2/20,23.52774,,,
12/2/20,25.38892,,,
12/2/20,31.87147,,,
12/2/20,38.10189,,,
12/2/20,47.96368,,,
12/2/20,56.3661,,,
12/2/20,50.40336,,,
12/2/20,48.4364,,,
12/2/20,44.35909,,,
12/2/20,38.90909,,,
12/2/20,38.17394,,,
13/2/20,35.64204,,,
13/2/20,34.37763,,,
13/2/20,34.15468,,,
13/2/20,34.04616,,,
13/2/20,34.83081,,,
13/2/20,41.87985,,,
13/2/20,52.60499,,,
13/2/20,41.91121,,,
13/2/20,36.30719,,,
13/2/20,31.57397,,,
13/2/20,27.65459,,,
13/2/20,26.02145,,,
13/2/20,25.06507,,,
13/2/20,25.41022,,,
13/2/20,26.36887,,,
13/2/20,30.50648,,,
13/2/20,36.76475,,,
13/2/20,47.14563,,,
13/2/20,50.07923,,,
13/2/20,46.97224,,,
13/2/20,43.52232,,,
13/2/20,39.04425,,,
13/2/20,37.89128,,,
13/2/20,37.5076,,,
14/2/20,34.22946,,,
14/2/20,33.84182,,,
14/2/20,32.45479,,,
14/2/20,32.6301,,,
14/2/20,34.07749,,,
14/2/20,41.29321,,,
14/2/20,51.68532,,,
14/2/20,43.423,,,
14/2/20,34.03596,,,
14/2/20,29.696,,,
14/2/20,25.37459,,,
14/2/20,24.22507,,,
14/2/20,22.93804,,,
14/2/20,22.97201,,,
14/2/20,23.90739,,,
14/2/20,26.34592,,,
14/2/20,35.79864,,,
14/2/20,45.83445,,,
14/2/20,48.53221,,,
14/2/20,44.63308,,,
14/2/20,42.93042,,,
14/2/20,40.43647,,,
14/2/20,37.14174,,,
14/2/20,34.96689,,,
15/2/20,41.88985,,,
15/2/20,36.71918,,,
15/2/20,35.53106,,,
15/2/20,35.54812,,,
15/2/20,36.33356,,,
15/2/20,41.86584,,,
15/2/20,48.45758,,,
15/2/20,42.23942,,,
15/2/20,33.7314,,,
15/2/20,31.05383,,,
15/2/20,24.27977,,,
15/2/20,23.02753,,,
15/2/20,20.35645,,,
15/2/20,19.65891,,,
15/2/20,24.33138,,,
15/2/20,29.22313,,,
15/2/20,36.97591,,,
15/2/20,48.42391,,,
15/2/20,53.02145,,,
15/2/20,45.97475,,,
15/2/20,44.52749,,,
15/2/20,42.01906,,,
15/2/20,38.76089,,,
15/2/20,36.53889,,,
16/2/20,34.05611,,,
16/2/20,32.55237,,,
16/2/20,31.04559,,,
16/2/20,30.58515,,,
16/2/20,32.01163,,,
16/2/20,36.04111,,,
16/2/20,41.8049,,,
16/2/20,32.64365,,,
16/2/20,22.19678,,,
16/2/20,23.57442,,,
16/2/20,20.04512,,,
16/2/20,16.03619,,,
16/2/20,11.46624,,,
16/2/20,11.67287,,,
16/2/20,15.33264,,,
16/2/20,22.21829,,,
16/2/20,32.56248,,,
16/2/20,46.80591,,,
16/2/20,50.76258,,,
16/2/20,45.60308,,,
16/2/20,44.42927,,,
16/2/20,40.64984,,,
16/2/20,37.06442,,,
16/2/20,34.99104,,,
17/2/20,32.81923,,,
17/2/20,32.30806,,,
17/2/20,31.69592,,,
17/2/20,32.38613,,,
17/2/20,33.71908,,,
17/2/20,35.59037,,,
17/2/20,52.12262,,,
17/2/20,44.17786,,,
17/2/20,35.67941,,,
17/2/20,30.64916,,,
17/2/20,26.65463,,,
17/2/20,24.39937,,,
17/2/20,24.25555,,,
17/2/20,24.2457,,,
17/2/20,26.80479,,,
17/2/20,34.1294,,,
17/2/20,40.05117,,,
17/2/20,55.32419,,,
17/2/20,51.41804,,,
17/2/20,47.04811,,,
17/2/20,44.90015,,,
17/2/20,40.93793,,,
17/2/20,40.04374,,,
17/2/20,37.55276,,,
18/2/20,35.74542,,,
18/2/20,34.4007,,,
18/2/20,33.77227,,,
18/2/20,33.59137,,,
18/2/20,35.00305,,,
18/2/20,38.21193,,,
18/2/20,51.35859,,,
18/2/20,45.18742,,,
18/2/20,35.89389,,,
18/2/20,33.13126,,,
18/2/20,31.22066,,,
18/2/20,27.00478,,,
18/2/20,27.49765,,,
18/2/20,27.77178,,,
18/2/20,29.34902,,,
18/2/20,33.41332,,,
18/2/20,39.65336,,,
18/2/20,53.13069,,,
18/2/20,53.53397,,,
18/2/20,49.24,,,
18/2/20,46.10439,,,
18/2/20,42.74141,,,
18/2/20,39.69355,,,
18/2/20,38.49873,,,
19/2/20,35.67565,,,
19/2/20,34.17704,,,
19/2/20,33.65987,,,
19/2/20,33.05393,,,
19/2/20,34.44742,,,
19/2/20,40.84777,,,
19/2/20,51.98004,,,
19/2/20,45.1181,,,
19/2/20,36.01978,,,
19/2/20,30.37534,,,
19/2/20,26.42056,,,
19/2/20,23.87934,,,
19/2/20,22.72448,,,
19/2/20,23.03031,,,
19/2/20,25.7791,,,
19/2/20,31.12104,,,
19/2/20,38.99355,,,
19/2/20,48.38977,,,
19/2/20,53.44177,,,
19/2/20,50.2369,,,
19/2/20,46.64403,,,
19/2/20,44.83539,,,
19/2/20,40.41626,,,
19/2/20,37.78472,,,
20/2/20,36.58712,,,
20/2/20,34.75686,,,
20/2/20,34.2143,,,
20/2/20,33.92352,,,
20/2/20,34.75978,,,
20/2/20,42.55675,,,
20/2/20,50.02209,,,
20/2/20,43.95836,,,
20/2/20,34.96655,,,
20/2/20,26.86651,,,
20/2/20,24.5713,,,
20/2/20,21.98062,,,
20/2/20,23.34544,,,
20/2/20,25.1034,,,
20/2/20,27.36588,,,
20/2/20,31.16132,,,
20/2/20,39.99301,,,
20/2/20,50.08375,,,
20/2/20,53.42133,,,
20/2/20,49.356,,,
20/2/20,46.48015,,,
20/2/20,44.58804,,,
20/2/20,40.1948,,,
20/2/20,39.0151,,,
21/2/20,34.29375,,,
21/2/20,33.90614,,,
21/2/20,33.4263,,,
21/2/20,32.84361,,,
21/2/20,34.49493,,,
21/2/20,41.06761,,,
21/2/20,49.1456,,,
21/2/20,43.69627,,,
21/2/20,36.33594,,,
21/2/20,31.33588,,,
21/2/20,28.25557,,,
21/2/20,24.83741,,,
21/2/20,25.09225,,,
21/2/20,25.49263,,,
21/2/20,29.8361,,,
21/2/20,36.00402,,,
21/2/20,41.09272,,,
21/2/20,47.77722,,,
21/2/20,50.02702,,,
21/2/20,46.84504,,,
21/2/20,44.90951,,,
21/2/20,42.94089,,,
21/2/20,38.88035,,,
21/2/20,37.64875,,,
22/2/20,35.2354,,,
22/2/20,34.27596,,,
22/2/20,32.95899,,,
22/2/20,32.82652,,,
22/2/20,32.84072,,,
22/2/20,34.09671,,,
22/2/20,38.99903,,,
22/2/20,37.76622,,,
22/2/20,37.27784,,,
22/2/20,33.08898,,,
22/2/20,29.79596,,,
22/2/20,27.5673,,,
22/2/20,23.71136,,,
22/2/20,21.19306,,,
22/2/20,22.24654,,,
22/2/20,28.29506,,,
22/2/20,33.0508,,,
22/2/20,40.57215,,,
22/2/20,45.00448,,,
22/2/20,40.6935,,,
22/2/20,40.07482,,,
22/2/20,38.93962,,,
22/2/20,34.18402,,,
22/2/20,33.09863,,,
23/2/20,33.22,,,
23/2/20,30.97,,,
23/2/20,30.74,,,
23/2/20,30.47,,,
23/2/20,32.15,,,
23/2/20,36.16171,,,
23/2/20,36.1235,,,
23/2/20,30.02488,,,
23/2/20,24.12114,,,
23/2/20,10.61486998,,,
23/2/20,10.55078038,,,
23/2/20,8.753550122,,,
23/2/20,9.649124602,,,
23/2/20,11.19002689,,,
23/2/20,10.56773085,,,
23/2/20,10.37222778,,,
23/2/20,26.43168,,,
23/2/20,38.91267,,,
23/2/20,48.63762,,,
23/2/20,42.71742,,,
23/2/20,40.28062,,,
23/2/20,38.71474,,,
23/2/20,35.78377,,,
23/2/20,31,,,
24/2/20,32.22588,,,
24/2/20,30.46437,,,
24/2/20,30.10086,,,
24/2/20,29.61481,,,
24/2/20,32.29728,,,
24/2/20,40.71601,,,
24/2/20,48.63912,,,
24/2/20,40.65485,,,
24/2/20,31.79966,,,
24/2/20,23.04175,,,
24/2/20,23.12981,,,
24/2/20,21.10873,,,
24/2/20,20.92958,,,
24/2/20,19.85396,,,
24/2/20,21.2035,,,
24/2/20,27.45695,,,
24/2/20,36.86051,,,
24/2/20,46.85871,,,
24/2/20,55.44402,,,
24/2/20,49.26233,,,
24/2/20,45.79477,,,
24/2/20,43.15832,,,
24/2/20,39.36448,,,
24/2/20,35.50798,,,
25/2/20,34.43698,,,
25/2/20,33.84741,,,
25/2/20,33.16619,,,
25/2/20,32.91465,,,
25/2/20,34.84252,,,
25/2/20,41.03282,,,
25/2/20,48.56709,,,
25/2/20,41.11495,,,
25/2/20,32.1642,,,
25/2/20,21.73911,,,
25/2/20,26.24052,,,
25/2/20,20.3089,,,
25/2/20,21.55712,,,
25/2/20,22.98556,,,
25/2/20,25.33854,,,
25/2/20,32.09167,,,
25/2/20,36.80063,,,
25/2/20,47.55111,,,
25/2/20,58.85317,,,
25/2/20,49.08988,,,
25/2/20,45.74258,,,
25/2/20,42.88915,,,
25/2/20,39.45457,,,
25/2/20,37.27746,,,
26/2/20,34.93844,,,
26/2/20,33.84791,,,
26/2/20,33.19637,,,
26/2/20,33.122,,,
26/2/20,35.76601,,,
26/2/20,41.57115,,,
26/2/20,48.32211,,,
26/2/20,40.20244,,,
26/2/20,32.4216,,,
26/2/20,25.91443,,,
26/2/20,20.19094,,,
26/2/20,20.15831,,,
26/2/20,20.51963,,,
26/2/20,22.90949,,,
26/2/20,25.11898,,,
26/2/20,32.13315,,,
26/2/20,38.72956,,,
26/2/20,49.50165,,,
26/2/20,57.89247,,,
26/2/20,49.15659,,,
26/2/20,45.19293,,,
26/2/20,43.06293,,,
26/2/20,40.161,,,
26/2/20,37.56259,,,
27/2/20,35.08096,,,
27/2/20,34.11567,,,
27/2/20,33.56438,,,
27/2/20,33.72532,,,
27/2/20,35.99706,,,
27/2/20,40.63877,,,
27/2/20,48.32509,,,
27/2/20,39.4112,,,
27/2/20,33.87232,,,
27/2/20,29.12906,,,
27/2/20,21.8676,,,
27/2/20,21.51568,,,
27/2/20,21.4838,,,
27/2/20,23.46947,,,
27/2/20,31.98354,,,
27/2/20,35.68998,,,
27/2/20,39.97284,,,
27/2/20,50.84036,,,
27/2/20,60.64437,,,
27/2/20,50.91334,,,
27/2/20,46.28254,,,
27/2/20,42.87504,,,
27/2/20,40.19203,,,
27/2/20,37.04539,,,
28/2/20,32.64718,,,
28/2/20,32.63541,,,
28/2/20,32.61698,,,
28/2/20,32.48983,,,
28/2/20,33.00516,,,
28/2/20,40.34464,,,
28/2/20,47.00169,,,
28/2/20,41.67243,,,
28/2/20,35.40113,,,
28/2/20,32.75209,,,
28/2/20,30.02284,,,
28/2/20,29.6528,,,
28/2/20,30.12625,,,
28/2/20,31.32667,,,
28/2/20,32.89126,,,
28/2/20,37.23983,,,
28/2/20,40.76208,,,
28/2/20,52.15526,,,
28/2/20,52.56609,,,
28/2/20,47.25735,,,
28/2/20,42.95326,,,
28/2/20,41.2712,,,
28/2/20,37.97661,,,
28/2/20,34.92895,,,
29/2/20,31.27164,,,
29/2/20,30.86588,,,
29/2/20,32.15698,,,
29/2/20,30.50817,,,
29/2/20,31.22528,,,
29/2/20,34.51159,,,
29/2/20,35.69522,,,
29/2/20,31.52374,,,
29/2/20,23.28011,,,
29/2/20,14.29827,,,
29/2/20,11.97683,,,
29/2/20,10.97340159,,,
29/2/20,10.00596476,,,
29/2/20,10.86280768,,,
29/2/20,9.771573157,,,
29/2/20,11.61534,,,
29/2/20,26.90584,,,
29/2/20,37.28624,,,
29/2/20,47.69597,,,
29/2/20,42.05243,,,
29/2/20,40.5291,,,
29/2/20,37.38913,,,
29/2/20,35.07277,,,
29/2/20,31.59909,,,
1/3/20,36.69019,,,
1/3/20,34.12111,,,
1/3/20,33.84771,,,
1/3/20,33.64797,,,
1/3/20,33.70107,,,
1/3/20,36.06597,,,
1/3/20,35.9967,,,
1/3/20,32.09362,,,
1/3/20,22.86135,,,
1/3/20,15.61282,,,
1/3/20,10.19066177,,,
1/3/20,9.884377504,,,
1/3/20,9.688572,,,
1/3/20,10.29694437,,,
1/3/20,14.14911,,,
1/3/20,23.89234,,,
1/3/20,32.55092,,,
1/3/20,40.70764,,,
1/3/20,50.132,,,
1/3/20,45.20887,,,
1/3/20,42.11837,,,
1/3/20,41.08096,,,
1/3/20,39.27943,,,
1/3/20,35.80683,,,
2/3/20,34.15718,,,
2/3/20,33.31271,,,
2/3/20,33.03227,,,
2/3/20,33.39902,,,
2/3/20,35.65432,,,
2/3/20,41.49611,,,
2/3/20,48.12501,,,
2/3/20,41.01439,,,
2/3/20,34.36977,,,
2/3/20,29.2866,,,
2/3/20,25.20567,,,
2/3/20,21.11889,,,
2/3/20,19.15087,,,
2/3/20,18.93985,,,
2/3/20,19.10688,,,
2/3/20,26.17823,,,
2/3/20,34.02911,,,
2/3/20,44.51381,,,
2/3/20,58.32322,,,
2/3/20,47.23933,,,
2/3/20,43.12723,,,
2/3/20,40.57634,,,
2/3/20,39.22888,,,
2/3/20,37.02157,,,
3/3/20,33.45339,,,
3/3/20,32.67775,,,
3/3/20,32.28402,,,
3/3/20,32.66083,,,
3/3/20,35.25955,,,
3/3/20,42.17405,,,
3/3/20,46.92715,,,
3/3/20,37.90345,,,
3/3/20,31.06519,,,
3/3/20,24.19959,,,
3/3/20,22.11567,,,
3/3/20,19.36054,,,
3/3/20,20.16121,,,
3/3/20,21.63434,,,
3/3/20,22.60576,,,
3/3/20,29.9678,,,
3/3/20,35.73688,,,
3/3/20,46.55683,,,
3/3/20,62.48318,,,
3/3/20,51.12693,,,
3/3/20,45.41608,,,
3/3/20,42.66361,,,
3/3/20,38.9918,,,
3/3/20,35.21666,,,
4/3/20,35.8145,,,
4/3/20,34.44671,,,
4/3/20,34.16386,,,
4/3/20,34.15632,,,
4/3/20,36.03957,,,
4/3/20,41.61605,,,
4/3/20,47.203,,,
4/3/20,37.99953,,,
4/3/20,32.49069,,,
4/3/20,27.35676,,,
4/3/20,24.32803,,,
4/3/20,23.1136,,,
4/3/20,24.60147,,,
4/3/20,25.76274,,,
4/3/20,28.9786,,,
4/3/20,34.16712,,,
4/3/20,36.42236,,,
4/3/20,48.12449,,,
4/3/20,67.02635,,,
4/3/20,56.44387,,,
4/3/20,47.62243,,,
4/3/20,43.15703,,,
4/3/20,41.34609,,,
4/3/20,37.83414,,,
5/3/20,36.37524,,,
5/3/20,35.17476,,,
5/3/20,34.77057,,,
5/3/20,34.57052,,,
5/3/20,35.6879,,,
5/3/20,40.70356,,,
5/3/20,48.19036,,,
5/3/20,39.14362,,,
5/3/20,35.1087,,,
5/3/20,30.80031,,,
5/3/20,27.47504,,,
5/3/20,27.27481,,,
5/3/20,28.77187,,,
5/3/20,29.66669,,,
5/3/20,32.93821,,,
5/3/20,35.47831,,,
5/3/20,40.32672,,,
5/3/20,48.54962,,,
5/3/20,61.83817,,,
5/3/20,52.53493,,,
5/3/20,46.73799,,,
5/3/20,42.94324,,,
5/3/20,40.25566,,,
5/3/20,39.00473,,,
6/3/20,36.78177,,,
6/3/20,36.33217,,,
6/3/20,35.59235,,,
6/3/20,35.53179,,,
6/3/20,37.76766,,,
6/3/20,43.09853,,,
6/3/20,46.79334,,,
6/3/20,40.3469,,,
6/3/20,37.12702,,,
6/3/20,34.43775,,,
6/3/20,31.53179,,,
6/3/20,30.67646,,,
6/3/20,29.42613,,,
6/3/20,28.65044,,,
6/3/20,30.06349,,,
6/3/20,32.79304,,,
6/3/20,36.14598,,,
6/3/20,43.07099,,,
6/3/20,53.81656,,,
6/3/20,47.52588,,,
6/3/20,45.44142,,,
6/3/20,41.41202,,,
6/3/20,39.73378,,,
6/3/20,37.07795,,,
7/3/20,37.82358,,,
7/3/20,36.61435,,,
7/3/20,36.21946,,,
7/3/20,35.90156,,,
7/3/20,36.66891,,,
7/3/20,40.20546,,,
7/3/20,37.65287,,,
7/3/20,33.32327,,,
7/3/20,35.40931,,,
7/3/20,34.26932,,,
7/3/20,28.80097,,,
7/3/20,27.75928,,,
7/3/20,25.45144,,,
7/3/20,24.55859,,,
7/3/20,27.49635,,,
7/3/20,30.54366,,,
7/3/20,34.50932,,,
7/3/20,39.25177,,,
7/3/20,46.89291,,,
7/3/20,42.39639,,,
7/3/20,40.83544,,,
7/3/20,39.58788,,,
7/3/20,38.86182,,,
7/3/20,36.83016,,,
8/3/20,38.01687,,,
8/3/20,36.72518,,,
8/3/20,35.47109,,,
8/3/20,35.95,,,
8/3/20,38.32,,,
8/3/20,39.1,,,
8/3/20,40.27413,,,
8/3/20,34.73974,,,
8/3/20,28.08631,,,
8/3/20,20.38258,,,
8/3/20,20.51225,,,
8/3/20,19.18672,,,
8/3/20,18.68827,,,
8/3/20,19.82307,,,
8/3/20,18.99329,,,
8/3/20,22.99406,,,
8/3/20,34.38327,,,
8/3/20,43.08502,,,
8/3/20,54.25484,,,
8/3/20,46.82571,,,
8/3/20,43.47094,,,
8/3/20,40.26681,,,
8/3/20,39.39077,,,
9/3/20,35.89789,,,
9/3/20,34.61696,,,
9/3/20,34.13928,,,
9/3/20,34.51441,,,
9/3/20,37.35136,,,
9/3/20,41.69608,,,
9/3/20,45.85665,,,
9/3/20,53.07397,,,
9/3/20,43.38872,,,
9/3/20,39.14105,,,
9/3/20,33.42989,,,
9/3/20,31.07498,,,
9/3/20,29.68416,,,
9/3/20,29.53243,,,
9/3/20,32.58183,,,
9/3/20,34.46623,,,
9/3/20,36.99266,,,
9/3/20,40.21936,,,
9/3/20,51.60742,,,
9/3/20,63.6136,,,
9/3/20,52.52094,,,
9/3/20,44.21378,,,
9/3/20,40.18374,,,
9/3/20,38.18592,,,
10/3/20,37.47827,,,
10/3/20,35.56724,,,
10/3/20,34.66421,,,
10/3/20,34.67248,,,
10/3/20,35.5722,,,
10/3/20,40.61638,,,
10/3/20,47.61741,,,
10/3/20,53.01522,,,
10/3/20,48.12466,,,
10/3/20,43.04102,,,
10/3/20,38.62344,,,
10/3/20,34.29787,,,
10/3/20,32.59621,,,
10/3/20,31.86189,,,
10/3/20,33.34723,,,
10/3/20,36.2364,,,
10/3/20,37.93788,,,
10/3/20,40.37513,,,
10/3/20,50.20824,,,
10/3/20,60.34254,,,
10/3/20,50.44424,,,
10/3/20,45.62822,,,
10/3/20,40.32878,,,
10/3/20,37.06118,,,
11/3/20,35.74257,,,
11/3/20,34.56037,,,
11/3/20,34.21263,,,
11/3/20,34.21822,,,
11/3/20,34.62471,,,
11/3/20,39.43343,,,
11/3/20,48.20667,,,
11/3/20,52.82262,,,
11/3/20,46.65896,,,
11/3/20,39.80404,,,
11/3/20,34.49805,,,
11/3/20,32.24045,,,
11/3/20,30.58739,,,
11/3/20,29.17543,,,
11/3/20,29.48569,,,
11/3/20,30.81145,,,
11/3/20,33.03857,,,
11/3/20,37.5267,,,
11/3/20,47.65453,,,
11/3/20,59.24495,,,
11/3/20,50.53669,,,
11/3/20,47.97775,,,
11/3/20,39.88678,,,
11/3/20,37.82222,,,
12/3/20,42.2835,,,
12/3/20,38.16595,,,
12/3/20,36.52962,,,
12/3/20,36.09178,,,
12/3/20,38.63209,,,
12/3/20,44.84132,,,
12/3/20,54.60561,,,
12/3/20,57.90262,,,
12/3/20,47.40754,,,
12/3/20,39.51635,,,
12/3/20,34.33685,,,
12/3/20,31.98666,,,
12/3/20,31.46297,,,
12/3/20,31.53194,,,
12/3/20,32.36312,,,
12/3/20,34.67052,,,
12/3/20,39.74493,,,
12/3/20,42.26861,,,
12/3/20,55.26986,,,
12/3/20,60.89515,,,
12/3/20,53.99411,,,
12/3/20,49.2291,,,
12/3/20,43.74332,,,
12/3/20,41.04984,,,
13/3/20,37.18652,,,
13/3/20,35.79389,,,
13/3/20,35.04761,,,
13/3/20,34.913,,,
13/3/20,35.70311,,,
13/3/20,41.6409,,,
13/3/20,52.48964,,,
13/3/20,56.23659,,,
13/3/20,48.55028,,,
13/3/20,39.27768,,,
13/3/20,33.95224,,,
13/3/20,30.8099,,,
13/3/20,29.1955,,,
13/3/20,28.59651,,,
13/3/20,27.6613,,,
13/3/20,28.841,,,
13/3/20,28.95163,,,
13/3/20,35.61014,,,
13/3/20,45.39012,,,
13/3/20,56.11759,,,
13/3/20,51.74593,,,
13/3/20,49.17269,,,
13/3/20,43.78202,,,
13/3/20,38.00055,,,
14/3/20,35.0771,,,
14/3/20,34.01159,,,
14/3/20,33.94154,,,
14/3/20,33.7793,,,
14/3/20,34.53372,,,
14/3/20,37.02335,,,
14/3/20,40.79356,,,
14/3/20,44.15191,,,
14/3/20,43.75749,,,
14/3/20,34.38269,,,
14/3/20,32.35264,,,
14/3/20,27.47215,,,
14/3/20,24.66765,,,
14/3/20,21.58999,,,
14/3/20,23.27509,,,
14/3/20,28.3268,,,
14/3/20,27.0146,,,
14/3/20,39.08578,,,
14/3/20,46.0423,,,
14/3/20,57.71677,,,
14/3/20,52.51549,,,
14/3/20,49.73339,,,
14/3/20,48.34465,,,
14/3/20,40.70637,,,
15/3/20,45.09795,,,
15/3/20,37.83685,,,
15/3/20,36.17455,,,
15/3/20,34.56895,,,
15/3/20,36.64708,,,
15/3/20,40.59836,,,
15/3/20,41.53036,,,
15/3/20,42.04329,,,
15/3/20,42.5419,,,
15/3/20,34.75694,,,
15/3/20,29.24988,,,
15/3/20,27.33767,,,
15/3/20,21.36837,,,
15/3/20,18.51267,,,
15/3/20,20.95095,,,
15/3/20,24.98104,,,
15/3/20,28.41877,,,
15/3/20,36.9989,,,
15/3/20,51.8876,,,
15/3/20,62.25635,,,
15/3/20,55.74918,,,
15/3/20,50.73323,,,
15/3/20,49.36924,,,
15/3/20,43.38636,,,
16/3/20,40.09544,,,
16/3/20,37.36347,,,
16/3/20,36.05981,,,
16/3/20,35.42179,,,
16/3/20,40.07188,,,
16/3/20,46.73303,,,
16/3/20,55.81563,,,
16/3/20,60.43477,,,
16/3/20,50.88125,,,
16/3/20,44.52474,,,
16/3/20,41.75659,,,
16/3/20,35.48158,,,
16/3/20,34.28687,,,
16/3/20,33.50825,,,
16/3/20,34.58474,,,
16/3/20,36.23075,,,
16/3/20,41.69764,,,
16/3/20,44.46087,,,
16/3/20,56.80638,,,
16/3/20,68.16004,,,
16/3/20,60.47877,,,
16/3/20,52.9096,,,
16/3/20,46.33813,,,
16/3/20,43.47196,,,
17/3/20,43.95866,,,
17/3/20,41.21099,,,
17/3/20,39.32805,,,
17/3/20,38.12,,,
17/3/20,41.76334,,,
17/3/20,46.50467,,,
17/3/20,56.74532,,,
17/3/20,55.58456,,,
17/3/20,44.8499,,,
17/3/20,34.27866,,,
17/3/20,29.99038,,,
17/3/20,28.51812,,,
17/3/20,26.17074,,,
17/3/20,27.05112,,,
17/3/20,28.00586,,,
17/3/20,32.13007,,,
17/3/20,33.04786,,,
17/3/20,40.52246,,,
17/3/20,50.13413,,,
17/3/20,65.41072,,,
17/3/20,55.62162,,,
17/3/20,50.78867,,,
17/3/20,46.71458,,,
17/3/20,41.60709,,,
18/3/20,37.47813,,,
18/3/20,36.75872,,,
18/3/20,36.26554,,,
18/3/20,36.30975,,,
18/3/20,37.42001,,,
18/3/20,44.42949,,,
18/3/20,55.90461,,,
18/3/20,54.19012,,,
18/3/20,44.45092,,,
18/3/20,37.20484,,,
18/3/20,32.79818,,,
18/3/20,31.64686,,,
18/3/20,30.61837,,,
18/3/20,31.38619,,,
18/3/20,30.56717,,,
18/3/20,30.56417,,,
18/3/20,31.272,,,
18/3/20,37.44914,,,
18/3/20,47.86002,,,
18/3/20,55.45037,,,
18/3/20,52.01163,,,
18/3/20,47.77991,,,
18/3/20,42.97791,,,
18/3/20,38.89477,,,
19/3/20,32.87183,,,
19/3/20,32.55689,,,
19/3/20,32.25661,,,
19/3/20,32.46486,,,
19/3/20,33.05666,,,
19/3/20,37.17081,,,
19/3/20,46.25671,,,
19/3/20,49.15557,,,
19/3/20,38.45107,,,
19/3/20,31.03208,,,
19/3/20,31.57433,,,
19/3/20,29.09787,,,
19/3/20,29.67684,,,
19/3/20,28.7061,,,
19/3/20,30.10462,,,
19/3/20,31.12919,,,
19/3/20,32.40474,,,
19/3/20,36.14424,,,
19/3/20,45.4278,,,
19/3/20,54.00196,,,
19/3/20,49.5683,,,
19/3/20,45.9455,,,
19/3/20,39.62654,,,
19/3/20,37.76228,,,
20/3/20,34.98856,,,
20/3/20,33.14753,,,
20/3/20,32.2967,,,
20/3/20,32.98619,,,
20/3/20,34.14986,,,
20/3/20,38.41715,,,
20/3/20,48.04212,,,
20/3/20,46.43942,,,
20/3/20,36.18541,,,
20/3/20,31.81905,,,
20/3/20,30.90131,,,
20/3/20,29.8468,,,
20/3/20,30.36682,,,
20/3/20,30.38221,,,
20/3/20,31.61045,,,
20/3/20,33.45883,,,
20/3/20,33.60913,,,
20/3/20,38.98056,,,
20/3/20,46.6265,,,
20/3/20,53.25313,,,
20/3/20,48.30495,,,
20/3/20,44.58027,,,
20/3/20,40.28398,,,
20/3/20,36.45029,,,
21/3/20,34.03316,,,
21/3/20,33.57659,,,
21/3/20,33.4871,,,
21/3/20,33.07009,,,
21/3/20,33.59173,,,
21/3/20,34.15094,,,
21/3/20,36.94114,,,
21/3/20,35.19904,,,
21/3/20,33.23892,,,
21/3/20,28.77597,,,
21/3/20,25.00475,,,
21/3/20,18.18931,,,
21/3/20,16.20197,,,
21/3/20,17.46237,,,
21/3/20,18.13605,,,
21/3/20,25.09532,,,
21/3/20,25.05908,,,
21/3/20,31.69165,,,
21/3/20,40.87629,,,
21/3/20,48.12915,,,
21/3/20,44.68384,,,
21/3/20,39.18495,,,
21/3/20,37.46329,,,
21/3/20,35.19315,,,
22/3/20,34.34508,,,
22/3/20,33.92349,,,
23/3/20,31.92653,,,
22/3/20,33.84971,,,
22/3/20,33.85478,,,
22/3/20,33.88508,,,
22/3/20,34.30154,,,
22/3/20,36.11549,,,
22/3/20,35.14167,,,
22/3/20,32.75052,,,
22/3/20,29.14723,,,
22/3/20,25.51302,,,
22/3/20,20.70954,,,
22/3/20,20.89321,,,
22/3/20,21.22434,,,
22/3/20,23.92719,,,
22/3/20,28.30406,,,
22/3/20,28.06982,,,
22/3/20,34.01279,,,
22/3/20,40.09192,,,
22/3/20,45.82178,,,
22/3/20,42.09155,,,
22/3/20,37.7031,,,
22/3/20,35.58823,,,
22/3/20,33.97519,,,
23/3/20,33.32894,,,
,32.06176,,,
23/3/20,30.79458,,,
23/3/20,31.64475,,,
23/3/20,32.88345,,,
23/3/20,34.93429,,,
23/3/20,39.93412,,,
23/3/20,39.66828,,,
23/3/20,35.68336,,,
23/3/20,30.32259,,,
23/3/20,26.68261,,,
23/3/20,25.77329,,,
23/3/20,22.52321,,,
23/3/20,21.1531,,,
23/3/20,18.76044,,,
23/3/20,25.38823,,,
23/3/20,24.15705,,,
23/3/20,30.86081,,,
23/3/20,39.72191,,,
23/3/20,49.57276,,,
23/3/20,43.51329,,,
23/3/20,39.19329,,,
23/3/20,35.70056,,,
23/3/20,33.11556,,,
24/3/20,31.58585,,,
24/3/20,29.75727,,,
24/3/20,29.02458,,,
24/3/20,29.05949,,,
24/3/20,29.84453,,,
24/3/20,33.91208,,,
24/3/20,38.90114,,,
24/3/20,37.85969,,,
24/3/20,33.23498,,,
24/3/20,28.20585,,,
24/3/20,26.02663,,,
24/3/20,22.21627,,,
24/3/20,22.35358,,,
24/3/20,20.20679,,,
24/3/20,20.3481,,,
24/3/20,24.34795,,,
24/3/20,23.21387,,,
24/3/20,31.5806,,,
24/3/20,42.25968,,,
24/3/20,46.25165,,,
24/3/20,45.30795,,,
24/3/20,40.61453,,,
24/3/20,36.21739,,,
24/3/20,33.27394,,,
25/3/20,32.28847,,,
25/3/20,30.82681,,,
25/3/20,29.99786,,,
25/3/20,29.77137,,,
25/3/20,31.45531,,,
25/3/20,34.58468,,,
25/3/20,36.7336,,,
25/3/20,35.83855,,,
25/3/20,33.21176,,,
25/3/20,29.42723,,,
25/3/20,31.56223,,,
25/3/20,28.41738,,,
25/3/20,28.66802,,,
25/3/20,26.70213,,,
25/3/20,27.10264,,,
25/3/20,31.21733,,,
25/3/20,32.63577,,,
25/3/20,39.07944,,,
25/3/20,46.20993,,,
25/3/20,51.52617,,,
25/3/20,48.95097,,,
25/3/20,46.12386,,,
25/3/20,42.56244,,,
25/3/20,40.4006,,,
26/3/20,37.84537,,,
26/3/20,37.27975,,,
26/3/20,36.20137,,,
26/3/20,36.37724,,,
26/3/20,37.80412,,,
26/3/20,41.27625,,,
26/3/20,45.3541,,,
26/3/20,42.05546,,,
26/3/20,37.44027,,,
26/3/20,25.50924,,,
26/3/20,22.33477,,,
26/3/20,19.25939,,,
26/3/20,17.64333,,,
26/3/20,17.18188,,,
26/3/20,16.92818,,,
26/3/20,19.99697,,,
26/3/20,21.68961,,,
26/3/20,32.76097,,,
26/3/20,42.2468,,,
26/3/20,49.17324,,,
26/3/20,47.21956,,,
26/3/20,44.09905,,,
26/3/20,41.22984,,,
26/3/20,40.33913,,,
27/3/20,41.21469,,,
27/3/20,38.99067,,,
27/3/20,38.2617,,,
27/3/20,38.22434,,,
27/3/20,43.016,,,
27/3/20,43.00104,,,
27/3/20,46.27776,,,
27/3/20,39.97974,,,
27/3/20,32.69977,,,
27/3/20,19.64586,,,
27/3/20,15.88386,,,
27/3/20,15.51405,,,
27/3/20,15.43236,,,
27/3/20,15.63578,,,
27/3/20,15.56369,,,
27/3/20,15.84725,,,
27/3/20,16.02772,,,
27/3/20,25.10115,,,
27/3/20,38.92851,,,
27/3/20,46.31619,,,
27/3/20,45.5587,,,
27/3/20,44.75998,,,
27/3/20,43.18322,,,
27/3/20,39.78309,,,
28/3/20,37.80539,,,
28/3/20,37.85206,,,
28/3/20,37.45827,,,
28/3/20,37.83872,,,
28/3/20,39.08642,,,
28/3/20,40.65578,,,
28/3/20,45.47621,,,
28/3/20,38.3708,,,
28/3/20,35.19723,,,
28/3/20,26.5806,,,
28/3/20,21.24976,,,
28/3/20,19.58434,,,
28/3/20,18.65948,,,
28/3/20,19.47208,,,
28/3/20,22.95729,,,
28/3/20,28.77371,,,
28/3/20,32.42108,,,
28/3/20,37.99013,,,
28/3/20,46.53546,,,
28/3/20,53.86309,,,
28/3/20,47.07,,,
28/3/20,46.36014,,,
28/3/20,42.04587,,,
28/3/20,40.13607,,,
29/3/20,38.24107,,,
29/3/20,39.24393,,,
29/3/20,37.14392,,,
29/3/20,37.1465,,,
29/3/20,37.15078,,,
29/3/20,38.18586,,,
29/3/20,38.20313,,,
29/3/20,37.16247,,,
29/3/20,32.25857,,,
29/3/20,19.59569,,,
29/3/20,15.07695,,,
29/3/20,13.95819,,,
29/3/20,11.65088,,,
29/3/20,14.49537,,,
29/3/20,13.78513,,,
29/3/20,14.84269,,,
29/3/20,15.75863,,,
29/3/20,31.06716,,,
29/3/20,37.62,,,
29/3/20,48.39502,,,
29/3/20,47.55944,,,
29/3/20,42.36417,,,
29/3/20,38.98297,,,
29/3/20,37.7912,,,
30/3/20,37.57358,,,
30/3/20,37.03528,,,
30/3/20,37.12161,,,
30/3/20,37.30211,,,
30/3/20,38.87189,,,
30/3/20,42.24931,,,
30/3/20,47.0426,,,
30/3/20,41.04378,,,
30/3/20,35.94928,,,
30/3/20,31.04712,,,
30/3/20,24.04783,,,
30/3/20,21.03694,,,
30/3/20,20.53198,,,
30/3/20,19.53022,,,
30/3/20,19.82929,,,
30/3/20,20.87945,,,
30/3/20,21.83881,,,
30/3/20,34.12489,,,
30/3/20,40.28755,,,
30/3/20,53.67878,,,
30/3/20,47.36499,,,
30/3/20,45.24877,,,
30/3/20,41.12017,,,
30/3/20,39.25468,,,
31/3/20,37.91972,,,
31/3/20,37.1054,,,
31/3/20,36.85026,,,
31/3/20,36.55084,,,
31/3/20,37.17222,,,
31/3/20,40.80142,,,
31/3/20,45.75,,,
31/3/20,40.45,,,
31/3/20,35.67455,,,
31/3/20,25.2277,,,
31/3/20,22.18203,,,
31/3/20,19.18787,,,
31/3/20,17.59173,,,
31/3/20,18.80663,,,
31/3/20,21.22827,,,
31/3/20,22.50166,,,
31/3/20,26.62113,,,
31/3/20,35.88155,,,
31/3/20,42.36308,,,
31/3/20,50.10963,,,
31/3/20,46.92056,,,
31/3/20,43.29869,,,
31/3/20,39.06668,,,
31/3/20,37.73253,,,
1/4/20,36.37514,,,
1/4/20,35.72607,,,
1/4/20,35.40051,,,
1/4/20,35.6801,,,
1/4/20,36.76309,,,
1/4/20,38.75258,,,
1/4/20,44.8788,,,
1/4/20,37.52798,,,
1/4/20,30.30003,,,
1/4/20,18.15985,,,
1/4/20,14.65675,,,
1/4/20,14.41431,,,
1/4/20,14.25452,,,
1/4/20,14.36445,,,
1/4/20,13.99695,,,
1/4/20,14.19093,,,
1/4/20,14.41465,,,
1/4/20,24.45735,,,
1/4/20,40.60928,,,
1/4/20,50.18592,,,
1/4/20,53.19837,,,
1/4/20,43.75495,,,
1/4/20,40.31581,,,
1/4/20,37.95071,,,
2/4/20,37.38033,,,
2/4/20,36.9897,,,
2/4/20,36.43442,,,
2/4/20,36.22472,,,
2/4/20,36.97801,,,
2/4/20,39.44765,,,
2/4/20,47.45061,,,
2/4/20,37.67739,,,
2/4/20,25.97138,,,
2/4/20,14.18481,,,
2/4/20,14.4076,,,
2/4/20,13.40118,,,
2/4/20,12.52398,,,
2/4/20,12.85091,,,
2/4/20,13.57836,,,
2/4/20,13.97575,,,
2/4/20,14.58008,,,
2/4/20,25.10201,,,
2/4/20,42.77588,,,
2/4/20,53.09157,,,
2/4/20,47.80027,,,
2/4/20,42.26322,,,
2/4/20,41.45634,,,
2/4/20,39.0506,,,
3/4/20,38.55249,,,
3/4/20,37.80034,,,
3/4/20,37.4778,,,
3/4/20,37.24808,,,
3/4/20,37.86132,,,
3/4/20,38.02093,,,
3/4/20,45.05599,,,
3/4/20,38.55054,,,
3/4/20,22.71153,,,
3/4/20,15.53785,,,
3/4/20,14.13094,,,
3/4/20,14.05812,,,
3/4/20,14.03348,,,
3/4/20,13.98816,,,
3/4/20,13.80258,,,
3/4/20,14.11513,,,
3/4/20,14.54952,,,
3/4/20,21.03934,,,
3/4/20,38.13381,,,
3/4/20,49.60645,,,
3/4/20,46.75344,,,
3/4/20,42.64102,,,
3/4/20,40.14941,,,
3/4/20,38.44169,,,
4/4/20,40.86069,,,
4/4/20,38.99085,,,
4/4/20,38.65598,,,
4/4/20,38.64653,,,
4/4/20,38.6627,,,
4/4/20,39.5198,,,
4/4/20,40.07205,,,
4/4/20,34.26169,,,
4/4/20,18.02049,,,
4/4/20,14.10712,,,
4/4/20,12.9968,,,
4/4/20,11.88883,,,
4/4/20,10.01083469,,,
4/4/20,10.88245457,,,
4/4/20,9.900941299,,,
4/4/20,11.44918,,,
4/4/20,14.80791,,,
4/4/20,29.95439,,,
4/4/20,41.47911,,,
4/4/20,49.88048,,,
4/4/20,49.25438,,,
4/4/20,45.66578,,,
4/4/20,40.86322,,,
4/4/20,39.05546,,,
5/4/20,40.56234,,,
5/4/20,39.12766,,,
5/4/20,39.01345,,,
5/4/20,38.98288,,,
5/4/20,39.29343,,,
5/4/20,40.34501,,,
5/4/20,40.00826,,,
5/4/20,38.00074,,,
5/4/20,32.65314,,,
5/4/20,27.03892,,,
5/4/20,22.75355,,,
5/4/20,19.94999,,,
5/4/20,19.79703,,,
5/4/20,19.61125,,,
5/4/20,21.08748,,,
5/4/20,23.15957,,,
5/4/20,26.03924,,,
5/4/20,39.55652,,,
5/4/20,44.62517,,,
5/4/20,53.00348,,,
5/4/20,49.89308,,,
5/4/20,44.43125,,,
5/4/20,41.42174,,,
5/4/20,40.2621,,,
6/4/20,40.39687,,,
6/4/20,39.65596,,,
6/4/20,39.56207,,,
6/4/20,39.62703,,,
6/4/20,40.20564,,,
6/4/20,42.16355,,,
6/4/20,50.2847,,,
6/4/20,46.60311,,,
6/4/20,45.11452,,,
6/4/20,42.81835,,,
6/4/20,39.94311,,,
6/4/20,37.3548,,,
6/4/20,36.25667,,,
6/4/20,36.11021,,,
6/4/20,35.09071,,,
6/4/20,36.34342,,,
6/4/20,39.05265,,,
6/4/20,40.69546,,,
6/4/20,46.53724,,,
6/4/20,56.864,,,
6/4/20,55.11917,,,
6/4/20,48.12503,,,
6/4/20,44.83633,,,
6/4/20,42.623,,,
7/4/20,41.06984,,,
7/4/20,40.5369,,,
7/4/20,40.36606,,,
7/4/20,40.41825,,,
7/4/20,40.96082,,,
7/4/20,44.986,,,
7/4/20,48.34216,,,
7/4/20,46.47434,,,
7/4/20,39.89842,,,
7/4/20,34.85328,,,
7/4/20,31.562,,,
7/4/20,29.96558,,,
7/4/20,30.9951,,,
7/4/20,31.52129,,,
7/4/20,32.88989,,,
7/4/20,34.95326,,,
7/4/20,38.56072,,,
7/4/20,40.58662,,,
7/4/20,51.22742,,,
7/4/20,61.99595,,,
7/4/20,56.40284,,,
7/4/20,50.36258,,,
7/4/20,45.11111,,,
7/4/20,42.33044,,,
8/4/20,43.08603,,,
8/4/20,41.42566,,,
8/4/20,40.58203,,,
8/4/20,40.51018,,,
8/4/20,41.70224,,,
8/4/20,44.14192,,,
8/4/20,47.66891,,,
8/4/20,45.71788,,,
8/4/20,41.57793,,,
8/4/20,40.98369,,,
8/4/20,43.47671,,,
8/4/20,39.71203,,,
8/4/20,39.02976,,,
8/4/20,38.69539,,,
8/4/20,37.72259,,,
8/4/20,39.70561,,,
8/4/20,40.37697,,,
8/4/20,43.10649,,,
8/4/20,50.94143,,,
8/4/20,57.72252,,,
8/4/20,52.63715,,,
8/4/20,47.67653,,,
8/4/20,44.59667,,,
8/4/20,40.62567,,,
9/4/20,41.33344,,,
9/4/20,40.86003,,,
9/4/20,40.78376,,,
9/4/20,40.77095,,,
9/4/20,41.6332,,,
9/4/20,45.04218,,,
9/4/20,46.84564,,,
9/4/20,48.62975,,,
9/4/20,43.19423,,,
9/4/20,42.96473,,,
9/4/20,41.14426,,,
9/4/20,39.03408,,,
9/4/20,39.10288,,,
9/4/20,40.00365,,,
9/4/20,39.95449,,,
9/4/20,41.04426,,,
9/4/20,41.12571,,,
9/4/20,42.94732,,,
9/4/20,49.60569,,,
9/4/20,57.42282,,,
9/4/20,52.24748,,,
9/4/20,48.68795,,,
9/4/20,45.0155,,,
9/4/20,43.32107,,,
10/4/20,47.04693,,,
10/4/20,45.41767,,,
10/4/20,44.13499,,,
10/4/20,44.26042,,,
10/4/20,45.22856,,,
10/4/20,43.81796,,,
10/4/20,45.6568,,,
10/4/20,48.38007,,,
10/4/20,43.48793,,,
10/4/20,41.15896,,,
10/4/20,38.08261,,,
10/4/20,33.29406,,,
10/4/20,33.49747,,,
10/4/20,31.46143,,,
10/4/20,30.75045,,,
10/4/20,33.10852,,,
10/4/20,35.47835,,,
10/4/20,42.63163,,,
10/4/20,45.08603,,,
10/4/20,52.93417,,,
10/4/20,48.148,,,
10/4/20,46.08043,,,
10/4/20,46.31928,,,
10/4/20,42.72484,,,
11/4/20,41.59254,,,
11/4/20,40.97759,,,
11/4/20,40.46609,,,
11/4/20,40.00341,,,
11/4/20,42.29234,,,
11/4/20,41.35398,,,
11/4/20,41.44514,,,
11/4/20,35.68067,,,
11/4/20,21.22197,,,
11/4/20,15.27221,,,
11/4/20,15.223,,,
11/4/20,15.46766,,,
11/4/20,15.3286,,,
11/4/20,15.48489,,,
11/4/20,15.449,,,
11/4/20,15.44883,,,
11/4/20,15.47094,,,
11/4/20,25.22264,,,
11/4/20,40.66546,,,
11/4/20,48.05717,,,
11/4/20,46.48142,,,
11/4/20,44.71848,,,
11/4/20,42.4719,,,
11/4/20,39.8084,,,
12/4/20,42.90433,,,
12/4/20,42.23391,,,
12/4/20,41.16166,,,
12/4/20,39.9226,,,
12/4/20,40.06466,,,
12/4/20,41.87241,,,
12/4/20,40.00578,,,
12/4/20,34.99593,,,
12/4/20,20.41948,,,
12/4/20,15.00023,,,
12/4/20,14.38189,,,
12/4/20,14.39803,,,
12/4/20,14.23488,,,
12/4/20,14.77331,,,
12/4/20,15.01852,,,
12/4/20,14.7966,,,
12/4/20,16.19933,,,
12/4/20,32.37633,,,
12/4/20,44.16689,,,
12/4/20,50.31549,,,
12/4/20,51.45247,,,
12/4/20,46.27462,,,
12/4/20,47.78877,,,
12/4/20,44.84884,,,
13/4/20,41.93602,,,
13/4/20,40.70926,,,
13/4/20,39.019,,,
13/4/20,38.33897,,,
13/4/20,40.16857,,,
13/4/20,46.36742,,,
13/4/20,44.74149,,,
13/4/20,41.91436,,,
13/4/20,35.45266,,,
13/4/20,26.25107,,,
13/4/20,22.25156,,,
13/4/20,19.18028,,,
13/4/20,17.36699,,,
13/4/20,15.17542,,,
13/4/20,15.91738,,,
13/4/20,17.02647,,,
13/4/20,19.56086,,,
13/4/20,33.0681,,,
13/4/20,45.14466,,,
13/4/20,56.06068,,,
13/4/20,54.58563,,,
13/4/20,49.54285,,,
13/4/20,45.94712,,,
13/4/20,44.68953,,,
14/4/20,36.70065,,,
14/4/20,37.55997,,,
14/4/20,38.3254,,,
14/4/20,39.20547,,,
14/4/20,41.65511,,,
14/4/20,44.53121,,,
14/4/20,47.79366,,,
14/4/20,42.14502,,,
14/4/20,26.92492,,,
14/4/20,15.92506,,,
14/4/20,15.88823,,,
14/4/20,14.89275,,,
14/4/20,14.92314,,,
14/4/20,15.09787,,,
14/4/20,14.95955,,,
14/4/20,15.94366,,,
14/4/20,17.21682,,,
14/4/20,37.83195,,,
14/4/20,46.85112,,,
14/4/20,63.22802,,,
14/4/20,57.321,,,
14/4/20,51.28303,,,
14/4/20,47.83283,,,
14/4/20,44.27375,,,
15/4/20,41.21527,,,
15/4/20,39.27223,,,
15/4/20,38.24521,,,
15/4/20,38.45968,,,
15/4/20,39.49881,,,
15/4/20,42.43619,,,
15/4/20,45.3703,,,
15/4/20,38.91,,,
15/4/20,20.02605,,,
15/4/20,14.77497,,,
15/4/20,14.81334,,,
15/4/20,14.7677,,,
15/4/20,14.9996,,,
15/4/20,14.80231,,,
15/4/20,14.90893,,,
15/4/20,14.69611,,,
15/4/20,14.92726,,,
15/4/20,23.45402,,,
15/4/20,41.9841,,,
15/4/20,52.69624,,,
15/4/20,50.7825,,,
15/4/20,44.64895,,,
15/4/20,39.647,,,
15/4/20,39.11155,,,
16/4/20,35.55656,,,
16/4/20,36.43636,,,
16/4/20,36.21501,,,
16/4/20,36.5067,,,
16/4/20,39.1545,,,
16/4/20,42.0518,,,
16/4/20,44.39553,,,
16/4/20,37.99523,,,
16/4/20,21.98502,,,
16/4/20,12.56971,,,
16/4/20,14.08663,,,
16/4/20,14.37625,,,
16/4/20,14.54157,,,
16/4/20,14.50629,,,
16/4/20,14.89421,,,
16/4/20,19.18663,,,
16/4/20,22.97193,,,
16/4/20,37.56113,,,
16/4/20,45.91395,,,
16/4/20,53.62449,,,
16/4/20,54.78218,,,
16/4/20,47.07377,,,
16/4/20,43.8647,,,
16/4/20,41.89232,,,
17/4/20,36.80674,,,
17/4/20,36.3289,,,
17/4/20,35.15708,,,
17/4/20,35.82308,,,
17/4/20,37.02544,,,
17/4/20,42.15877,,,
17/4/20,45.85652,,,
17/4/20,42.59005,,,
17/4/20,39.70322,,,
17/4/20,36.32191,,,
17/4/20,34.97525,,,
17/4/20,31.53189,,,
17/4/20,29.95243,,,
17/4/20,31.84341,,,
17/4/20,25.16594,,,
17/4/20,32.30196,,,
17/4/20,32.85719,,,
17/4/20,39.51372,,,
17/4/20,44.13897,,,
17/4/20,49.33306,,,
17/4/20,50.1961,,,
17/4/20,45.78092,,,
17/4/20,41.62461,,,
17/4/20,39.72105,,,
18/4/20,39.80318,,,
18/4/20,37.15765,,,
18/4/20,35.8279,,,
18/4/20,35.0469,,,
18/4/20,35.07512,,,
18/4/20,38.7045,,,
18/4/20,38.9391,,,
18/4/20,34.27553,,,
18/4/20,25.00301,,,
18/4/20,16.97104,,,
18/4/20,15.80129,,,
18/4/20,15.32475,,,
18/4/20,15.30983,,,
18/4/20,15.39978,,,
18/4/20,15.41466,,,
18/4/20,15.40906,,,
18/4/20,15.47335,,,
18/4/20,23.64285,,,
18/4/20,39.70933,,,
18/4/20,46.70878,,,
18/4/20,45.65883,,,
18/4/20,43.7775,,,
18/4/20,39.05106,,,
18/4/20,37.42223,,,
19/4/20,40.29724,,,
19/4/20,40.33679,,,
19/4/20,40.23546,,,
19/4/20,39.90812,,,
19/4/20,39.49204,,,
19/4/20,40.61621,,,
19/4/20,36.46988,,,
19/4/20,27.32581,,,
19/4/20,15.52456,,,
19/4/20,15.00877,,,
19/4/20,14.82155,,,
19/4/20,13.43139,,,
19/4/20,11.40871,,,
19/4/20,10.51723125,,,
19/4/20,12.39756,,,
19/4/20,14.14612,,,
19/4/20,13.80802,,,
19/4/20,20.68332,,,
19/4/20,39.91,,,
19/4/20,46.9685,,,
19/4/20,49.12125,,,
19/4/20,45.01645,,,
19/4/20,41.42499,,,
19/4/20,39.49024,,,
20/4/20,38.5071,,,
20/4/20,36.32292,,,
20/4/20,36.14993,,,
20/4/20,36.25668,,,
20/4/20,38.63526,,,
20/4/20,41.14245,,,
20/4/20,43.38975,,,
20/4/20,39.08332,,,
20/4/20,34.11406,,,
20/4/20,27.16364,,,
20/4/20,25.33776,,,
20/4/20,21.16342,,,
20/4/20,21.61574,,,
20/4/20,19.85539,,,
20/4/20,18.24258,,,
20/4/20,20.22507,,,
20/4/20,16.0634,,,
20/4/20,31.47089,,,
20/4/20,42.28498,,,
20/4/20,50.4652,,,
20/4/20,48.45878,,,
20/4/20,43.803,,,
20/4/20,41.72718,,,
20/4/20,39.46232,,,
21/4/20,33.9956,,,
21/4/20,32.53488,,,
21/4/20,32.22457,,,
21/4/20,31.48867,,,
21/4/20,33.82958,,,
21/4/20,36.79984,,,
21/4/20,39.58107,,,
21/4/20,32.89381,,,
21/4/20,18.84971,,,
21/4/20,14.75104,,,
21/4/20,14.89838,,,
21/4/20,14.67502,,,
21/4/20,13.87241,,,
21/4/20,14.87593,,,
21/4/20,14.91528,,,
21/4/20,15.17983,,,
21/4/20,15.04599,,,
21/4/20,20.68269,,,
21/4/20,38.76066,,,
21/4/20,46.89524,,,
21/4/20,46.33792,,,
21/4/20,42.27452,,,
21/4/20,39.71009,,,
21/4/20,36.71623,,,
22/4/20,32.33401,,,
22/4/20,32.66,,,
22/4/20,32.19622,,,
22/4/20,32.91831,,,
22/4/20,34,,,
22/4/20,38.92,,,
22/4/20,40.06557,,,
22/4/20,35.90877,,,
22/4/20,23.92991,,,
22/4/20,20.0097,,,
22/4/20,18.01464,,,
22/4/20,15.99984,,,
22/4/20,16.38682,,,
22/4/20,17.67314,,,
22/4/20,18.12678,,,
22/4/20,20.77095,,,
22/4/20,20.54314,,,
22/4/20,29.20094,,,
22/4/20,41.45371,,,
22/4/20,51.64135,,,
22/4/20,49.63706,,,
22/4/20,43.04095,,,
22/4/20,40.10583,,,
22/4/20,36.15935,,,
23/4/20,37.54156,,,
23/4/20,36.41889,,,
23/4/20,35.59574,,,
23/4/20,34.71353,,,
23/4/20,36.13737,,,
23/4/20,39.88247,,,
23/4/20,39.61371,,,
23/4/20,34.84306,,,
23/4/20,21.27341,,,
23/4/20,15.21023,,,
23/4/20,15.61501,,,
23/4/20,15.1005,,,
23/4/20,15.96083,,,
23/4/20,19.27994,,,
23/4/20,20.65972,,,
23/4/20,23.28268,,,
23/4/20,25.27698,,,
23/4/20,33.21032,,,
23/4/20,44.41351,,,
23/4/20,60.47657,,,
23/4/20,57.24189,,,
23/4/20,47.3929,,,
23/4/20,40.83153,,,
23/4/20,39.90965,,,
24/4/20,39.73924,,,
24/4/20,39.10028,,,
24/4/20,38.08306,,,
24/4/20,38.03402,,,
24/4/20,39.16098,,,
24/4/20,41.65976,,,
24/4/20,43.65727,,,
24/4/20,37.41542,,,
24/4/20,25.56405,,,
24/4/20,22.44812,,,
24/4/20,22.67289,,,
24/4/20,25.4873,,,
24/4/20,27.89848,,,
24/4/20,29.89966,,,
24/4/20,35.12947,,,
24/4/20,35.32031,,,
24/4/20,36.08099,,,
24/4/20,38.8366,,,
24/4/20,49.00457,,,
24/4/20,66.18554,,,
24/4/20,58.7966,,,
24/4/20,47.03792,,,
24/4/20,40.83725,,,
24/4/20,40.30021,,,
25/4/20,40.13561,,,
25/4/20,38.80704,,,
25/4/20,38.81382,,,
25/4/20,38.14325,,,
25/4/20,38.61587,,,
25/4/20,38.99924,,,
25/4/20,39.30114,,,
25/4/20,35.6843,,,
25/4/20,26.10222,,,
25/4/20,20.36013,,,
25/4/20,20.44151,,,
25/4/20,20.90455,,,
25/4/20,23.35805,,,
25/4/20,28.98946,,,
25/4/20,33.38601,,,
25/4/20,34.08282,,,
25/4/20,35.96162,,,
25/4/20,40.29944,,,
25/4/20,46.38448,,,
25/4/20,56.20706,,,
25/4/20,50.97467,,,
25/4/20,44.94932,,,
25/4/20,39.14737,,,
25/4/20,38.14913,,,
26/4/20,39.73142,,,
26/4/20,37.85281,,,
26/4/20,36.73289,,,
26/4/20,35.79599,,,
26/4/20,37.64424,,,
26/4/20,36.54318,,,
26/4/20,35.22181,,,
26/4/20,22.60984,,,
26/4/20,17.36027,,,
26/4/20,15.66471,,,
26/4/20,15.60376,,,
26/4/20,15.7707,,,
26/4/20,15.84001,,,
26/4/20,17.9399,,,
26/4/20,21.39491,,,
26/4/20,27.41065,,,
26/4/20,33.14865,,,
26/4/20,38.12991,,,
26/4/20,43.89168,,,
26/4/20,54.27613,,,
26/4/20,48.39562,,,
26/4/20,43.14087,,,
26/4/20,39.30528,,,
26/4/20,36.83001,,,
27/4/20,34.6589,,,
27/4/20,33.92813,,,
27/4/20,34.40221,,,
27/4/20,34.1805,,,
27/4/20,35.38029,,,
27/4/20,38.48565,,,
27/4/20,36.21076,,,
27/4/20,32.74637,,,
27/4/20,16.93619,,,
27/4/20,15.0294,,,
27/4/20,15.21979,,,
27/4/20,15.336,,,
27/4/20,16.67091,,,
27/4/20,18.44933,,,
27/4/20,19.91111,,,
27/4/20,29.38017,,,
27/4/20,31.78936,,,
27/4/20,35.35402,,,
27/4/20,44.84802,,,
27/4/20,56.79957,,,
27/4/20,52.75501,,,
27/4/20,42.37845,,,
27/4/20,39.63082,,,
27/4/20,37.73766,,,
28/4/20,36.65711,,,
28/4/20,35.60295,,,
28/4/20,35.61502,,,
28/4/20,34.9557,,,
28/4/20,35.83209,,,
28/4/20,38.41194,,,
28/4/20,39.33833,,,
28/4/20,36.52946,,,
28/4/20,30.10705,,,
28/4/20,26.14271,,,
28/4/20,29.22121,,,
28/4/20,29.32956,,,
28/4/20,34.86665,,,
28/4/20,35.72292,,,
28/4/20,36.01371,,,
28/4/20,37.87391,,,
28/4/20,38.68678,,,
28/4/20,40.8708,,,
28/4/20,53.95098,,,
28/4/20,69.30584,,,
28/4/20,58.63536,,,
28/4/20,45.36707,,,
28/4/20,42.39469,,,
28/4/20,39.29959,,,
29/4/20,36.86942,,,
29/4/20,37.42215,,,
29/4/20,38.04643,,,
29/4/20,37.5768,,,
29/4/20,37.87676,,,
29/4/20,41.27127,,,
29/4/20,41.70127,,,
29/4/20,38.036,,,
29/4/20,33.08704,,,
29/4/20,26.89387,,,
29/4/20,31.37163,,,
29/4/20,31.74339,,,
29/4/20,31.55145,,,
29/4/20,35.08607,,,
29/4/20,35.93635,,,
29/4/20,38.15844,,,
29/4/20,39.1341,,,
29/4/20,41.83612,,,
29/4/20,54.30951,,,
29/4/20,60.96251,,,
29/4/20,56.13679,,,
29/4/20,47.41653,,,
29/4/20,39.9,,,
29/4/20,38.57321,,,
30/4/20,35.46827,,,
30/4/20,33.71407,,,
30/4/20,31.84684,,,
30/4/20,31.31995,,,
30/4/20,33.47316,,,
30/4/20,35.96946,,,
30/4/20,37.09207,,,
30/4/20,30.70829,,,
30/4/20,21.3413,,,
30/4/20,17.32121,,,
30/4/20,15.60989,,,
30/4/20,15.57599,,,
30/4/20,15.63113,,,
30/4/20,16.56097,,,
30/4/20,18.96174,,,
30/4/20,20.57515,,,
30/4/20,24.19844,,,
30/4/20,29.15486,,,
30/4/20,40.37203,,,
30/4/20,52.36838,,,
30/4/20,50.11882,,,
30/4/20,41.79577,,,
30/4/20,37.89731,,,
30/4/20,36.32905,,,
1/5/20,37.1146,,,
1/5/20,34.59363,,,
1/5/20,35.20315,,,
1/5/20,34.46229,,,
1/5/20,35.45276,,,
1/5/20,38.88605,,,
1/5/20,37.08307,,,
1/5/20,31.16875,,,
1/5/20,20.72324,,,
1/5/20,16.55982,,,
1/5/20,16.71207,,,
1/5/20,15.55935,,,
1/5/20,15.62628,,,
1/5/20,16.30351,,,
1/5/20,18.47115,,,
1/5/20,18.63494,,,
1/5/20,21.61811,,,
1/5/20,30.36847,,,
1/5/20,37.46041,,,
1/5/20,48.02799,,,
1/5/20,47.65241,,,
1/5/20,43.54743,,,
1/5/20,38.96671,,,
1/5/20,37.03076,,,
2/5/20,32.44674,,,
2/5/20,31.25014,,,
2/5/20,31.1716,,,
2/5/20,31.16043,,,
2/5/20,30.17754,,,
2/5/20,29.74184,,,
2/5/20,30.94694,,,
2/5/20,20.58374,,,
2/5/20,15.3382,,,
2/5/20,14.99898,,,
2/5/20,15.18864,,,
2/5/20,15.45086,,,
2/5/20,15.78503,,,
2/5/20,15.83501,,,
2/5/20,15.93053,,,
2/5/20,15.918,,,
2/5/20,16.7643,,,
2/5/20,24.71143,,,
2/5/20,33.06039,,,
2/5/20,46.60192,,,
2/5/20,46.77288,,,
2/5/20,39.88828,,,
2/5/20,38.27182,,,
2/5/20,35.07008,,,
3/5/20,33.93496,,,
3/5/20,32.90023,,,
3/5/20,31.78772,,,
3/5/20,31.79456,,,
3/5/20,32.14724,,,
3/5/20,32.46665,,,
3/5/20,26.93455,,,
3/5/20,16.04549,,,
3/5/20,15.61268,,,
3/5/20,9.727305332,,,
3/5/20,11.56779913,,,
3/5/20,10.04267406,,,
3/5/20,9.111749594,,,
3/5/20,11.01987,,,
3/5/20,13.59619,,,
3/5/20,15.96539,,,
3/5/20,15.96377,,,
3/5/20,20.1886,,,
3/5/20,29.75275,,,
3/5/20,48.82865,,,
3/5/20,48.71986,,,
3/5/20,42.07774,,,
3/5/20,37.28367,,,
3/5/20,33.52219,,,
4/5/20,33.34655,,,
4/5/20,31.96914,,,
4/5/20,31.28151,,,
4/5/20,30.70333,,,
4/5/20,33.01959,,,
4/5/20,38.62913,,,
4/5/20,36.36546,,,
4/5/20,28.99451,,,
4/5/20,20.8882,,,
4/5/20,20.69298,,,
4/5/20,19.19776,,,
4/5/20,18.99665,,,
4/5/20,20.02138,,,
4/5/20,22.25525,,,
4/5/20,21.31108,,,
4/5/20,28.05446,,,
4/5/20,29.64843,,,
4/5/20,31.71489,,,
4/5/20,43.08192,,,
4/5/20,49.79812,,,
4/5/20,48.37399,,,
4/5/20,43.52298,,,
4/5/20,40.44927,,,
4/5/20,37.08336,,,
5/5/20,38.94652,,,
5/5/20,38.21219,,,
5/5/20,35.32861,,,
5/5/20,34.85327,,,
5/5/20,37.35715,,,
5/5/20,41.92278,,,
5/5/20,40.17108,,,
5/5/20,35.99036,,,
5/5/20,26.21382,,,
5/5/20,24.3502,,,
5/5/20,25.29373,,,
5/5/20,22.17227,,,
5/5/20,26.84087,,,
5/5/20,30.93634,,,
5/5/20,33.42288,,,
5/5/20,35.58251,,,
5/5/20,35.31138,,,
5/5/20,37.10434,,,
5/5/20,46.49344,,,
5/5/20,59.74045,,,
5/5/20,52.26293,,,
5/5/20,44.44642,,,
5/5/20,41.71163,,,
5/5/20,38.84172,,,
6/5/20,35.90032,,,
6/5/20,36.23733,,,
6/5/20,35.26221,,,
6/5/20,33.81393,,,
6/5/20,34.3157,,,
6/5/20,40.2974,,,
6/5/20,39.58489,,,
6/5/20,29.38178,,,
6/5/20,26.04498,,,
6/5/20,23.31492,,,
6/5/20,23.15667,,,
6/5/20,20.41384,,,
6/5/20,25.09149,,,
6/5/20,26.6825,,,
6/5/20,28.85667,,,
6/5/20,33.21364,,,
6/5/20,43.22973,,,
6/5/20,39.65895,,,
6/5/20,52.92942,,,
6/5/20,69.05941,,,
6/5/20,60.22327,,,
6/5/20,51.60827,,,
6/5/20,44.65634,,,
6/5/20,41.9857,,,
7/5/20,39.65621,,,
7/5/20,38.17437,,,
7/5/20,38.25035,,,
7/5/20,36.21603,,,
7/5/20,38.11676,,,
7/5/20,44.34275,,,
7/5/20,44.967,,,
7/5/20,37.59754,,,
7/5/20,31.99454,,,
7/5/20,31.01829,,,
7/5/20,33.11647,,,
7/5/20,30.85711,,,
7/5/20,34.266,,,
7/5/20,35.94086,,,
7/5/20,37.7377,,,
7/5/20,39.55237,,,
7/5/20,45.65128,,,
7/5/20,44.829,,,
7/5/20,63.40736,,,
7/5/20,72.90827179,,,
7/5/20,68.86177,,,
7/5/20,50.71668,,,
7/5/20,45.12379,,,
7/5/20,44.23727,,,
8/5/20,38.56481,,,
8/5/20,38.70864,,,
8/5/20,37.6929,,,
8/5/20,37.61516,,,
8/5/20,37.40949,,,
8/5/20,41.35103,,,
8/5/20,41.06888,,,
8/5/20,35.72562,,,
8/5/20,30.24054,,,
8/5/20,28.58137,,,
8/5/20,31.26895,,,
8/5/20,31.25636,,,
8/5/20,33.79312,,,
8/5/20,36.07326,,,
8/5/20,37.35872,,,
8/5/20,38.40698,,,
8/5/20,41.14097,,,
8/5/20,44.84817,,,
8/5/20,54.68775,,,
8/5/20,68.64906,,,
8/5/20,62.74103,,,
8/5/20,48.29783,,,
8/5/20,43.57936,,,
8/5/20,41.6585,,,
9/5/20,41.21836,,,
9/5/20,39.41336,,,
9/5/20,38.2576,,,
9/5/20,38.34215,,,
9/5/20,38.31446,,,
9/5/20,38.93244,,,
9/5/20,37.63286,,,
9/5/20,30.00939,,,
9/5/20,25.74566,,,
9/5/20,22.21015,,,
9/5/20,21.49962,,,
9/5/20,23.13814,,,
9/5/20,25.12682,,,
9/5/20,29.7739,,,
9/5/20,32.06716,,,
9/5/20,35.38834,,,
9/5/20,37.18383,,,
9/5/20,42.7574,,,
9/5/20,50.8195,,,
9/5/20,60.69244,,,
9/5/20,55.23866,,,
9/5/20,48.15493,,,
9/5/20,42.79956,,,
9/5/20,39.40404,,,
10/5/20,40.4484,,,
10/5/20,39.31316,,,
10/5/20,39.3075,,,
10/5/20,38.48015,,,
10/5/20,38.9607,,,
10/5/20,39.23602,,,
10/5/20,33.66853,,,
10/5/20,20.17577,,,
10/5/20,17.11387,,,
10/5/20,15.83535,,,
10/5/20,15.85241,,,
10/5/20,15.96214,,,
10/5/20,15.96705,,,
10/5/20,16.13515,,,
10/5/20,17.13652,,,
10/5/20,22.80282,,,
10/5/20,27.86678,,,
10/5/20,34.75787,,,
10/5/20,45.39812,,,
10/5/20,52.47413,,,
10/5/20,51.9015,,,
10/5/20,45.97437,,,
10/5/20,39.98982,,,
10/5/20,38.23756,,,
11/5/20,38.05684,,,
11/5/20,36.51254,,,
11/5/20,35.33231,,,
11/5/20,35.26414,,,
11/5/20,37.96094,,,
11/5/20,40.8755,,,
11/5/20,41.86714,,,
11/5/20,37.31211,,,
11/5/20,26.66037,,,
11/5/20,22.69237,,,
11/5/20,19.01142,,,
11/5/20,17.12996,,,
11/5/20,16.08616,,,
11/5/20,18.75604,,,
11/5/20,19.9163,,,
11/5/20,24.32496,,,
11/5/20,28.22533,,,
11/5/20,37.53,,,
11/5/20,43.77365,,,
11/5/20,54.35581,,,
11/5/20,54.54074,,,
11/5/20,47.42052,,,
11/5/20,42.71904,,,
11/5/20,39.27379,,,
12/5/20,37.54659,,,
12/5/20,38.04471,,,
12/5/20,35.8204,,,
12/5/20,36.45094,,,
12/5/20,38.69799,,,
12/5/20,42.16409,,,
12/5/20,41.23395,,,
12/5/20,37.59482,,,
12/5/20,31.07338,,,
12/5/20,23.98141,,,
12/5/20,21.35918,,,
12/5/20,20.10311,,,
12/5/20,19.54673,,,
12/5/20,20.02024,,,
12/5/20,18.61165,,,
12/5/20,20.46155,,,
12/5/20,24.7226,,,
12/5/20,30.6081,,,
12/5/20,41.45928,,,
12/5/20,52.46456,,,
12/5/20,53.39573,,,
12/5/20,46.89362,,,
12/5/20,43.33983,,,
12/5/20,38.53792,,,
13/5/20,38.98067,,,
13/5/20,36.83965,,,
13/5/20,35.46234,,,
13/5/20,35.17672,,,
13/5/20,37.49391,,,
13/5/20,40.09248,,,
13/5/20,38.90896,,,
13/5/20,31.25381,,,
13/5/20,19.14532,,,
13/5/20,15.96663,,,
13/5/20,15.52201,,,
13/5/20,15.42641,,,
13/5/20,15.29983,,,
13/5/20,15.46044,,,
13/5/20,15.45408,,,
13/5/20,15.69295,,,
13/5/20,15.51729,,,
13/5/20,22.36725,,,
13/5/20,39.0547,,,
13/5/20,51.0646,,,
13/5/20,53.56529,,,
13/5/20,47.605,,,
13/5/20,41.03873,,,
13/5/20,37.67946,,,
14/5/20,34.28457,,,
14/5/20,34.9683,,,
14/5/20,34.9502,,,
14/5/20,34.28262,,,
14/5/20,34.39382,,,
14/5/20,37.91339,,,
14/5/20,39.52667,,,
14/5/20,29.91114,,,
14/5/20,21.23442,,,
14/5/20,15.69051,,,
14/5/20,15.55343,,,
14/5/20,15.49547,,,
14/5/20,15.56449,,,
14/5/20,15.74324,,,
14/5/20,15.77789,,,
14/5/20,16.49851,,,
14/5/20,19.21673,,,
14/5/20,29.03143,,,
14/5/20,40.886,,,
14/5/20,50.22887,,,
14/5/20,54.64557,,,
14/5/20,49.55425,,,
14/5/20,43.32805,,,
14/5/20,37.21126,,,
15/5/20,36.44481,,,
15/5/20,35.62961,,,
15/5/20,33.98559,,,
15/5/20,33.26514,,,
15/5/20,34.87429,,,
15/5/20,40.56138,,,
15/5/20,38.2611,,,
15/5/20,31.66177,,,
15/5/20,20.32484,,,
15/5/20,15.46947,,,
15/5/20,15.90973,,,
15/5/20,15.84472,,,
15/5/20,15.69372,,,
15/5/20,16.39939,,,
15/5/20,18.58489,,,
15/5/20,22.14389,,,
15/5/20,22.83258,,,
15/5/20,32.87819,,,
15/5/20,40.98435,,,
15/5/20,50.57477,,,
15/5/20,52.13689,,,
15/5/20,48.5871,,,
15/5/20,42.27195,,,
15/5/20,37.97829,,,
16/5/20,37.69079,,,
16/5/20,37.06209,,,
16/5/20,36.74668,,,
16/5/20,34.93128,,,
16/5/20,38.04407,,,
16/5/20,39.3665,,,
16/5/20,35.82574,,,
16/5/20,27.28285,,,
16/5/20,21.3371,,,
16/5/20,19.33862,,,
16/5/20,19.41344,,,
16/5/20,18.89311,,,
16/5/20,21.81955,,,
16/5/20,24.60077,,,
16/5/20,29.59943,,,
16/5/20,35.22302,,,
16/5/20,35.55491,,,
16/5/20,38.44957,,,
16/5/20,48.41943,,,
16/5/20,54.74132,,,
16/5/20,54.71582,,,
16/5/20,50.46968,,,
16/5/20,46.19849,,,
16/5/20,41.00507,,,
17/5/20,37.67712,,,
17/5/20,35.77883,,,
17/5/20,34.99958,,,
17/5/20,35.50838,,,
17/5/20,37.0648,,,
17/5/20,36.27791,,,
17/5/20,33.96341,,,
17/5/20,20.13484,,,
17/5/20,17.1351,,,
17/5/20,15.74006,,,
17/5/20,15.8307,,,
17/5/20,15.86289,,,
17/5/20,16.01989,,,
17/5/20,18.4995,,,
17/5/20,19.40382,,,
17/5/20,26.57744,,,
17/5/20,29.47,,,
17/5/20,36.76789,,,
17/5/20,44.2665,,,
17/5/20,51.94197,,,
17/5/20,53.48572,,,
17/5/20,49.3267,,,
17/5/20,44.09076,,,
17/5/20,38.48395,,,
18/5/20,35.53203,,,
18/5/20,35.48268,,,
18/5/20,34.50457,,,
18/5/20,33.92138,,,
18/5/20,35.60273,,,
18/5/20,40.16501,,,
18/5/20,38.63978,,,
18/5/20,37.96341,,,
18/5/20,36.22289,,,
18/5/20,35.59106,,,
18/5/20,32.08685,,,
18/5/20,31.31859,,,
18/5/20,29.46827,,,
18/5/20,29.86066,,,
18/5/20,29.36132,,,
18/5/20,33.40683,,,
18/5/20,33.88389,,,
18/5/20,37.29732,,,
18/5/20,40.68623,,,
18/5/20,51.76929,,,
18/5/20,50.6033,,,
18/5/20,43.42983,,,
18/5/20,36.96979,,,
18/5/20,35.40717,,,
19/5/20,34.09054,,,
19/5/20,31.755,,,
19/5/20,29.84826,,,
19/5/20,27.97922,,,
19/5/20,30.7083,,,
19/5/20,35.81985,,,
19/5/20,35.62165,,,
19/5/20,23.56843,,,
19/5/20,18.80589,,,
19/5/20,15.47951,,,
19/5/20,15.41108,,,
19/5/20,15.24511,,,
19/5/20,15.57543,,,
19/5/20,15.63076,,,
19/5/20,15.65063,,,
19/5/20,15.96461,,,
19/5/20,18.00569,,,
19/5/20,24.69942,,,
19/5/20,36.38474,,,
19/5/20,49.88741,,,
19/5/20,51.78988,,,
19/5/20,44.53696,,,
19/5/20,38.00856,,,
19/5/20,36.38481,,,
20/5/20,28.3569,,,
20/5/20,25.7011,,,
20/5/20,25.19314,,,
20/5/20,25.00435,,,
20/5/20,25.69829,,,
20/5/20,30.11636,,,
20/5/20,27.73641,,,
20/5/20,18.22001,,,
20/5/20,15.84097,,,
20/5/20,15.54778,,,
20/5/20,15.85546,,,
20/5/20,15.81347,,,
20/5/20,15.66963,,,
20/5/20,15.85318,,,
20/5/20,15.8436,,,
20/5/20,15.82523,,,
20/5/20,16.21495,,,
20/5/20,21.47913,,,
20/5/20,36.39035,,,
20/5/20,46.14412,,,
20/5/20,49.20702,,,
20/5/20,42.91697,,,
20/5/20,39.84861,,,
20/5/20,37.55248,,,
21/5/20,34.36179,,,
21/5/20,30.29674,,,
21/5/20,26.13722,,,
21/5/20,26.01773,,,
21/5/20,30.57402,,,
21/5/20,35.63087,,,
21/5/20,30.41759,,,
21/5/20,21.05819,,,
21/5/20,15.79938,,,
21/5/20,15.38082,,,
21/5/20,15.70549,,,
21/5/20,15.67652,,,
21/5/20,15.62653,,,
21/5/20,16.70621,,,
21/5/20,18.21555,,,
21/5/20,22.55232,,,
21/5/20,26.64876,,,
21/5/20,30.34459,,,
21/5/20,39.0014,,,
21/5/20,45.1155,,,
21/5/20,48.31389,,,
21/5/20,44.49319,,,
21/5/20,40.34042,,,
21/5/20,38.34571,,,
22/5/20,31.9273,,,
22/5/20,28.5739,,,
22/5/20,23.02902,,,
22/5/20,21.5685,,,
22/5/20,23.02352,,,
22/5/20,30.9177,,,
22/5/20,24.93409,,,
22/5/20,16.23221,,,
22/5/20,15.74954,,,
22/5/20,14.37038,,,
22/5/20,15.4004,,,
22/5/20,15.04499,,,
22/5/20,15.80111,,,
22/5/20,15.84619,,,
22/5/20,15.81848,,,
22/5/20,15.91434,,,
22/5/20,16.17514,,,
22/5/20,19.22761,,,
22/5/20,34.07232,,,
22/5/20,45.71041,,,
22/5/20,49.2112,,,
22/5/20,43.08229,,,
22/5/20,38.2167,,,
22/5/20,35.2227,,,
23/5/20,34.0132,,,
23/5/20,29.38435,,,
23/5/20,29.46904,,,
23/5/20,26.57271,,,
23/5/20,29.3226,,,
23/5/20,31.8943,,,
23/5/20,25.00403,,,
23/5/20,16,,,
23/5/20,15.98962,,,
23/5/20,15.72696,,,
23/5/20,15.98986,,,
23/5/20,15.98939,,,
23/5/20,15.66954,,,
23/5/20,15.9889,,,
23/5/20,15.99012,,,
23/5/20,16.7674,,,
23/5/20,19.82611,,,
23/5/20,30.33752,,,
23/5/20,37.79205,,,
23/5/20,49.84076,,,
23/5/20,51.52659,,,
23/5/20,46.80796,,,
23/5/20,40.58279,,,
23/5/20,38.71686,,,
24/5/20,34.92462,,,
24/5/20,32.33756,,,
24/5/20,31.05874,,,
24/5/20,29.44888,,,
24/5/20,31.04377,,,
24/5/20,31.80748,,,
24/5/20,22.35946,,,
24/5/20,16.08017,,,
24/5/20,15.98889,,,
24/5/20,15.85618,,,
24/5/20,15.98783,,,
24/5/20,15.90975,,,
24/5/20,15.92403,,,
24/5/20,16.06875,,,
24/5/20,18.05961,,,
24/5/20,27.30322,,,
24/5/20,31.34787,,,
24/5/20,35.61128,,,
24/5/20,44.02668,,,
24/5/20,54.93035,,,
24/5/20,56.12701,,,
24/5/20,48.01578,,,
24/5/20,41.65087,,,
24/5/20,38.07094,,,
25/5/20,36.40673,,,
25/5/20,35.52425,,,
25/5/20,33.51113,,,
25/5/20,31.59901,,,
25/5/20,33.46245,,,
25/5/20,34.903,,,
25/5/20,24.06361,,,
25/5/20,16,,,
25/5/20,15.83132,,,
25/5/20,15.83317,,,
25/5/20,15.8358,,,
25/5/20,16.57035,,,
25/5/20,17.18867,,,
25/5/20,20.83904,,,
25/5/20,27.44929,,,
25/5/20,35.28387,,,
25/5/20,35.58004,,,
25/5/20,43.67029,,,
25/5/20,54.93738,,,
25/5/20,68.12104,,,
25/5/20,67.91171,,,
25/5/20,53.61237,,,
25/5/20,45.38743,,,
25/5/20,39.65765,,,
26/5/20,37.41786,,,
26/5/20,35.56308,,,
26/5/20,35.70028,,,
26/5/20,35.05832,,,
26/5/20,38.46549,,,
26/5/20,43.09635,,,
26/5/20,40.8601,,,
26/5/20,35.7491,,,
26/5/20,32.84044,,,
26/5/20,25.68419,,,
26/5/20,25.05668,,,
26/5/20,30.2843,,,
26/5/20,34.47835,,,
26/5/20,38.0323,,,
26/5/20,40.90802,,,
26/5/20,41.50949,,,
26/5/20,42.73144,,,
26/5/20,44.0978,,,
26/5/20,55.05183,,,
26/5/20,74.42337693,,,
26/5/20,74.72626,,,
26/5/20,53.41234,,,
26/5/20,44.58109,,,
26/5/20,42.09931,,,
27/5/20,38.243,,,
27/5/20,37.52865,,,
27/5/20,35.32459,,,
27/5/20,33.71769,,,
27/5/20,34.9947,,,
27/5/20,39.8741,,,
27/5/20,38.54797,,,
27/5/20,33.76123,,,
27/5/20,29.42253,,,
27/5/20,25.16588,,,
27/5/20,27.52039,,,
27/5/20,31.53067,,,
27/5/20,36.62594,,,
27/5/20,39.94636,,,
27/5/20,40.96811,,,
27/5/20,38.44407,,,
27/5/20,41.96181,,,
27/5/20,43.86244,,,
27/5/20,54.24248,,,
27/5/20,73.52064959,,,
27/5/20,68.23266,,,
27/5/20,52.67371,,,
27/5/20,44.89016,,,
27/5/20,41.0521,,,
28/5/20,40.09781,,,
28/5/20,38.64618,,,
28/5/20,36.90599,,,
28/5/20,34.74848,,,
28/5/20,34.98752,,,
28/5/20,40.37507,,,
28/5/20,39.78582,,,
28/5/20,35.77905,,,
28/5/20,28.18337,,,
28/5/20,24.27369,,,
28/5/20,28.00605,,,
28/5/20,33.32619,,,
28/5/20,36.30036,,,
28/5/20,40.04548,,,
28/5/20,43.58327,,,
28/5/20,44.66525,,,
28/5/20,44.62545,,,
28/5/20,47.52619,,,
28/5/20,61.90956,,,
28/5/20,73.61016444,,,
28/5/20,75.25253,,,
28/5/20,54.97135,,,
28/5/20,45.90674,,,
28/5/20,42.85028,,,
29/5/20,41.99381,,,
29/5/20,41.46819,,,
29/5/20,40.2471,,,
29/5/20,39.41727,,,
29/5/20,40.79814,,,
29/5/20,42.54825,,,
29/5/20,40.52588,,,
29/5/20,37.76468,,,
29/5/20,32.81604,,,
29/5/20,28.15557,,,
29/5/20,26.07247,,,
29/5/20,25.26489,,,
29/5/20,27.34101,,,
29/5/20,30.96794,,,
29/5/20,34.66078,,,
29/5/20,35.13454,,,
29/5/20,39.32175,,,
29/5/20,41.84192,,,
29/5/20,53.56228,,,
29/5/20,67.75056,,,
29/5/20,60.45475,,,
29/5/20,51.90452,,,
29/5/20,43.84829,,,
29/5/20,40.96617,,,
30/5/20,38.21812,,,
30/5/20,39.118,,,
30/5/20,37.8276,,,
30/5/20,37.05886,,,
30/5/20,38.79758,,,
30/5/20,38.26354,,,
30/5/20,33.4319,,,
30/5/20,23.57113,,,
30/5/20,18.81437,,,
30/5/20,16.0309,,,
30/5/20,15.6457,,,
30/5/20,15.82448,,,
30/5/20,15.69736,,,
30/5/20,15.81324,,,
30/5/20,15.99319,,,
30/5/20,16.59734,,,
30/5/20,23.17699,,,
30/5/20,32.13491,,,
30/5/20,40.14432,,,
30/5/20,47.8805,,,
30/5/20,48.86869,,,
30/5/20,46.80948,,,
30/5/20,41.12453,,,
30/5/20,37.36369,,,
31/5/20,36.93856,,,
31/5/20,36.70491,,,
31/5/20,36.35525,,,
31/5/20,36.30764,,,
31/5/20,35.6969,,,
31/5/20,37.49165,,,
31/5/20,27.20195,,,
31/5/20,16.01016,,,
31/5/20,16.01408,,,
31/5/20,15.90404,,,
31/5/20,15.70872,,,
31/5/20,15.77395,,,
31/5/20,17.577,,,
31/5/20,20.42278,,,
31/5/20,23.1077,,,
31/5/20,27.50444,,,
31/5/20,32.03751,,,
31/5/20,37.27888,,,
31/5/20,41.1744,,,
31/5/20,45.79945,,,
31/5/20,46.2436,,,
31/5/20,46.82005,,,
31/5/20,41.66998,,,
31/5/20,37.57765,,,
1/6/20,37.02875,,,
1/6/20,36.31112,,,
1/6/20,35.25615,,,
1/6/20,35.00023,,,
1/6/20,36.17215,,,
1/6/20,38.48881,,,
1/6/20,38.93486,,,
1/6/20,32.93576,,,
1/6/20,30.7858,,,
1/6/20,30.56819,,,
1/6/20,30.0682,,,
1/6/20,30.70379,,,
1/6/20,33.80676,,,
1/6/20,36.12131,,,
1/6/20,38.9324,,,
1/6/20,42.68933,,,
1/6/20,43.33915,,,
1/6/20,42.10207,,,
1/6/20,42.78545,,,
1/6/20,62.41531,,,
1/6/20,54.34962,,,
1/6/20,44.36183,,,
1/6/20,41.37258,,,
1/6/20,40.89678,,,
2/6/20,42.84825,,,
2/6/20,40.38772,,,
2/6/20,39.61665,,,
2/6/20,39.6095,,,
2/6/20,40.66319,,,
2/6/20,42.18921,,,
2/6/20,44.12789,,,
2/6/20,36.45,,,
2/6/20,33.80293,,,
2/6/20,33.49055,,,
2/6/20,33.68604,,,
2/6/20,34.29316,,,
2/6/20,38.1171,,,
2/6/20,41.40677,,,
2/6/20,44.59313,,,
2/6/20,46.67238,,,
2/6/20,46.79027,,,
2/6/20,51.71045,,,
2/6/20,70.42118,,,
2/6/20,70.58304606,,,
2/6/20,76.34374,,,
2/6/20,53.5845,,,
2/6/20,46.83289,,,
2/6/20,44.90437,,,
3/6/20,43.34661,,,
3/6/20,42.36725,,,
3/6/20,40.21074,,,
3/6/20,39.1212,,,
3/6/20,38.70927,,,
3/6/20,42.60361,,,
3/6/20,41.24312,,,
3/6/20,33.61582,,,
3/6/20,30.39102,,,
3/6/20,30.90097,,,
3/6/20,32.09141,,,
3/6/20,34.85389,,,
3/6/20,40.66665,,,
3/6/20,37.26269,,,
3/6/20,49.04244,,,
3/6/20,51.87541,,,
3/6/20,54.39832,,,
3/6/20,59.59854,,,
3/6/20,72.67808846,,,
3/6/20,69.58709252,,,
3/6/20,70.25403529,,,
3/6/20,57.41147,,,
3/6/20,49.89255,,,
3/6/20,45.21823,,,
4/6/20,43.26881,,,
4/6/20,42.32987,,,
4/6/20,39.97457,,,
4/6/20,39.19716,,,
4/6/20,39.03922,,,
4/6/20,43.78013,,,
4/6/20,43.41312,,,
4/6/20,34.9733,,,
4/6/20,31.91252,,,
4/6/20,32.58991,,,
4/6/20,32.77276,,,
4/6/20,34.89735,,,
4/6/20,38.80297,,,
4/6/20,40.5507,,,
4/6/20,45.46088,,,
4/6/20,47.72472,,,
4/6/20,46.4687,,,
4/6/20,52.47447,,,
4/6/20,72.86685,,,
4/6/20,65.65762699,,,
4/6/20,69.61057,,,
4/6/20,54.71485,,,
4/6/20,47.65318,,,
4/6/20,44.80153,,,
5/6/20,43.68233,,,
5/6/20,42.84603,,,
5/6/20,40.63506,,,
5/6/20,39.97346,,,
5/6/20,40.43245,,,
5/6/20,43.4124,,,
5/6/20,42.15191,,,
5/6/20,37.64385,,,
5/6/20,33.84889,,,
5/6/20,31.18974,,,
5/6/20,30.60528,,,
5/6/20,32.57729,,,
5/6/20,30.41462,,,
5/6/20,31.99784,,,
5/6/20,32.58038,,,
5/6/20,35.73392,,,
5/6/20,35.7476,,,
5/6/20,39.74323,,,
5/6/20,46.72754,,,
5/6/20,60.83151,,,
5/6/20,53.05513,,,
5/6/20,46.98322,,,
5/6/20,41.83084,,,
5/6/20,39.16389,,,
6/6/20,39.47614,,,
6/6/20,38.94485,,,
6/6/20,37.50802,,,
6/6/20,37.5013,,,
6/6/20,36.45368,,,
6/6/20,37.46779,,,
6/6/20,31.04853,,,
6/6/20,16.15802,,,
6/6/20,15.88572,,,
6/6/20,15.82268,,,
6/6/20,15.73556,,,
6/6/20,15.29563,,,
6/6/20,15.20991,,,
6/6/20,15.17032,,,
6/6/20,15.21419,,,
6/6/20,15.78574,,,
6/6/20,15.77667,,,
6/6/20,21.59869,,,
6/6/20,36.0078,,,
6/6/20,56.5045,,,
6/6/20,52.83137,,,
6/6/20,47.41933,,,
6/6/20,41.73536,,,
6/6/20,39.55309,,,
7/6/20,35.38888,,,
7/6/20,35.58188,,,
7/6/20,33.43717,,,
7/6/20,33.36621,,,
7/6/20,33.99143,,,
7/6/20,33.50025,,,
7/6/20,21.88154,,,
7/6/20,15.98987,,,
7/6/20,11.4253,,,
7/6/20,9.670901112,,,
7/6/20,9.917903365,,,
7/6/20,10.48686613,,,
7/6/20,10.02891857,,,
7/6/20,10.38057446,,,
7/6/20,11.81259,,,
7/6/20,11.09649,,,
7/6/20,15.49665,,,
7/6/20,15.78051,,,
7/6/20,38.69806,,,
7/6/20,51.75816,,,
7/6/20,52.95153,,,
7/6/20,51.44819,,,
7/6/20,42.41031,,,
7/6/20,39.64719,,,
8/6/20,36.73262,,,
8/6/20,35.35589,,,
8/6/20,35.32007,,,
8/6/20,35.86579,,,
8/6/20,37.44318,,,
8/6/20,42.7097,,,
8/6/20,40.18039,,,
8/6/20,20.64897,,,
8/6/20,15.79217,,,
8/6/20,15.81157,,,
8/6/20,15.79415,,,
8/6/20,16.30271,,,
8/6/20,17.8132,,,
8/6/20,20.95955,,,
8/6/20,25.10587,,,
8/6/20,32.24279,,,
8/6/20,35.90558,,,
8/6/20,43.19188,,,
8/6/20,54.70385,,,
8/6/20,71.3857,,,
8/6/20,61.758,,,
8/6/20,55.15426,,,
8/6/20,47.8331,,,
8/6/20,42.91012,,,
9/6/20,40.21068,,,
9/6/20,39.90322,,,
9/6/20,40.27176,,,
9/6/20,40.18954,,,
9/6/20,40.28972,,,
9/6/20,43.44461,,,
9/6/20,40.938,,,
9/6/20,30.39095,,,
9/6/20,20.73837,,,
9/6/20,17.42161,,,
9/6/20,19.6083,,,
9/6/20,21.65824,,,
9/6/20,27.00206,,,
9/6/20,32.90407,,,
9/6/20,36.47399,,,
9/6/20,40.04415,,,
9/6/20,44.4061,,,
9/6/20,45.37003,,,
9/6/20,60.64303,,,
9/6/20,68.91514245,,,
9/6/20,60.72317,,,
9/6/20,49.1555,,,
9/6/20,44.8562,,,
9/6/20,43.03049,,,
10/6/20,42.92846,,,
10/6/20,40.51897,,,
10/6/20,38.73115,,,
10/6/20,38.15337,,,
10/6/20,39.37889,,,
10/6/20,40.75515,,,
10/6/20,41.24666,,,
10/6/20,32.07038,,,
10/6/20,22.78282,,,
10/6/20,23.1005,,,
10/6/20,24.6381,,,
10/6/20,31.0211,,,
10/6/20,34.62114,,,
10/6/20,36.48583,,,
10/6/20,41.01494,,,
10/6/20,42.44336,,,
10/6/20,45.9306,,,
10/6/20,48.4145,,,
10/6/20,68.64213,,,
10/6/20,70.96519847,,,
10/6/20,63.74661,,,
10/6/20,51.09234,,,
10/6/20,44.98641,,,
10/6/20,43.30972,,,
11/6/20,40.45348,,,
11/6/20,40.178,,,
11/6/20,39.22689,,,
11/6/20,38.24362,,,
11/6/20,39.34714,,,
11/6/20,41.28386,,,
11/6/20,41.02319,,,
11/6/20,36.72357,,,
11/6/20,26.04633,,,
11/6/20,24.34876,,,
11/6/20,21.1192,,,
11/6/20,26.01648,,,
11/6/20,30.87581,,,
11/6/20,38.80636,,,
11/6/20,36.21491,,,
11/6/20,42.01012,,,
11/6/20,44.99988,,,
11/6/20,47.61033,,,
11/6/20,63.86676,,,
11/6/20,66.56193796,,,
11/6/20,64.65213,,,
11/6/20,51.58473,,,
11/6/20,45.14342,,,
11/6/20,43.50112,,,
12/6/20,42.57037,,,
12/6/20,41.66036,,,
12/6/20,41.1312,,,
12/6/20,40.24481,,,
12/6/20,41.79048,,,
12/6/20,42.5758,,,
12/6/20,41.62203,,,
12/6/20,36.39122,,,
12/6/20,32.08141,,,
12/6/20,27.7008,,,
12/6/20,27.64425,,,
12/6/20,26.10799,,,
12/6/20,25.57343,,,
12/6/20,27.96588,,,
12/6/20,30.39913,,,
12/6/20,34.07489,,,
12/6/20,34.71536,,,
12/6/20,40.16923,,,
12/6/20,48.49053,,,
12/6/20,58.84243,,,
12/6/20,55.13491,,,
12/6/20,48.48119,,,
12/6/20,41.06842,,,
12/6/20,37.96991,,,
13/6/20,37.65631,,,
13/6/20,37.75404,,,
13/6/20,36.95685,,,
13/6/20,35.427,,,
13/6/20,37.32356,,,
13/6/20,36.81077,,,
13/6/20,30.81056,,,
13/6/20,15.99817,,,
13/6/20,15.90446,,,
13/6/20,15.38957,,,
13/6/20,15.2822,,,
13/6/20,15.89788,,,
13/6/20,15.31611,,,
13/6/20,15.09036,,,
13/6/20,15.41198,,,
13/6/20,15.68671,,,
13/6/20,17.15111,,,
13/6/20,25.29398,,,
13/6/20,38.12748,,,
13/6/20,51.3726,,,
13/6/20,51.89836,,,
13/6/20,48.39707,,,
13/6/20,41.73692,,,
13/6/20,38.52785,,,
14/6/20,38.06819,,,
14/6/20,36.58425,,,
14/6/20,35.84501,,,
14/6/20,34.6088,,,
14/6/20,35.07346,,,
14/6/20,35.01129,,,
14/6/20,23.66766,,,
14/6/20,15.98998,,,
14/6/20,15.98956,,,
14/6/20,15.98831,,,
14/6/20,15.01337,,,
14/6/20,15.98491,,,
14/6/20,15.93602,,,
14/6/20,17.64636,,,
14/6/20,22.95807,,,
14/6/20,28.32569,,,
14/6/20,30.18805,,,
14/6/20,37.72696,,,
14/6/20,43.5767,,,
14/6/20,51.64729,,,
14/6/20,52.41276,,,
14/6/20,49.83164,,,
14/6/20,43.80856,,,
14/6/20,39.75308,,,
15/6/20,35.5703,,,
15/6/20,35.65398,,,
15/6/20,34.37662,,,
15/6/20,34.31606,,,
15/6/20,36.04309,,,
15/6/20,41.39527,,,
15/6/20,37.76378,,,
15/6/20,30.81482,,,
15/6/20,25.6248,,,
15/6/20,25.17149,,,
15/6/20,26.564,,,
15/6/20,30.19285,,,
15/6/20,32.58127,,,
15/6/20,34.13181,,,
15/6/20,35.41471,,,
15/6/20,37.91342,,,
15/6/20,38.91815,,,
15/6/20,41.93767,,,
15/6/20,51.50216,,,
15/6/20,58.78389,,,
15/6/20,53.45222,,,
15/6/20,52.00669,,,
15/6/20,42.50057,,,
15/6/20,40.13963,,,
16/6/20,38.21458,,,
16/6/20,37.49656,,,
16/6/20,35.55514,,,
16/6/20,36.56938,,,
16/6/20,37.2046,,,
16/6/20,40.58697,,,
16/6/20,39.00115,,,
16/6/20,31.53557,,,
16/6/20,22.89638,,,
16/6/20,18.13088,,,
16/6/20,16.3574,,,
16/6/20,17.33447,,,
16/6/20,19.45384,,,
16/6/20,21.195,,,
16/6/20,26.68492,,,
16/6/20,28.94126,,,
16/6/20,31.32722,,,
16/6/20,32.36837,,,
16/6/20,44.32534,,,
16/6/20,54.27994,,,
16/6/20,55.31391,,,
16/6/20,51.56063,,,
16/6/20,43.52542,,,
16/6/20,40.90147,,,
17/6/20,38.45846,,,
17/6/20,36.5627,,,
17/6/20,34.94137,,,
17/6/20,34.38882,,,
17/6/20,35.64594,,,
17/6/20,40.91596,,,
17/6/20,39.01956,,,
17/6/20,29.54435,,,
17/6/20,24.13302,,,
17/6/20,23.0765,,,
17/6/20,24.05538,,,
17/6/20,25.36303,,,
17/6/20,25.74745,,,
17/6/20,30.4104,,,
17/6/20,32.31473,,,
17/6/20,33.73533,,,
17/6/20,37.07591,,,
17/6/20,42.758,,,
17/6/20,50.56866,,,
17/6/20,59.72844,,,
17/6/20,58.70785,,,
17/6/20,52.09101,,,
17/6/20,42.66281,,,
17/6/20,40.12767,,,
18/6/20,38.04215,,,
18/6/20,35.65731,,,
18/6/20,36.64129,,,
18/6/20,35.69779,,,
18/6/20,40.01742,,,
18/6/20,41.1455,,,
18/6/20,42.3435,,,
18/6/20,32.73315,,,
18/6/20,27.64293,,,
18/6/20,25.48932,,,
18/6/20,25.49681,,,
18/6/20,25.16495,,,
18/6/20,26.94837,,,
18/6/20,32.35275,,,
18/6/20,35.58095,,,
18/6/20,36.07957,,,
18/6/20,39.76075,,,
18/6/20,42.63961,,,
18/6/20,51.88988,,,
18/6/20,63.63837,,,
18/6/20,57.0344,,,
18/6/20,49.82663,,,
18/6/20,41.65075,,,
18/6/20,39.36073,,,
19/6/20,37.29586,,,
19/6/20,37.00281,,,
19/6/20,35.74193,,,
19/6/20,35.91419,,,
19/6/20,38.04785,,,
19/6/20,43.05284,,,
19/6/20,40.87089,,,
19/6/20,34.17585,,,
19/6/20,29.45574,,,
19/6/20,29.43542,,,
19/6/20,29.43225,,,
19/6/20,29.58491,,,
19/6/20,31.6717,,,
19/6/20,34.10623,,,
19/6/20,34.95774,,,
19/6/20,37.5367,,,
19/6/20,37.41885,,,
19/6/20,38.31908,,,
19/6/20,42.77017,,,
19/6/20,54.12652,,,
19/6/20,52.19733,,,
19/6/20,47.31401,,,
19/6/20,39.9266,,,
19/6/20,39.06464,,,
20/6/20,38.16614,,,
20/6/20,36.75259,,,
20/6/20,36.67502,,,
20/6/20,35.5839,,,
20/6/20,35.52106,,,
20/6/20,36.65839,,,
20/6/20,36.26044,,,
20/6/20,24.38786,,,
20/6/20,20.21593,,,
20/6/20,20.48179,,,
20/6/20,18.90509,,,
20/6/20,21.86011,,,
20/6/20,24.27551,,,
20/6/20,26.31495,,,
20/6/20,28.32176,,,
20/6/20,31.36088,,,
20/6/20,35.04456,,,
20/6/20,38.04768,,,
20/6/20,43.08633,,,
20/6/20,53.20805,,,
20/6/20,51.43628,,,
20/6/20,48.40042,,,
20/6/20,40.18336,,,
20/6/20,38.00052,,,
21/6/20,37.43574,,,
21/6/20,36.6118,,,
21/6/20,35.72544,,,
21/6/20,35.28425,,,
21/6/20,35.40146,,,
21/6/20,35.83353,,,
21/6/20,28.79171,,,
21/6/20,16.00196,,,
21/6/20,15.99824,,,
21/6/20,15.98992,,,
21/6/20,16.00086,,,
21/6/20,16,,,
21/6/20,16.31422,,,
21/6/20,24.16774,,,
21/6/20,28.65482,,,
21/6/20,32.97223,,,
21/6/20,36.1656,,,
21/6/20,38.75577,,,
21/6/20,45.30139,,,
21/6/20,52.43435,,,
21/6/20,53.58148,,,
21/6/20,48.86073,,,
21/6/20,40.73892,,,
21/6/20,38.07716,,,
22/6/20,35.38386,,,
22/6/20,35.09227,,,
22/6/20,33.78977,,,
22/6/20,33.77567,,,
22/6/20,35.24982,,,
22/6/20,39.13863,,,
22/6/20,42.68744,,,
22/6/20,33.21478,,,
22/6/20,30.57323,,,
22/6/20,30.91851,,,
22/6/20,32.2429,,,
22/6/20,34.33472,,,
22/6/20,37.98209,,,
22/6/20,40.27503,,,
22/6/20,43.27267,,,
22/6/20,44.11626,,,
22/6/20,47.59737,,,
22/6/20,50.55143,,,
22/6/20,56.78876,,,
22/6/20,69.80279648,,,
22/6/20,60.92122,,,
22/6/20,51.81895,,,
22/6/20,43.33702,,,
22/6/20,39.14941,,,
23/6/20,40.75,,,
23/6/20,38.9287,,,
23/6/20,37.02939,,,
23/6/20,36.8149,,,
23/6/20,38.90478,,,
23/6/20,41.85846,,,
23/6/20,42.65465,,,
23/6/20,35.19344,,,
23/6/20,31.75273,,,
23/6/20,32.6229,,,
23/6/20,33.20829,,,
23/6/20,37.21733,,,
23/6/20,40.41225,,,
23/6/20,42.6079,,,
23/6/20,43.6172,,,
23/6/20,46.33984,,,
23/6/20,48.07473,,,
23/6/20,52.60259,,,
23/6/20,61.67017,,,
23/6/20,69.63935313,,,
23/6/20,65.94564,,,
23/6/20,66.220504,,,
23/6/20,44.77769,,,
23/6/20,42.83828,,,
24/6/20,40.2745,,,
24/6/20,39.42478,,,
24/6/20,38.43031,,,
24/6/20,37.66297,,,
24/6/20,38.80573,,,
24/6/20,43.05023,,,
24/6/20,44.68956,,,
24/6/20,39.63881,,,
24/6/20,37.58356,,,
24/6/20,36.68226,,,
24/6/20,38.04849,,,
24/6/20,39.29725,,,
24/6/20,40.57833,,,
24/6/20,42.81728,,,
24/6/20,45.78504,,,
24/6/20,46.55718,,,
24/6/20,49.28702,,,
24/6/20,51.49395,,,
24/6/20,61.08721,,,
24/6/20,75.81424,,,
24/6/20,61.6934,,,
24/6/20,52.48319,,,
24/6/20,44.5483,,,
24/6/20,41.64704,,,
25/6/20,39.20821,,,
25/6/20,38.45973,,,
25/6/20,37.32636,,,
25/6/20,36.81421,,,
25/6/20,38.82861,,,
25/6/20,42.25507,,,
25/6/20,41.02971,,,
25/6/20,34.77006,,,
25/6/20,31.19375,,,
25/6/20,32.81205,,,
25/6/20,34.13741,,,
25/6/20,35.3701,,,
25/6/20,36.96582,,,
25/6/20,39.74112,,,
25/6/20,43.04276,,,
25/6/20,43.55573,,,
25/6/20,44.32261,,,
25/6/20,46.79959,,,
25/6/20,53.15091,,,
25/6/20,65.32312,,,
25/6/20,56.18677,,,
25/6/20,51.67519,,,
25/6/20,43.87393,,,
25/6/20,41.6191,,,
26/6/20,41.36477,,,
26/6/20,37.58113,,,
26/6/20,37.11938,,,
26/6/20,36.85431,,,
26/6/20,36.95922,,,
26/6/20,41.71162,,,
26/6/20,40.36388,,,
26/6/20,36.28968,,,
26/6/20,31.48499,,,
26/6/20,31.21214,,,
26/6/20,33.21651,,,
26/6/20,34.7582,,,
26/6/20,36.61245,,,
26/6/20,40.78034,,,
26/6/20,41.36205,,,
26/6/20,42.19438,,,
26/6/20,45.76027,,,
26/6/20,43.74011,,,
26/6/20,53.2995,,,
26/6/20,63.27344,,,
26/6/20,57.16816,,,
26/6/20,49.33197,,,
26/6/20,43.09458,,,
26/6/20,40.29178,,,
27/6/20,38.41911,,,
27/6/20,36.46457,,,
27/6/20,34.74111,,,
27/6/20,40.83864,,,
27/6/20,39.44631,,,
27/6/20,40.43496,,,
27/6/20,38.02162,,,
27/6/20,31.56079,,,
27/6/20,27.55099,,,
27/6/20,27.19753,,,
27/6/20,28.2336,,,
27/6/20,31.25494,,,
27/6/20,33.49675,,,
27/6/20,35.19275,,,
27/6/20,36.66917,,,
27/6/20,38.96029,,,
27/6/20,42.15936,,,
27/6/20,42.42356,,,
27/6/20,48.37479,,,
27/6/20,58.01812,,,
27/6/20,53.78211,,,
27/6/20,50.68146,,,
27/6/20,43.0733,,,
27/6/20,40.33852,,,
28/6/20,39.35569,,,
28/6/20,37.44691,,,
28/6/20,37.54105,,,
28/6/20,39.05668,,,
28/6/20,36.52679,,,
28/6/20,37.53689,,,
28/6/20,34.79835,,,
28/6/20,25.41274,,,
28/6/20,18.05515,,,
28/6/20,16.02817,,,
28/6/20,16,,,
28/6/20,16,,,
28/6/20,16,,,
28/6/20,16.01026,,,
28/6/20,18.31396,,,
28/6/20,27.73602,,,
28/6/20,30.49663,,,
28/6/20,35.7009,,,
28/6/20,43.8368,,,
28/6/20,49.67808,,,
28/6/20,54.18979,,,
28/6/20,46.74723,,,
28/6/20,40.27753,,,
28/6/20,37.3294,,,
29/6/20,39.19069,,,
29/6/20,36.32299,,,
29/6/20,34.23864,,,
29/6/20,34.74273,,,
29/6/20,37.23099,,,
29/6/20,41.66166,,,
29/6/20,38.57816,,,
29/6/20,36.47007,,,
29/6/20,29.70519,,,
29/6/20,27.25944,,,
29/6/20,27.61853,,,
29/6/20,30.56682,,,
29/6/20,30.02868,,,
29/6/20,30.70963,,,
29/6/20,32.20007,,,
29/6/20,33.80782,,,
29/6/20,33.83806,,,
29/6/20,38.54348,,,
29/6/20,43.45256,,,
29/6/20,54.00823,,,
29/6/20,53.34411,,,
29/6/20,47.24105,,,
29/6/20,41.15865,,,
29/6/20,39.66801,,,
30/6/20,36.52944,,,
30/6/20,37.59749,,,
30/6/20,36.5053,,,
30/6/20,37.22763,,,
30/6/20,37.38208,,,
30/6/20,43.99837,,,
30/6/20,40.75769,,,
30/6/20,36.68537,,,
30/6/20,29.54758,,,
30/6/20,27.89121,,,
30/6/20,25.7993,,,
30/6/20,27.78571,,,
30/6/20,28.27106,,,
30/6/20,32.36554,,,
30/6/20,34.48293,,,
30/6/20,36.15036,,,
30/6/20,36.79247,,,
30/6/20,38.78988,,,
30/6/20,46.05317,,,
30/6/20,56.20801,,,
30/6/20,52.88115,,,
30/6/20,48.51615,,,
30/6/20,41.20421,,,
30/6/20,38.74952,,,
1/7/20,36.73695,,,
1/7/20,35.57708,,,
1/7/20,36.74856,,,
1/7/20,35.79141,,,
1/7/20,38.13634,,,
1/7/20,41.27388,,,
1/7/20,43.92998,,,
1/7/20,36.81863,,,
1/7/20,30.53677,,,
1/7/20,29.99749,,,
1/7/20,29.48611,,,
1/7/20,30.09431,,,
1/7/20,32.78892,,,
1/7/20,35.10602,,,
1/7/20,36.81116,,,
1/7/20,37.97691,,,
1/7/20,38.46535,,,
1/7/20,40.21103,,,
1/7/20,46.27165,,,
1/7/20,53.34479,,,
1/7/20,51.93738,,,
1/7/20,45.41574,,,
1/7/20,41.43667,,,
1/7/20,38.83915,,,
2/7/20,37.63676,,,
2/7/20,35.7736,,,
2/7/20,35.48458,,,
2/7/20,35.41376,,,
2/7/20,37.08788,,,
2/7/20,38.66801,,,
2/7/20,40.77269,,,
2/7/20,34.62348,,,
2/7/20,30.92917,,,
2/7/20,30.49313,,,
2/7/20,30.07418,,,
2/7/20,30.41558,,,
2/7/20,31.74449,,,
2/7/20,33.38063,,,
2/7/20,36.03195,,,
2/7/20,35.42101,,,
2/7/20,38.37104,,,
2/7/20,39.321,,,
2/7/20,44.60287,,,
2/7/20,53.43252,,,
2/7/20,52.3478,,,
2/7/20,47.86865,,,
2/7/20,42.62693,,,
2/7/20,40.19081,,,
3/7/20,36.7574,,,
3/7/20,37.09668,,,
3/7/20,35.88354,,,
3/7/20,35.81844,,,
3/7/20,36.19374,,,
3/7/20,37.29479,,,
3/7/20,36.45601,,,
3/7/20,31.70476,,,
3/7/20,25.35521,,,
3/7/20,22.74383,,,
3/7/20,23.22253,,,
3/7/20,26.98031,,,
3/7/20,28.9023,,,
3/7/20,31.62611,,,
3/7/20,33.588,,,
3/7/20,35.97661,,,
3/7/20,37.81308,,,
3/7/20,39.66413,,,
3/7/20,45.28491,,,
3/7/20,55.13925,,,
3/7/20,51.95969,,,
3/7/20,46.40007,,,
3/7/20,40.66287,,,
3/7/20,38.72758,,,
4/7/20,37.38744,,,
4/7/20,35.74067,,,
4/7/20,35.55058,,,
4/7/20,34.8003,,,
4/7/20,35.24951,,,
4/7/20,35.08153,,,
4/7/20,32.51536,,,
4/7/20,23.73154,,,
4/7/20,20.4795,,,
4/7/20,21.04015,,,
4/7/20,22.685,,,
4/7/20,26.41126,,,
4/7/20,29.52726,,,
4/7/20,32.45184,,,
4/7/20,34.3459,,,
4/7/20,35.81528,,,
4/7/20,36.34486,,,
4/7/20,36.776,,,
4/7/20,41.90238,,,
4/7/20,52.36056,,,
4/7/20,49.07203,,,
4/7/20,44.04411,,,
4/7/20,38.49149,,,
4/7/20,35.7177,,,
5/7/20,37.3352,,,
5/7/20,36.51407,,,
5/7/20,33.9992,,,
5/7/20,34.45323,,,
5/7/20,34.35359,,,
5/7/20,34.94138,,,
5/7/20,31.26205,,,
5/7/20,21.04617,,,
5/7/20,16.99948,,,
5/7/20,19.02586,,,
5/7/20,21.11474,,,
5/7/20,26.123,,,
5/7/20,28.9554,,,
5/7/20,33.58729,,,
5/7/20,35.70146,,,
5/7/20,38.09137,,,
5/7/20,41.45115,,,
5/7/20,40.68684,,,
5/7/20,48.33295,,,
5/7/20,61.23852,,,
5/7/20,54.05065,,,
5/7/20,47.04882,,,
5/7/20,39.83774,,,
5/7/20,38.95787,,,
6/7/20,37.92446,,,
6/7/20,36.53186,,,
6/7/20,35.13578,,,
6/7/20,34.88416,,,
6/7/20,35.14917,,,
6/7/20,37.78962,,,
6/7/20,37.85563,,,
6/7/20,34.22204,,,
6/7/20,30.65256,,,
6/7/20,32.3801,,,
6/7/20,33.8769,,,
6/7/20,36.74872,,,
6/7/20,37.45267,,,
6/7/20,37.91724,,,
6/7/20,39.22991,,,
6/7/20,39.96339,,,
6/7/20,38.33142,,,
6/7/20,41.82768,,,
6/7/20,43.23915,,,
6/7/20,60.37015,,,
6/7/20,51.4065,,,
6/7/20,45.52251,,,
6/7/20,40.21652,,,
6/7/20,39.1903,,,
7/7/20,37.84983,,,
7/7/20,38.02041,,,
7/7/20,35.39769,,,
7/7/20,34.99022,,,
7/7/20,35.76709,,,
7/7/20,38.25821,,,
7/7/20,38.77711,,,
7/7/20,33.52665,,,
7/7/20,27.70981,,,
7/7/20,28.38427,,,
7/7/20,29.14675,,,
7/7/20,33.3789,,,
7/7/20,35.49772,,,
7/7/20,37.80411,,,
7/7/20,31.3393,,,
7/7/20,31.86807,,,
7/7/20,33.51986,,,
7/7/20,33.16784,,,
7/7/20,39.93729,,,
7/7/20,52.62173,,,
7/7/20,45.76798,,,
7/7/20,37.46169,,,
7/7/20,34.8946,,,
7/7/20,31.90346,,,
8/7/20,30.62939,,,
8/7/20,29.93367,,,
8/7/20,29.25922,,,
8/7/20,28.75177,,,
8/7/20,29.20485,,,
8/7/20,30.84764,,,
8/7/20,30.66969,,,
8/7/20,26.26778,,,
8/7/20,20.53061,,,
8/7/20,22.4216,,,
8/7/20,25.30534,,,
8/7/20,26.91985,,,
8/7/20,29.30394,,,
8/7/20,32.45528,,,
8/7/20,33.93279,,,
8/7/20,33.66889,,,
8/7/20,36.84238,,,
8/7/20,36.06646,,,
8/7/20,41.5718,,,
8/7/20,60.76949,,,
8/7/20,50.27439,,,
8/7/20,43.65406,,,
8/7/20,35.72754,,,
8/7/20,33.04154,,,
9/7/20,30.39418,,,
9/7/20,31.28507,,,
9/7/20,29.65628,,,
9/7/20,28.77974,,,
9/7/20,29.74137,,,
9/7/20,31.93099,,,
9/7/20,33.28113,,,
9/7/20,26.36983,,,
9/7/20,23.37459,,,
9/7/20,25.20433,,,
9/7/20,26.23478,,,
9/7/20,29.03893,,,
9/7/20,33.95822,,,
9/7/20,34.44584,,,
9/7/20,37.59792,,,
9/7/20,37.05723,,,
9/7/20,38.91302,,,
9/7/20,40.90914,,,
9/7/20,48.44108,,,
9/7/20,71.46111,,,
9/7/20,53.74304,,,
9/7/20,45.29866,,,
9/7/20,37.49868,,,
9/7/20,33.90005,,,
10/7/20,32.05419,,,
10/7/20,32.30583,,,
10/7/20,29.51714,,,
10/7/20,29.23902,,,
10/7/20,31.17092,,,
10/7/20,32.365,,,
10/7/20,36.80042,,,
10/7/20,29.78525,,,
10/7/20,26.74562,,,
10/7/20,28.34992,,,
10/7/20,29.56921,,,
10/7/20,32.66216,,,
10/7/20,35.63962,,,
10/7/20,38.88636,,,
10/7/20,38.53877,,,
10/7/20,41.48592,,,
10/7/20,39.52171,,,
10/7/20,44.48669,,,
10/7/20,52.21743,,,
10/7/20,72.98654,,,
10/7/20,55.03809,,,
10/7/20,49.55517,,,
10/7/20,41.80478,,,
10/7/20,38.80435,,,
11/7/20,34.25008,,,
11/7/20,33.82564,,,
11/7/20,33.47663,,,
11/7/20,32.49421,,,
11/7/20,31.92632,,,
11/7/20,32.38046,,,
11/7/20,33.25828,,,
11/7/20,25.94431,,,
11/7/20,22.1354,,,
11/7/20,25.15561,,,
11/7/20,28.32527,,,
11/7/20,32.72126,,,
11/7/20,34.55134,,,
11/7/20,36.68765,,,
11/7/20,37.00738,,,
11/7/20,38.85422,,,
11/7/20,41.19852,,,
11/7/20,43.52907,,,
11/7/20,54.46925,,,
11/7/20,72.48041,,,
11/7/20,63.67922,,,
11/7/20,49.35493,,,
11/7/20,40.14986,,,
11/7/20,36.79693,,,
12/7/20,33.64732,,,
12/7/20,33.49013,,,
12/7/20,32.30664,,,
12/7/20,31.19841,,,
12/7/20,31.92036,,,
12/7/20,31.63797,,,
12/7/20,29.25033,,,
12/7/20,17.04952,,,
12/7/20,15.36386,,,
12/7/20,20.41184,,,
12/7/20,24.97729,,,
12/7/20,30.42817,,,
12/7/20,33.60568,,,
12/7/20,35.5462,,,
12/7/20,35.81582,,,
12/7/20,36.22922,,,
12/7/20,39.40187,,,
12/7/20,48.52752,,,
12/7/20,52.66973,,,
12/7/20,73.26683,,,
12/7/20,54.80146,,,
12/7/20,47.78539,,,
12/7/20,41.42969,,,
12/7/20,38.2554,,,
13/7/20,34.40272,,,
13/7/20,32.96405,,,
13/7/20,31.09844,,,
13/7/20,29.4497,,,
13/7/20,31.18403,,,
13/7/20,32.27699,,,
13/7/20,33.33477,,,
13/7/20,28.64481,,,
13/7/20,26.16191,,,
13/7/20,26.70496,,,
13/7/20,28.66003,,,
13/7/20,31.89201,,,
13/7/20,35.66561,,,
13/7/20,35.07762,,,
13/7/20,34.46102,,,
13/7/20,38.23527,,,
13/7/20,40.26718,,,
13/7/20,45.45949,,,
13/7/20,52.63478,,,
13/7/20,75.44142,,,
13/7/20,58.49049,,,
13/7/20,48.59655,,,
13/7/20,39.34062,,,
13/7/20,37.48124,,,
14/7/20,34.75568,,,
14/7/20,35.25398,,,
14/7/20,33.76272,,,
14/7/20,32.9941,,,
14/7/20,33.02832,,,
14/7/20,34.63897,,,
14/7/20,36.23315,,,
14/7/20,30.44053,,,
14/7/20,25.87873,,,
14/7/20,25.72954,,,
14/7/20,27.07873,,,
14/7/20,29.71961,,,
14/7/20,32.23619,,,
14/7/20,33.91911,,,
14/7/20,36.01431,,,
14/7/20,37.03443,,,
14/7/20,40.51397,,,
14/7/20,41.7024,,,
14/7/20,53.3162,,,
14/7/20,77.58284,,,
14/7/20,56.91242,,,
14/7/20,46.12786,,,
14/7/20,37.9758,,,
14/7/20,36.23413,,,
15/7/20,32.1895,,,
15/7/20,31.7068,,,
15/7/20,30.93123,,,
15/7/20,30.49804,,,
15/7/20,31.10343,,,
15/7/20,32.6245,,,
15/7/20,34.57668,,,
15/7/20,27.63991,,,
15/7/20,23.74905,,,
15/7/20,24.22261,,,
15/7/20,25.10127,,,
15/7/20,27.5411,,,
15/7/20,31.46124,,,
15/7/20,33.3657,,,
15/7/20,34.88317,,,
15/7/20,35.61697,,,
15/7/20,39.58107,,,
15/7/20,43.10299,,,
15/7/20,51.53635,,,
15/7/20,73.00773,,,
15/7/20,52.66138,,,
15/7/20,42.65529,,,
15/7/20,37.86997,,,
15/7/20,34.52195,,,
16/7/20,32.58673,,,
16/7/20,31.42956,,,
16/7/20,29.16049,,,
16/7/20,29.0348,,,
16/7/20,30.07092,,,
16/7/20,31.68738,,,
16/7/20,33.19111,,,
16/7/20,27.66683,,,
16/7/20,22.37874,,,
16/7/20,22.91487,,,
16/7/20,24.08071,,,
16/7/20,25.7429,,,
16/7/20,28.66448,,,
16/7/20,31.20364,,,
16/7/20,33.84149,,,
16/7/20,34.70642,,,
16/7/20,38.03186,,,
16/7/20,41.09028,,,
16/7/20,51.68498,,,
16/7/20,68.30407,,,
16/7/20,52.34353,,,
16/7/20,41.82737,,,
16/7/20,36.44249,,,
16/7/20,32.92294,,,
17/7/20,30.93023,,,
17/7/20,31.53074,,,
17/7/20,29.37441,,,
17/7/20,29.00865,,,
17/7/20,30.22596,,,
17/7/20,33.00965,,,
17/7/20,34.77331,,,
17/7/20,29.87991,,,
17/7/20,23.5476,,,
17/7/20,22.74702,,,
17/7/20,23.71608,,,
17/7/20,26.2585,,,
17/7/20,29.58701,,,
17/7/20,31.14974,,,
17/7/20,33.48209,,,
17/7/20,33.84955,,,
17/7/20,34.19767,,,
17/7/20,37.84679,,,
17/7/20,42.87806,,,
17/7/20,52.75898,,,
17/7/20,48.61783,,,
17/7/20,39.61081,,,
17/7/20,35.03827,,,
17/7/20,33.22588,,,
18/7/20,30.70985,,,
18/7/20,31.34752,,,
18/7/20,31.12551,,,
18/7/20,31.00336,,,
18/7/20,31.09742,,,
18/7/20,31.06666,,,
18/7/20,31.40064,,,
18/7/20,23.55342,,,
18/7/20,18.22233,,,
18/7/20,19.7354,,,
18/7/20,21.16775,,,
18/7/20,23.22542,,,
18/7/20,28.40005,,,
18/7/20,29.89234,,,
18/7/20,33.49994,,,
18/7/20,34.50211,,,
18/7/20,34.45461,,,
18/7/20,38.76274,,,
18/7/20,49.63368,,,
18/7/20,66.85663,,,
18/7/20,47.27506,,,
18/7/20,38.52286,,,
18/7/20,33.96093,,,
18/7/20,32.0909,,,
19/7/20,32.5593,,,
19/7/20,32.33937,,,
19/7/20,31.83023,,,
19/7/20,31.21268,,,
19/7/20,32.05629,,,
19/7/20,32.49076,,,
19/7/20,31.04928,,,
19/7/20,19.11545,,,
19/7/20,14.43155,,,
19/7/20,17.06156,,,
19/7/20,20.21768,,,
19/7/20,22.83891,,,
19/7/20,27.62456,,,
19/7/20,30.72624,,,
19/7/20,31.25672,,,
19/7/20,32.49594,,,
19/7/20,34.01505,,,
19/7/20,36.48272,,,
19/7/20,47.16878,,,
19/7/20,69.02551,,,
19/7/20,47.32178,,,
19/7/20,41.56757,,,
19/7/20,35.03066,,,
19/7/20,32.58257,,,
20/7/20,31.52014,,,
20/7/20,29.84226,,,
20/7/20,28.86662,,,
20/7/20,28.59114,,,
20/7/20,29.26503,,,
20/7/20,31.12424,,,
20/7/20,33.25417,,,
20/7/20,27.93305,,,
20/7/20,22.88758,,,
20/7/20,22.5684,,,
20/7/20,26.3352,,,
20/7/20,28.21425,,,
20/7/20,32.52905,,,
20/7/20,32.78757,,,
20/7/20,35.15889,,,
20/7/20,35.38,,,
20/7/20,38.80979,,,
20/7/20,42.15596,,,
20/7/20,51.98633,,,
20/7/20,78.04862,,,
20/7/20,52.50273,,,
20/7/20,44.32189,,,
20/7/20,36.69461,,,
20/7/20,34.76255,,,
21/7/20,30.56763,,,
21/7/20,29.3653,,,
21/7/20,29.10661,,,
21/7/20,29.05265,,,
21/7/20,29.54295,,,
21/7/20,30.64013,,,
21/7/20,34.34277,,,
21/7/20,27.96576,,,
21/7/20,24.64777,,,
21/7/20,25.87687,,,
21/7/20,26.85412,,,
21/7/20,29.43824,,,
21/7/20,32.5541,,,
21/7/20,32.51115,,,
21/7/20,33.67904,,,
21/7/20,34.71686,,,
21/7/20,38.11738,,,
21/7/20,42.97791,,,
21/7/20,51.90904,,,
21/7/20,74.25798,,,
21/7/20,50.7353,,,
21/7/20,43.7004,,,
21/7/20,36.9275,,,
21/7/20,34.2323,,,
22/7/20,32.45667,,,
22/7/20,31.81666,,,
22/7/20,30.91371,,,
22/7/20,30.25509,,,
22/7/20,31.07629,,,
22/7/20,33.61364,,,
22/7/20,35.91883,,,
22/7/20,30.04688,,,
22/7/20,25.77153,,,
22/7/20,24.89493,,,
22/7/20,25.36716,,,
22/7/20,25.35075,,,
22/7/20,26.91179,,,
22/7/20,28.72649,,,
22/7/20,30.77358,,,
22/7/20,30.58994,,,
22/7/20,33.68842,,,
22/7/20,33.6925,,,
22/7/20,43.12258,,,
22/7/20,57.74065,,,
22/7/20,46.30114,,,
22/7/20,41.32922,,,
22/7/20,34.42994,,,
22/7/20,32.67691,,,
23/7/20,30.4558,,,
23/7/20,30.71856,,,
23/7/20,30.00986,,,
23/7/20,29.96874,,,
23/7/20,30.79855,,,
23/7/20,33.81619,,,
23/7/20,36.91502,,,
23/7/20,29.19639,,,
23/7/20,24.6356,,,
23/7/20,23.17226,,,
23/7/20,23.91878,,,
23/7/20,24.51453,,,
23/7/20,25.58482,,,
23/7/20,28.97149,,,
23/7/20,29.57022,,,
23/7/20,31.9797,,,
23/7/20,33.89327,,,
23/7/20,33.28209,,,
23/7/20,41.51941,,,
23/7/20,55.6151,,,
23/7/20,45.23887,,,
23/7/20,41.20501,,,
23/7/20,34.20655,,,
23/7/20,31.95639,,,
24/7/20,30.62351,,,
24/7/20,30.34933,,,
24/7/20,29.95927,,,
24/7/20,29.65267,,,
24/7/20,30.90648,,,
24/7/20,34.49383,,,
24/7/20,36.67185,,,
24/7/20,28.76953,,,
24/7/20,23.53531,,,
24/7/20,22.81742,,,
24/7/20,23.51805,,,
24/7/20,24.55736,,,
24/7/20,24.39561,,,
24/7/20,27.61399,,,
24/7/20,28.73867,,,
24/7/20,30.0897,,,
24/7/20,33.02648,,,
24/7/20,33.10708,,,
24/7/20,40.66275,,,
24/7/20,54.0021,,,
24/7/20,45.08296,,,
24/7/20,39.58541,,,
24/7/20,34.03376,,,
24/7/20,31.84564,,,
25/7/20,31.87655,,,
25/7/20,31.73807,,,
25/7/20,30.97238,,,
25/7/20,30.67671,,,
25/7/20,30.78616,,,
25/7/20,31.74794,,,
25/7/20,33.67028,,,
25/7/20,23.92821,,,
25/7/20,18.23579,,,
25/7/20,18.37211,,,
25/7/20,20.04789,,,
25/7/20,21.43048,,,
25/7/20,25.68517,,,
25/7/20,27.74751,,,
25/7/20,30.01243,,,
25/7/20,30.4538,,,
25/7/20,34.64506,,,
25/7/20,35.28974,,,
25/7/20,43.65,,,
25/7/20,58.45689,,,
25/7/20,48.01937,,,
25/7/20,41.60333,,,
25/7/20,34.71235,,,
25/7/20,32.79793,,,
26/7/20,31.82312,,,
26/7/20,32.28323,,,
26/7/20,32.33596,,,
26/7/20,32.04119,,,
26/7/20,32.0683,,,
26/7/20,32.05881,,,
26/7/20,29.5772,,,
26/7/20,21.23072,,,
26/7/20,16.69052,,,
26/7/20,16.75021,,,
26/7/20,18.0929,,,
26/7/20,19.28591,,,
26/7/20,24.08926,,,
26/7/20,28.60635,,,
26/7/20,31.0723,,,
26/7/20,32.70261,,,
26/7/20,33.49604,,,
26/7/20,35.38614,,,
26/7/20,45.79066,,,
26/7/20,59.61527,,,
26/7/20,47.97251,,,
26/7/20,39.81416,,,
26/7/20,35.95309,,,
26/7/20,32.5564,,,
27/7/20,32.89213,,,
27/7/20,31.4548,,,
27/7/20,30.00771,,,
27/7/20,29.92869,,,
27/7/20,30.65974,,,
27/7/20,32.63173,,,
27/7/20,36.84408,,,
27/7/20,31.81618,,,
27/7/20,27.47834,,,
27/7/20,27.83879,,,
27/7/20,28.44811,,,
27/7/20,30.31591,,,
27/7/20,33.5929,,,
27/7/20,35.23864,,,
27/7/20,35.81867,,,
27/7/20,39.29789,,,
27/7/20,43.28855,,,
27/7/20,47.16341,,,
27/7/20,66.77253,,,
27/7/20,68.77951754,,,
27/7/20,55.75482,,,
27/7/20,46.04258,,,
27/7/20,36.34257,,,
27/7/20,35.04177,,,
28/7/20,33.1693,,,
28/7/20,32.55698,,,
28/7/20,33.50491,,,
28/7/20,32.6905,,,
28/7/20,33.2176,,,
28/7/20,35.36639,,,
28/7/20,38.07227,,,
28/7/20,33.81281,,,
28/7/20,28.54107,,,
28/7/20,28.39201,,,
28/7/20,29.81162,,,
28/7/20,31.85645,,,
28/7/20,33.72638,,,
28/7/20,37.12823,,,
28/7/20,37.9565,,,
28/7/20,38.92116,,,
28/7/20,43.60912,,,
28/7/20,46.55415,,,
28/7/20,64.16658,,,
28/7/20,67.57446096,,,
28/7/20,56.68851,,,
28/7/20,48.59868,,,
28/7/20,39.40275,,,
28/7/20,38.06288,,,
29/7/20,36.24407,,,
29/7/20,33.28372,,,
29/7/20,33.02507,,,
29/7/20,32.18768,,,
29/7/20,32.92027,,,
29/7/20,35.3701,,,
29/7/20,42.54703,,,
29/7/20,34.9128,,,
29/7/20,31.22803,,,
29/7/20,31.13921,,,
29/7/20,32.24661,,,
29/7/20,34.4149,,,
29/7/20,37.66792,,,
29/7/20,41.1874,,,
29/7/20,44.01033,,,
29/7/20,48.11346,,,
29/7/20,50.75764,,,
29/7/20,59.39492,,,
29/7/20,71.93313167,,,
29/7/20,69.07920465,,,
29/7/20,72.12858,,,
29/7/20,54.35884,,,
29/7/20,42.17093,,,
29/7/20,40.96189,,,
30/7/20,36.92923,,,
30/7/20,35.89961,,,
30/7/20,34.56017,,,
30/7/20,33.27994,,,
30/7/20,33.74778,,,
30/7/20,34.98216,,,
30/7/20,42.66346,,,
30/7/20,34.18389,,,
30/7/20,30.95163,,,
30/7/20,32.13821,,,
30/7/20,32.93522,,,
30/7/20,35.74736,,,
30/7/20,39.84642,,,
30/7/20,40.90402,,,
30/7/20,39.40485,,,
30/7/20,41.9532,,,
30/7/20,47.25022,,,
30/7/20,50.84164,,,
30/7/20,65.99365,,,
30/7/20,71.11353179,,,
30/7/20,64.03344,,,
30/7/20,54.17687,,,
30/7/20,42.60622,,,
30/7/20,40.89869,,,
31/7/20,36.7207,,,
31/7/20,35.60634,,,
31/7/20,34.7708,,,
31/7/20,33.87963,,,
31/7/20,33.09706,,,
31/7/20,35.14999,,,
31/7/20,38.69491,,,
31/7/20,33.41153,,,
31/7/20,29.80505,,,
31/7/20,31.90677,,,
31/7/20,33.15771,,,
31/7/20,34.58487,,,
31/7/20,40.65848,,,
31/7/20,39.00875,,,
31/7/20,40.14777,,,
31/7/20,42.67778,,,
31/7/20,42.89724,,,
31/7/20,48.07557,,,
31/7/20,72.72264,,,
31/7/20,73.49728038,,,
31/7/20,63.61014,,,
31/7/20,49.10037,,,
31/7/20,43.0686,,,
31/7/20,41.57188,,,
