day,price
1/8/20,26.68107
1/8/20,26.23415
1/8/20,25.51216
1/8/20,24.56736
1/8/20,24.25522
1/8/20,24.86899
1/8/20,26.47469
1/8/20,18.95526
1/8/20,13.75216
1/8/20,15.11929
1/8/20,18.78826
1/8/20,22.61586
1/8/20,26.46179
1/8/20,27.0946
1/8/20,29.40074
1/8/20,32.323
1/8/20,35.90598
1/8/20,41.78911
1/8/20,57.04947
1/8/20,68.01826471
1/8/20,48.78641
1/8/20,39.40352
1/8/20,30.11513
1/8/20,29.04287
2/8/20,26.93547
2/8/20,26.16334
2/8/20,24.22275
2/8/20,23.86792
2/8/20,23.49344
2/8/20,26.12756
2/8/20,23.30895
2/8/20,15.32482
2/8/20,9.424675201
2/8/20,10.16251646
2/8/20,12.68702
2/8/20,16.5898
2/8/20,21.3748
2/8/20,24.32019
2/8/20,26.24202
2/8/20,26.65677
2/8/20,30.68435
2/8/20,31.76723
2/8/20,38.52977
2/8/20,55.52723
2/8/20,39.56868
2/8/20,33.57513
2/8/20,29.01337
2/8/20,25.9237
3/8/20,24.1534
3/8/20,23.33976
3/8/20,21.9159
3/8/20,21.53499
3/8/20,21.91726
3/8/20,25.09136
3/8/20,25.72128
3/8/20,19.91873
3/8/20,13.65298
3/8/20,14.43376
3/8/20,15.19381
3/8/20,18.68481
3/8/20,22.50528
3/8/20,24.89943
3/8/20,26.49417
3/8/20,26.18812
3/8/20,29.57694
3/8/20,32.01857
3/8/20,46.17179
3/8/20,67.44169
3/8/20,41.93583
3/8/20,36.99003
3/8/20,29.15659
3/8/20,26.98384
4/8/20,23.23892
4/8/20,22.97193
4/8/20,20.82003
4/8/20,20.24694
4/8/20,20.65715
4/8/20,22.79969
4/8/20,28.34608
4/8/20,20.42099
4/8/20,15.28698
4/8/20,15.69186
4/8/20,17.36663
4/8/20,19.71581
4/8/20,22.01359
4/8/20,24.77303
4/8/20,24.1426
4/8/20,25.80482
4/8/20,25.44351
4/8/20,27.85932
4/8/20,37.85625
4/8/20,53.61587
4/8/20,39.93597
4/8/20,32.79672
4/8/20,26.09244
4/8/20,24.23489
5/8/20,24.16319
5/8/20,22.77
5/8/20,21.27345
5/8/20,20.75792
5/8/20,21.21
5/8/20,24.71154
5/8/20,33.18456
5/8/20,21.25546
5/8/20,16.45724
5/8/20,15.65823
5/8/20,16.57185
5/8/20,17.9447
5/8/20,20.5336
5/8/20,21.84068
5/8/20,22.34978
5/8/20,24.78746
5/8/20,24.16017
5/8/20,27.18792
5/8/20,34.90473
5/8/20,48.37675
5/8/20,38.2508
5/8/20,32.19323
5/8/20,25.25994
5/8/20,25.05505
6/8/20,23.66201
6/8/20,23.31599
6/8/20,22.64664
6/8/20,22.52151
6/8/20,22.81705
6/8/20,25.14905
6/8/20,33.25593
6/8/20,22.08684
6/8/20,15.34865
6/8/20,14.82176
6/8/20,14.311
6/8/20,15.14681
6/8/20,14.93283
6/8/20,15.98
6/8/20,19.37713
6/8/20,21.38342
6/8/20,21.70658
6/8/20,24.69186
6/8/20,32.38405
6/8/20,46.68595
6/8/20,37.60889
6/8/20,31.81166
6/8/20,26.47796
6/8/20,25.79004
7/8/20,21.73568
7/8/20,21.74998
7/8/20,20.30797
7/8/20,20.24248
7/8/20,20.91789
7/8/20,23.04074
7/8/20,30.70535
7/8/20,21.55794
7/8/20,14.59812
7/8/20,13.72967
7/8/20,15.03131
7/8/20,17.11852
7/8/20,19.11281
7/8/20,21.30668
7/8/20,22.66346
7/8/20,24.14496
7/8/20,22.71385
7/8/20,26.35569
7/8/20,36.00678
7/8/20,48.98021
7/8/20,35.99809
7/8/20,32.26177
7/8/20,26.24754
7/8/20,25.48268
8/8/20,23.51617
8/8/20,23.65411
8/8/20,22.7519
8/8/20,22.866
8/8/20,23.07007
8/8/20,23.35134
8/8/20,26.7666
8/8/20,18.15073
8/8/20,8.949071215
8/8/20,10.15054405
8/8/20,11.32231
8/8/20,14.42371
8/8/20,17.73164
8/8/20,21.96306
8/8/20,22.58891
8/8/20,23.88128
8/8/20,25.78752
8/8/20,26.77211
8/8/20,40.15715
8/8/20,52.12036
8/8/20,36.97957
8/8/20,31.93742
8/8/20,25.53132
8/8/20,24.43023
9/8/20,25.58622
9/8/20,24.74589
9/8/20,25.41206
9/8/20,24.50331
9/8/20,24.56984
9/8/20,24.88032
9/8/20,25.96121
9/8/20,15.85476
9/8/20,10.13914547
9/8/20,10.96937637
9/8/20,11.2349706
9/8/20,15.19016
9/8/20,18.20827
9/8/20,22.10626
9/8/20,23.9713
9/8/20,26.26291
9/8/20,25.93411
9/8/20,30.97929
9/8/20,43.21201
9/8/20,54.80698
9/8/20,43.18874
9/8/20,32.7545
9/8/20,27.68277
9/8/20,25.34195
10/8/20,24.29272
10/8/20,23.87303
10/8/20,22.75072
10/8/20,22.12062
10/8/20,22.75561
10/8/20,24.9979
10/8/20,27.28915
10/8/20,21.64715
10/8/20,16.28309
10/8/20,15.83742
10/8/20,17.39577
10/8/20,21.6783
10/8/20,23.21226
10/8/20,24.92876
10/8/20,25.71959
10/8/20,27.74338
10/8/20,29.87141
10/8/20,37.15275
10/8/20,49.34522
10/8/20,63.4615
10/8/20,43.62672
10/8/20,35.75921
10/8/20,28.12217
10/8/20,25.47344
11/8/20,24.50195
11/8/20,23.34213
11/8/20,22.29374
11/8/20,21.57573
11/8/20,22.36343
11/8/20,25.33606
11/8/20,28.43918
11/8/20,21.74819
11/8/20,13.52791
11/8/20,15.01526
11/8/20,15.66217
11/8/20,18.98805
11/8/20,21.79114
11/8/20,23.90536
11/8/20,25.59801
11/8/20,25.63226
11/8/20,29.07638
11/8/20,37.20536
11/8/20,49.23963
11/8/20,68.63761
11/8/20,46.51012
11/8/20,34.82129
11/8/20,27.86086
11/8/20,26.68219
12/8/20,15.52624
12/8/20,14.86749
12/8/20,13.79729
12/8/20,13.60137
12/8/20,14.40237
12/8/20,17.03749
12/8/20,25.98367
12/8/20,15.65142
12/8/20,11.54034
12/8/20,12.58736
12/8/20,13.17114
12/8/20,15.87515
12/8/20,17.71914
12/8/20,17.45312
12/8/20,18.64872
12/8/20,22.83424
12/8/20,23.49573
12/8/20,30.12634
12/8/20,45.59387
12/8/20,68.78552
12/8/20,41.17589
12/8/20,28.90586
12/8/20,21.46678
12/8/20,19.5416
13/8/20,16.79372
13/8/20,15.7873
13/8/20,14.54986
13/8/20,14.42875
13/8/20,14.56806
13/8/20,16.07267
13/8/20,24.40401
13/8/20,20.23832
13/8/20,15.26042
13/8/20,16.80216
13/8/20,20.81165
13/8/20,22.80037
13/8/20,24.4081
13/8/20,26.27897
13/8/20,29.74134
13/8/20,31.18944
13/8/20,34.04695
13/8/20,47.7617
13/8/20,65.44766502
13/8/20,60.71589365
13/8/20,65.51438
13/8/20,33.5087
13/8/20,24.89508
13/8/20,21.49318
14/8/20,27.27541
14/8/20,24.10892
14/8/20,22.70857
14/8/20,22.28828
14/8/20,20.97218
14/8/20,24.16301
14/8/20,30.19909
14/8/20,27.10988
14/8/20,24.06163
14/8/20,24.97338
14/8/20,26.86892
14/8/20,31.71091
14/8/20,32.76367
14/8/20,38.34553
14/8/20,42.92548
14/8/20,55.21145
14/8/20,77.56805368
14/8/20,61.32053019
14/8/20,70.83194966
14/8/20,74.5670116
14/8/20,63.89798028
14/8/20,61.29893035
14/8/20,43.63465
14/8/20,37.94377
15/8/20,40.61293
15/8/20,37.72978
15/8/20,30.14111
15/8/20,28.07395
15/8/20,26.25226
15/8/20,27.12006
15/8/20,21.87104
15/8/20,18.62447
15/8/20,13.78923
15/8/20,16.93766
15/8/20,19.63718
15/8/20,27.2069
15/8/20,33.34176
15/8/20,37.08754
15/8/20,47.30717
15/8/20,62.18265
15/8/20,58.36717661
15/8/20,67.13362378
15/8/20,66.86744076
15/8/20,69.70154937
15/8/20,57.20271749
15/8/20,48.65102
15/8/20,43.82928
15/8/20,37.8578
16/8/20,44.26282
16/8/20,43.34521
16/8/20,35.5212
16/8/20,33.58379
16/8/20,29.94834
16/8/20,32.83949
16/8/20,29.80757
16/8/20,20.77173
16/8/20,16.14079
16/8/20,18.94431
16/8/20,21.1611
16/8/20,25.06661
16/8/20,31.59837
16/8/20,38.7866
16/8/20,47.09614
16/8/20,62.04778
16/8/20,64.46941
16/8/20,62.30108472
16/8/20,76.39940609
16/8/20,67.40741993
16/8/20,68.94329767
16/8/20,57.69629
16/8/20,49.23477
16/8/20,46.12188
17/8/20,30.33039
17/8/20,29.46006
17/8/20,25.1151
17/8/20,22.96905
17/8/20,21.71847
17/8/20,25.28267
17/8/20,29.75513
17/8/20,26.94074
17/8/20,27.91563
17/8/20,24.4792
17/8/20,28.25528
17/8/20,36.9741
17/8/20,36.82869
17/8/20,48.46988
17/8/20,63.66213
17/8/20,64.67504
17/8/20,74.52094348
17/8/20,62.13758357
17/8/20,68.3404763
17/8/20,70.2923462
17/8/20,77.5608006
17/8/20,67.59398778
17/8/20,60.9144
17/8/20,42.27503
18/8/20,45.15137
18/8/20,26.64646
18/8/20,34.00532
18/8/20,23.8436
18/8/20,28.30489
18/8/20,21.63968
18/8/20,35.84224
18/8/20,33.46486
18/8/20,29.32944
18/8/20,22.08541
18/8/20,24.9646
18/8/20,23.31779
18/8/20,31.50805
18/8/20,48.79243
18/8/20,9.84995692
18/8/20,10.14123479
18/8/20,37.11368
18/8/20,55.4098834
18/8/20,68.97134877
18/8/20,61.06367863
18/8/20,79.23194629
18/8/20,74.58572639
18/8/20,68.78809562
18/8/20,36.51363
19/8/20,40.43311
19/8/20,37.30547
19/8/20,30.95772
19/8/20,28.36105
19/8/20,30.94045
19/8/20,33.27479
19/8/20,53.34601
19/8/20,44.07533
19/8/20,33.97127
19/8/20,23.47653
19/8/20,38.60232
19/8/20,43.45474
19/8/20,58.24521
19/8/20,59.42053
19/8/20,50.06278
19/8/20,67.515
19/8/20,66.92834
19/8/20,70.51528738
19/8/20,73.64220006
19/8/20,79.57195443
19/8/20,74.29723893
19/8/20,67.78485
19/8/20,52.42949
19/8/20,44.92422
20/8/20,35.14876
20/8/20,30.41064
20/8/20,30.29
20/8/20,24.88172
20/8/20,27.40851
20/8/20,27.47738
20/8/20,60.30385
20/8/20,39.6084
20/8/20,30.20307
20/8/20,29.35646
20/8/20,28.88931
20/8/20,36.41448
20/8/20,45.34031
20/8/20,36.69238
20/8/20,35.5601
20/8/20,28.50152
20/8/20,35.077
20/8/20,56.52927
20/8/20,59.84209363
20/8/20,70.1560425
20/8/20,66.13817661
20/8/20,49.63682
20/8/20,49.94969
20/8/20,40.14967
21/8/20,32.35185
21/8/20,27.53436
21/8/20,27.40198
21/8/20,26.53004
21/8/20,24.21216
21/8/20,25.3559
21/8/20,52.21464
21/8/20,32.32397
21/8/20,26.09873
21/8/20,25.44061
21/8/20,26.99932
21/8/20,32.72791
21/8/20,37.85102
21/8/20,36.63803
21/8/20,30.87664
21/8/20,37.16485
21/8/20,25.0883
21/8/20,43.45303
21/8/20,58.42375
21/8/20,73.09952105
21/8/20,71.32138645
21/8/20,49.71582
21/8/20,52.32841
21/8/20,38.78815
22/8/20,27.16007
22/8/20,25.59248
22/8/20,23.4145
22/8/20,21.66313
22/8/20,21.48008
22/8/20,24.55876
22/8/20,28.17348
22/8/20,21.5252
22/8/20,19.2841
22/8/20,18.74521
22/8/20,24.75935
22/8/20,25.22722
22/8/20,23.55493
22/8/20,25.34402
22/8/20,32.57048
22/8/20,32.99825
22/8/20,35.45759
22/8/20,43.87828
22/8/20,73.33602227
22/8/20,67.10066
22/8/20,46.76514
22/8/20,35.57064
22/8/20,31.79823
22/8/20,28.20845
23/8/20,27.84107
23/8/20,25.68788
23/8/20,23.95537
23/8/20,21.82319
23/8/20,20.93358
23/8/20,24.0699
23/8/20,25.35059
23/8/20,19.21056
23/8/20,15.4712
23/8/20,16.77347
23/8/20,18.64496
23/8/20,24.67719
23/8/20,26.53944
23/8/20,25.9128
23/8/20,28.10996
23/8/20,32.93891
23/8/20,40.64443
23/8/20,47.68306
23/8/20,62.53571693
23/8/20,66.8742
23/8/20,43.08012
23/8/20,36.04453
23/8/20,31.60459
23/8/20,30.38
24/8/20,24.23541
24/8/20,22.69697
24/8/20,20.14323
24/8/20,19.62148
24/8/20,20.97838
24/8/20,23.70216
24/8/20,32.93828
24/8/20,26.58476
24/8/20,21.19316
24/8/20,21.50184
24/8/20,22.58332
24/8/20,27.75635
24/8/20,29.8763
24/8/20,34.78107
24/8/20,31.1702
24/8/20,35.57806
24/8/20,41.28053
24/8/20,59.19294
24/8/20,74.60925099
24/8/20,59.22181804
24/8/20,49.02231
24/8/20,37.22695
24/8/20,33.56638
24/8/20,30.55505
25/8/20,29.12732
25/8/20,25.65191
25/8/20,23.41554
25/8/20,22.22449
25/8/20,22.57746
25/8/20,25.06911
25/8/20,35.69941
25/8/20,26.831
25/8/20,22.04844
25/8/20,22.02494
25/8/20,20.56934
25/8/20,22.69722
25/8/20,22.6265
25/8/20,27.33196
25/8/20,27.72823
25/8/20,32.97348
25/8/20,39.18623
25/8/20,52.64984
25/8/20,59.28314118
25/8/20,65.51164878
25/8/20,45.54328
25/8/20,38.95529
25/8/20,33.17342
25/8/20,29.59238
26/8/20,28.56903
26/8/20,27.26731
26/8/20,23.93412
26/8/20,24.64871
26/8/20,24.24996
26/8/20,28.14148
26/8/20,34.39038
26/8/20,26.97532
26/8/20,22.70314
26/8/20,22.13516
26/8/20,24.88886
26/8/20,19.46522
26/8/20,23.58307
26/8/20,25.57718
26/8/20,24.01239
26/8/20,27.58339
26/8/20,30.54489
26/8/20,40.9735
26/8/20,56.00427793
26/8/20,62.74958229
26/8/20,41.57228
26/8/20,34.39848
26/8/20,31.35721
26/8/20,31.94479
27/8/20,26.35897
27/8/20,24.43187
27/8/20,20.0275
27/8/20,19.24332
27/8/20,20.49081
27/8/20,24.42275
27/8/20,32.41413
27/8/20,26.34998
27/8/20,20.99094
27/8/20,20.75082
27/8/20,22.42648
27/8/20,24.48632
27/8/20,25.42618
27/8/20,27.01652
27/8/20,29.18578
27/8/20,32.54646
27/8/20,30.80666
27/8/20,35.01997
27/8/20,75.04949172
27/8/20,50.68152958
27/8/20,50.22127
27/8/20,42.49757
27/8/20,34.0914
27/8/20,33.04608
28/8/20,26.01936
28/8/20,25.79305
28/8/20,24.04187
28/8/20,22.7752
28/8/20,22.36079
28/8/20,24.52137
28/8/20,29.97149
28/8/20,24.44854
28/8/20,19.5273
28/8/20,18.27447
28/8/20,20.2853
28/8/20,23.04641
28/8/20,22.54926
28/8/20,24.8343
28/8/20,25.21929
28/8/20,28.65364
28/8/20,30.49326
28/8/20,47.4609
28/8/20,57.61253919
28/8/20,63.82492217
28/8/20,42.76011
28/8/20,37.94835
28/8/20,29.75291
28/8/20,28.27156
29/8/20,27.31866
29/8/20,25.35772
29/8/20,23.59583
29/8/20,24.1511
29/8/20,22.68571
29/8/20,24.266
29/8/20,25.97716
29/8/20,20.5186
29/8/20,9.869923958
29/8/20,9.751348359
29/8/20,9.997557209
29/8/20,12.8927
29/8/20,18.92585
29/8/20,21.37132
29/8/20,21.97648
29/8/20,28.28719
29/8/20,29.57165
29/8/20,41.32035
29/8/20,64.91502
29/8/20,62.43732
29/8/20,38.79659
29/8/20,30.63076
29/8/20,27.85363
29/8/20,24.46507
30/8/20,23.30816
30/8/20,23.17437
30/8/20,20.98321
30/8/20,21.4666
30/8/20,22.07654
30/8/20,22.42066
30/8/20,20.95439
30/8/20,17.97725
30/8/20,10.19480907
30/8/20,9.657131487
30/8/20,10.4816569
30/8/20,10.71363957
30/8/20,14.86739
30/8/20,18.35413
30/8/20,21.25144
30/8/20,22.35551
30/8/20,24.45319
30/8/20,33.89362
30/8/20,58.15494
30/8/20,47.90546
30/8/20,38.29519
30/8/20,29.80744
30/8/20,27.02286
30/8/20,23.36222
31/8/20,20.71704
31/8/20,20.01514
31/8/20,18.38196
31/8/20,18.37851
31/8/20,20.22405
31/8/20,23.01399
31/8/20,27.69005
31/8/20,22.93428
31/8/20,13.86588
31/8/20,9.959731846
31/8/20,11.91113
31/8/20,16.00135
31/8/20,18.98898
31/8/20,22.00285
31/8/20,24.52025
31/8/20,25.53723
31/8/20,26.95683
31/8/20,36.76931
31/8/20,66.72547
31/8/20,47.51309
31/8/20,36.95916
31/8/20,30.8937
31/8/20,26.42114
31/8/20,22.0988
1/9/20,17.35617
1/9/20,16.74139
1/9/20,15.64823
1/9/20,15.6508
1/9/20,17.12038
1/9/20,19.88029
1/9/20,25.23355
1/9/20,19.14121
1/9/20,11.11898747
1/9/20,10.21997835
1/9/20,10.47974195
1/9/20,9.882594545
1/9/20,13.88941
1/9/20,17.18249
1/9/20,18.39473
1/9/20,22.97203
1/9/20,22.17816
1/9/20,27.92518
1/9/20,54.16382
1/9/20,39.77848
1/9/20,30.37752
1/9/20,26.92089
1/9/20,21.48148
1/9/20,19.65878
2/9/20,18.09096
2/9/20,18.60885
2/9/20,15.63834
2/9/20,15.90718
2/9/20,17.56956
2/9/20,21.11642
2/9/20,27.05638
2/9/20,20.03609
2/9/20,10.32490753
2/9/20,9.844965867
2/9/20,10.67988546
2/9/20,11.91361973
2/9/20,12.57915
2/9/20,17.60146
2/9/20,19.54543
2/9/20,20.07794
2/9/20,22.46466
2/9/20,28.14972
2/9/20,48.95917
2/9/20,39.74723
2/9/20,27.74822
2/9/20,23.46282
2/9/20,22.35463
2/9/20,20.99264
3/9/20,21.25245
3/9/20,19.62662
3/9/20,17.48169
3/9/20,17.55426
3/9/20,18.98663
3/9/20,21.48603
3/9/20,31.21977
3/9/20,24.46135
3/9/20,16.93982
3/9/20,15.53337
3/9/20,17.01382
3/9/20,19.95961
3/9/20,23.22817
3/9/20,24.94579
3/9/20,27.04959
3/9/20,27.84529
3/9/20,30.02528
3/9/20,38.3018
3/9/20,61.37795
3/9/20,53.27504
3/9/20,36.17544
3/9/20,31.08703
3/9/20,25.24521
3/9/20,23.38425
4/9/20,25.69303
4/9/20,24.31976
4/9/20,22.09829
4/9/20,21.65002
4/9/20,23.3238
4/9/20,26.74276
4/9/20,41.87591
4/9/20,30.5948
4/9/20,21.94503
4/9/20,22.55341
4/9/20,23.64995
4/9/20,30.00119
4/9/20,28.38003
4/9/20,28.37108
4/9/20,28.16279
4/9/20,32.0077
4/9/20,34.64607
4/9/20,43.77289
4/9/20,64.71122519
4/9/20,73.76244628
4/9/20,48.21356
4/9/20,46.816
4/9/20,37.71868
4/9/20,33.74184
5/9/20,33.77341
5/9/20,36.5518
5/9/20,32.13257
5/9/20,31.29485
5/9/20,30.81021
5/9/20,29.1376
5/9/20,41.87264
5/9/20,28.75885
5/9/20,22.60852
5/9/20,25.34819
5/9/20,27.69046
5/9/20,29.62461
5/9/20,29.62434
5/9/20,32.3962
5/9/20,37.84904
5/9/20,53.78374
5/9/20,58.42545
5/9/20,73.25536551
5/9/20,64.8513193
5/9/20,77.62390517
5/9/20,68.17588
5/9/20,68.59514
5/9/20,53.60134
5/9/20,44.068
6/9/20,43.24204
6/9/20,41.18552
6/9/20,36.35318
6/9/20,33.02224
6/9/20,29.89149
6/9/20,27.28551
6/9/20,41.42068
6/9/20,27.05472
6/9/20,21.06588
6/9/20,22.59822
6/9/20,30.71915
6/9/20,35.97577
6/9/20,39.87365
6/9/20,49.09219
6/9/20,56.43015
6/9/20,63.26827925
6/9/20,66.29551398
6/9/20,69.30381579
6/9/20,49.97621419
6/9/20,68.13187609
6/9/20,69.95051789
6/9/20,69.44402
6/9/20,53.72428
6/9/20,48.50738
7/9/20,42.10694
7/9/20,39.13916
7/9/20,34.43788
7/9/20,31.63158
7/9/20,31.21308
7/9/20,28.42792
7/9/20,27.52623
7/9/20,27.47067
7/9/20,17.75184
7/9/20,19.85086
7/9/20,25.91084
7/9/20,29.91873
7/9/20,33.70444
7/9/20,45.18839
7/9/20,50.50305
7/9/20,52.22232
7/9/20,66.95055
7/9/20,72.01323077
7/9/20,68.15644173
7/9/20,70.48866036
7/9/20,65.09282182
7/9/20,57.34998
7/9/20,49.56335
7/9/20,44.43012
8/9/20,43.02965
8/9/20,35.34341
8/9/20,32.96326
8/9/20,30.07647
8/9/20,30.25819
8/9/20,34.26582
8/9/20,41.93577
8/9/20,31.55728
8/9/20,21.47925
8/9/20,21.17786
8/9/20,26.62658
8/9/20,31.32062
8/9/20,39.61299
8/9/20,45.18034
8/9/20,54.50688
8/9/20,54.36769
8/9/20,58.44686
8/9/20,67.19245394
8/9/20,64.63465551
8/9/20,64.89180877
8/9/20,73.65538059
8/9/20,62.75757
8/9/20,57.04892
8/9/20,48.98
9/9/20,23.60601
9/9/20,21.03
9/9/20,20.39
9/9/20,19.96004
9/9/20,21.1918
9/9/20,23.38816
9/9/20,27.98338
9/9/20,21.00663
9/9/20,14.15991
9/9/20,11.67384
9/9/20,12.6679
9/9/20,14.69219
9/9/20,18.22486
9/9/20,21.03026
9/9/20,26.72906
9/9/20,27.36987
9/9/20,28.62612
9/9/20,35.73614
9/9/20,74.260678
9/9/20,74.81853807
9/9/20,39.72848
9/9/20,31.64444
9/9/20,26.45027
9/9/20,24.61998
10/9/20,21.64893
10/9/20,20.53125
10/9/20,20.21165
10/9/20,19.0147
10/9/20,19.64783
10/9/20,21
10/9/20,26.22635
10/9/20,20.79093
10/9/20,15.03611
10/9/20,13.00059
10/9/20,12.71392
10/9/20,14.90804
10/9/20,15.84695
10/9/20,21.24682
10/9/20,21.70553
10/9/20,25.69407
10/9/20,27.4828
10/9/20,36.20621
10/9/20,67.13881652
10/9/20,60.41217
10/9/20,39.43865
10/9/20,30.95813
10/9/20,27.21872
10/9/20,23.64139
11/9/20,20.85141
11/9/20,20.25182
11/9/20,19.41814
11/9/20,18.37482
11/9/20,18.71409
11/9/20,20.79963
11/9/20,23.52137
11/9/20,19.94642
11/9/20,17.43896
11/9/20,15.38113
11/9/20,15.00773
11/9/20,16.02582
11/9/20,16.41812
11/9/20,19.27785
11/9/20,20.84796
11/9/20,21.68471
11/9/20,24.16146
11/9/20,28.80567
11/9/20,54.7992
11/9/20,42.36533
11/9/20,29.4633
11/9/20,25.68274
11/9/20,21.46376
11/9/20,20.72789
12/9/20,20.76699
12/9/20,19.68993
12/9/20,18.20599
12/9/20,17.80798
12/9/20,18.66907
12/9/20,19.58423
12/9/20,19.46916
12/9/20,18.30475
12/9/20,11.64655
12/9/20,9.118026049
12/9/20,9.675038829
12/9/20,9.414651779
12/9/20,9.76477907
12/9/20,15.70509
12/9/20,15.55334
12/9/20,16.47125
12/9/20,16.8388
12/9/20,23.56097
12/9/20,41.36818
12/9/20,37.65631
12/9/20,27.81279
12/9/20,23.26866
12/9/20,21.35156
12/9/20,18.34886
13/9/20,18.65674
13/9/20,17.63165
13/9/20,17.304
13/9/20,16.88833
13/9/20,16.67669
13/9/20,16.74116
13/9/20,16.90364
13/9/20,15.36216
13/9/20,9.896637784
13/9/20,9.273440528
13/9/20,9.884344235
13/9/20,8.984194859
13/9/20,11.80863932
13/9/20,12.76339
13/9/20,14.93743
13/9/20,15.07587
13/9/20,17.26211
13/9/20,22.97282
13/9/20,37.3033
13/9/20,34.21013
13/9/20,27.75153
13/9/20,22.71812
13/9/20,18.74744
13/9/20,18.46052
14/9/20,18.39855
14/9/20,16.77877
14/9/20,15.50154
14/9/20,15.50928
14/9/20,16.98173
14/9/20,20.6239
14/9/20,23.41192
14/9/20,19.61736
14/9/20,14.39655
14/9/20,12.99689
14/9/20,12.67733
14/9/20,12.59654
14/9/20,14.42241
14/9/20,16.56516
14/9/20,17.08187
14/9/20,20.31179
14/9/20,23.48435
14/9/20,32.51982
14/9/20,65.00617
14/9/20,41.18274
14/9/20,28.63334
14/9/20,24.81414
14/9/20,21.62961
14/9/20,18.63392
15/9/20,19.71029
15/9/20,18.65092
15/9/20,17.79994
15/9/20,17.82725
15/9/20,18.66291
15/9/20,20.89127
15/9/20,23.8032
15/9/20,20.4803
15/9/20,15.57451
15/9/20,13.17355
15/9/20,13.0537
15/9/20,14.97909
15/9/20,16.92639
15/9/20,20.93782
15/9/20,23.0922
15/9/20,24.17571
15/9/20,28.95531
15/9/20,36.4346
15/9/20,55.94126285
15/9/20,49.16893
15/9/20,32.80834
15/9/20,27.18392
15/9/20,26.21483
15/9/20,21.49502
16/9/20,21.31718
16/9/20,20.12892
16/9/20,19.50183
16/9/20,19.0407
16/9/20,19.63524
16/9/20,20.67777
16/9/20,23.48004
16/9/20,20.2111
16/9/20,15.67806
16/9/20,13.22854
16/9/20,13.19934
16/9/20,16.44902
16/9/20,18.71004
16/9/20,22.04963
16/9/20,23.13797
16/9/20,27.66423
16/9/20,30.51688
16/9/20,43.97485
16/9/20,54.34273957
16/9/20,54.92795
16/9/20,33.67041
16/9/20,28.22944
16/9/20,23.38767
16/9/20,21.82002
17/9/20,20.27024
17/9/20,19.17519
17/9/20,17.68536
17/9/20,17.32655
17/9/20,17.9458
17/9/20,20.03016
17/9/20,24.09555
17/9/20,21.13406
17/9/20,17.69568
17/9/20,16.21603
17/9/20,16.4409
17/9/20,19.08716
17/9/20,21.37953
17/9/20,22.7784
17/9/20,25.32796
17/9/20,27.47705
17/9/20,27.89837
17/9/20,36.91823
17/9/20,51.72969
17/9/20,40.16589
17/9/20,32.06083
17/9/20,26.94899
17/9/20,24.39001
17/9/20,21.57399
18/9/20,19.68188
18/9/20,18.31507
18/9/20,16.45345
18/9/20,16.39234
18/9/20,17.15523
18/9/20,18.83493
18/9/20,23.78426
18/9/20,21.61839
18/9/20,18.28915
18/9/20,16.58871
18/9/20,17.34949
18/9/20,18.02341
18/9/20,18.79471
18/9/20,20.89811
18/9/20,22.22498
18/9/20,21.71562
18/9/20,22.53736
18/9/20,25.48083
18/9/20,43.80638
18/9/20,38.4193
18/9/20,28.0669
18/9/20,23.14517
18/9/20,21.86616
18/9/20,20.02433
19/9/20,20.73817
19/9/20,18.8965
19/9/20,16.40847
19/9/20,15.40831
19/9/20,16.4214
19/9/20,18.47939
19/9/20,18.75141
19/9/20,15.86727
19/9/20,8.972298281
19/9/20,9.403321595
19/9/20,9.232800134
19/9/20,9.618824802
19/9/20,9.520685433
19/9/20,14.6221
19/9/20,17.55445
19/9/20,19.51692
19/9/20,21.9074
19/9/20,28.7026
19/9/20,35.89527
19/9/20,35.45492
19/9/20,27.27316
19/9/20,23.54613
19/9/20,20.12684
19/9/20,19.49881
20/9/20,25.7048
20/9/20,21.3244
20/9/20,20.88013
20/9/20,20.30203
20/9/20,20.73987
20/9/20,20.95198
20/9/20,22.02504
20/9/20,18.77419
20/9/20,10.28534117
20/9/20,11.25227571
20/9/20,11.02960412
20/9/20,10.29873214
20/9/20,10.02942439
20/9/20,15.22352
20/9/20,17.66047
20/9/20,20.16421
20/9/20,23.93779
20/9/20,28.91008
20/9/20,42.49469
20/9/20,39.76477
20/9/20,29.05282
20/9/20,27.47542
20/9/20,23.59241
20/9/20,21.36841
21/9/20,19.94367
21/9/20,19.37381
21/9/20,19.1036
21/9/20,19.0163
21/9/20,19.07866
21/9/20,21.19933
21/9/20,27.00543
21/9/20,22.18856
21/9/20,15.4811
21/9/20,10.13981088
21/9/20,9.993684966
21/9/20,9.657158144
21/9/20,11.85026
21/9/20,15.96299
21/9/20,18.26995
21/9/20,22.32169
21/9/20,23.8886
21/9/20,35.92829
21/9/20,54.75377
21/9/20,44.49669
21/9/20,32.54263
21/9/20,26.98893
21/9/20,22.10248
21/9/20,20.72485
22/9/20,18.91438
22/9/20,18.5516
22/9/20,18.13241
22/9/20,18.1012
22/9/20,18.05247
22/9/20,19.61434
22/9/20,31.60985
22/9/20,24.79795
22/9/20,17.94362
22/9/20,12.05237
22/9/20,11.29623
22/9/20,13.55118
22/9/20,14.41633
22/9/20,17.5718
22/9/20,18.8558
22/9/20,20.91915
22/9/20,21.84621
22/9/20,31.14559
22/9/20,51.02706
22/9/20,40.72487
22/9/20,28.87116
22/9/20,25.16533
22/9/20,22.55669
22/9/20,19.46907
23/9/20,21.71643
23/9/20,19.1911
23/9/20,17.94922
23/9/20,17.25794
23/9/20,17.5861
23/9/20,20.19451
23/9/20,32.80863
23/9/20,24.2459
23/9/20,18.8663
23/9/20,13.10978
23/9/20,12.79737
23/9/20,15.28137
23/9/20,17.82355
23/9/20,20.34583
23/9/20,23.07391
23/9/20,27.39548
23/9/20,28.08355
23/9/20,44.86081
23/9/20,62.4135
23/9/20,49.42185
23/9/20,35.27754
23/9/20,28.24014
23/9/20,23.28119
23/9/20,20.96686
24/9/20,20.6997
24/9/20,19.13495
24/9/20,17.8397
24/9/20,16.31993
24/9/20,17.1034
24/9/20,19.77995
24/9/20,29.61196
24/9/20,23.07714
24/9/20,15.95999
24/9/20,10.53626984
24/9/20,12.32081
24/9/20,14.66459
24/9/20,17.90812
24/9/20,20.78178
24/9/20,21.35185
24/9/20,22.67258
24/9/20,24.71697
24/9/20,36.64274
24/9/20,56.43406
24/9/20,39.43879
24/9/20,30.8974
24/9/20,26.51117
24/9/20,23.64858
24/9/20,21.15709
25/9/20,19.39262
25/9/20,17.30864
25/9/20,16.15377
25/9/20,15.77537
25/9/20,16.04929
25/9/20,19.51671
25/9/20,26.60226
25/9/20,21.35575
25/9/20,11.93498
25/9/20,10.66346977
25/9/20,10.01569092
25/9/20,9.594550373
25/9/20,11.69883
25/9/20,17.52552
25/9/20,19.11298
25/9/20,20.37626
25/9/20,25.81704
25/9/20,35.1375
25/9/20,51.44879
25/9/20,40.23302
25/9/20,32.55688
25/9/20,28.88032
25/9/20,24.22628
25/9/20,23.10728
26/9/20,19.20438
26/9/20,19.33368
26/9/20,18.48217
26/9/20,18.91583
26/9/20,19.26638
26/9/20,20.98482
26/9/20,25.84928
26/9/20,18.63297
26/9/20,9.951104839
26/9/20,10.6531958
26/9/20,9.979161233
26/9/20,12.98019654
26/9/20,10.74444327
26/9/20,13.6058
26/9/20,15.94592
26/9/20,15.37533
26/9/20,19.98367
26/9/20,33.7192
26/9/20,47.70536
26/9/20,38.54348
26/9/20,30.90382
26/9/20,27.43089
26/9/20,22.2228
26/9/20,20.9381
27/9/20,20.59507
27/9/20,20.08743
27/9/20,20.36126
27/9/20,20.43003
27/9/20,20.28693
27/9/20,20.62559
27/9/20,24.76472
27/9/20,19.42692
27/9/20,9.660339914
27/9/20,10.10508039
27/9/20,9.915602661
27/9/20,9.680192356
27/9/20,11.68871286
27/9/20,14.77075
27/9/20,18.39151
27/9/20,20.0428
27/9/20,22.7013
27/9/20,37.43684
27/9/20,63.76074
27/9/20,47.86412
27/9/20,33.74277
27/9/20,29.13894
27/9/20,25.74867
27/9/20,23.16718
28/9/20,20.09409
28/9/20,19.41953
28/9/20,19.09682
28/9/20,18.67083
28/9/20,19.26064
28/9/20,21.00106
28/9/20,32.11322
28/9/20,27.17495
28/9/20,16.44556
28/9/20,9.581433922
28/9/20,9.816475976
28/9/20,9.556722087
28/9/20,15.28923
28/9/20,22.2506
28/9/20,27.8618
28/9/20,30.78768
28/9/20,40.11473
28/9/20,65.54790055
28/9/20,71.33643552
28/9/20,49.31105764
28/9/20,47.70514
28/9/20,35.28302
28/9/20,29.52389
28/9/20,27.19864
29/9/20,22.03785
29/9/20,22.96677
29/9/20,20.34757
29/9/20,19.93177
29/9/20,20.34457
29/9/20,22.92937
29/9/20,27.98923
29/9/20,24.69382
29/9/20,18.2161
29/9/20,11.17894981
29/9/20,13.90989
29/9/20,18.27916
29/9/20,21.32523
29/9/20,25.65114
29/9/20,32.52645
29/9/20,38.44233
29/9/20,51.14264
29/9/20,50.66399065
29/9/20,72.90878186
29/9/20,74.33376542
29/9/20,50.07913
29/9/20,38.79879
29/9/20,31.35692
29/9/20,31.08435
30/9/20,32.75198
30/9/20,28.95489
30/9/20,25.6668
30/9/20,22.93997
30/9/20,23.73092
30/9/20,28.76172
30/9/20,32.62399
30/9/20,29.2419
30/9/20,25.89751
30/9/20,22.37627
30/9/20,24.28451
30/9/20,28.41308
30/9/20,33.18189
30/9/20,34.09532
30/9/20,45.26527
30/9/20,57.29555
30/9/20,65.45010021
30/9/20,73.33860286
30/9/20,67.95963739
30/9/20,53.6199878
30/9/20,67.59153
30/9/20,48.3272
30/9/20,39.17478
30/9/20,32.46362
1/10/20,23.93199
1/10/20,22.89486
1/10/20,19.86334
1/10/20,19.83251
1/10/20,20.75787
1/10/20,23.65913
1/10/20,29.99346
1/10/20,26.66356
1/10/20,20.34995
1/10/20,17.12634
1/10/20,19.07021
1/10/20,24.02483
1/10/20,30.1647
1/10/20,34.97994
1/10/20,40.7105
1/10/20,58.70227
1/10/20,58.51870542
1/10/20,77.51132089
1/10/20,66.10650781
1/10/20,69.56021759
1/10/20,58.06907
1/10/20,45.32265
1/10/20,36.08605
1/10/20,30.8271
2/10/20,22.13636
2/10/20,22.02001
2/10/20,19.7136
2/10/20,18.42522
2/10/20,18.93635
2/10/20,21.16921
2/10/20,26.05799
2/10/20,23.014
2/10/20,16.61864
2/10/20,14.06814
2/10/20,15.63267
2/10/20,19.78953
2/10/20,24.8194
2/10/20,28.68868
2/10/20,35.20512
2/10/20,43.4682
2/10/20,67.93395
2/10/20,74.99155581
2/10/20,68.46389483
2/10/20,66.77538
2/10/20,39.6291
2/10/20,35.20012
2/10/20,28.54876
2/10/20,24.40382
3/10/20,20.32981
3/10/20,19.61527
3/10/20,17.52619
3/10/20,17.02889
3/10/20,17.35813
3/10/20,17.65933
3/10/20,20.28681
3/10/20,17.44026
3/10/20,10.08086914
3/10/20,11.04984172
3/10/20,9.74523018
3/10/20,13.82247
3/10/20,17.67417
3/10/20,21.03946
3/10/20,23.70352
3/10/20,26.66433
3/10/20,30.51825
3/10/20,73.81502995
3/10/20,68.04332767
3/10/20,44.39135
3/10/20,31.14004
3/10/20,28.10113
3/10/20,24.78247
3/10/20,21.65834
4/10/20,21.18925
4/10/20,20.74151
4/10/20,19.58931
4/10/20,19.38763
4/10/20,18.79484
4/10/20,19.70055
4/10/20,20.66485
4/10/20,17.41677
4/10/20,9.785750952
4/10/20,11.50865652
4/10/20,10.3216362
4/10/20,9.277518395
4/10/20,13.03725
4/10/20,17.00143
4/10/20,19.48892
4/10/20,23.26615
4/10/20,28.4411
4/10/20,49.66333
4/10/20,68.89333
4/10/20,41.25528
4/10/20,31.52388
4/10/20,27.42679
4/10/20,23.44274
4/10/20,21.20034
5/10/20,20.85272
5/10/20,19.51139
5/10/20,19.03725
5/10/20,18.11829
5/10/20,19.00662
5/10/20,20.29804
5/10/20,25.53256
5/10/20,24.58949
5/10/20,17.73747
5/10/20,13.29182
5/10/20,14.22174
5/10/20,17.62011
5/10/20,19.45338
5/10/20,23.16532
5/10/20,25.57115
5/10/20,29.54574
5/10/20,35.92903
5/10/20,57.29634
5/10/20,74.45478817
5/10/20,53.14071
5/10/20,33.3121
5/10/20,28.44736
5/10/20,25.1019
5/10/20,22.9901
6/10/20,26.08663
6/10/20,24.46246
6/10/20,21.86108
6/10/20,20.37722
6/10/20,21.38945
6/10/20,25.21772
6/10/20,32.66277
6/10/20,29.39531
6/10/20,21.10761
6/10/20,14.05109
6/10/20,14.53622
6/10/20,15.0623
6/10/20,23.54792
6/10/20,24.71791
6/10/20,29.24265
6/10/20,35.56831
6/10/20,48.42868
6/10/20,63.17614216
6/10/20,57.5423326
6/10/20,56.15578
6/10/20,38.00688
6/10/20,33.82696
6/10/20,29.25722
6/10/20,28.51941
7/10/20,30.61117
7/10/20,27.22405
7/10/20,24.69319
7/10/20,24.31311
7/10/20,25.2541
7/10/20,26.69715
7/10/20,34.17674
7/10/20,35.00648
7/10/20,25.76273
7/10/20,21.82058
7/10/20,19.45287
7/10/20,18.31057
7/10/20,23.5384
7/10/20,26.57669
7/10/20,27.44325
7/10/20,29.21668
7/10/20,34.52394
7/10/20,62.2147
7/10/20,69.20536027
7/10/20,49.79036
7/10/20,33.66937
7/10/20,33.48113
7/10/20,29.60891
7/10/20,27.34811
8/10/20,20.52415
8/10/20,20.36424
8/10/20,18.70487
8/10/20,19.18974
8/10/20,19.34397
8/10/20,21.9388
8/10/20,29.24261
8/10/20,25.52733
8/10/20,19.93914
8/10/20,17.9756
8/10/20,16.50206
8/10/20,14.75658
8/10/20,15.79492
8/10/20,16.20844
8/10/20,18.73652
8/10/20,20.2177
8/10/20,22.82859
8/10/20,39.74846
8/10/20,48.12267
8/10/20,37.66824
8/10/20,30.3146
8/10/20,25.61598
8/10/20,22.34978
8/10/20,21.10376
9/10/20,18.23459
9/10/20,17.77777
9/10/20,15.90695
9/10/20,16.25584
9/10/20,17.60863
9/10/20,20.81335
9/10/20,25.62057
9/10/20,22.26969
9/10/20,17.09102
9/10/20,13.01978
9/10/20,12.11414
9/10/20,11.42053
9/10/20,13.45333
9/10/20,13.82119
9/10/20,17.18177
9/10/20,19.5729
9/10/20,20.53451
9/10/20,35.35889
9/10/20,39.92126
9/10/20,31.29655
9/10/20,27.40761
9/10/20,26.09248
9/10/20,22.02111
9/10/20,20.59322
10/10/20,16.87732
10/10/20,15.92876
10/10/20,14.36398
10/10/20,14.092
10/10/20,14.79494
10/10/20,16.75843
10/10/20,20.75473
10/10/20,19.0199
10/10/20,16.50621
10/10/20,9.66824147
10/10/20,10.28704834
10/10/20,10.36753814
10/10/20,10.17093386
10/10/20,9.181063221
10/10/20,10.58640805
10/10/20,13.41875
10/10/20,15.66701
10/10/20,25.20974
10/10/20,32.87623
10/10/20,26.62848
10/10/20,22.55423
10/10/20,20.89079
10/10/20,17.99858
10/10/20,16.93231
11/10/20,15.50768
11/10/20,14.73191
11/10/20,14.09891
11/10/20,13.74613
11/10/20,13.75457
11/10/20,14.41027
11/10/20,14.955
11/10/20,13.48671
11/10/20,11.36885225
11/10/20,9.808330214
11/10/20,10.42374169
11/10/20,12.89001496
11/10/20,9.947334832
11/10/20,10.94790789
11/10/20,10.46648178
11/10/20,13.45804
11/10/20,17.21637
11/10/20,27.4239
11/10/20,34.03605
11/10/20,30.98553
11/10/20,25.8031
11/10/20,23.21075
11/10/20,18.64063
11/10/20,16.14851
12/10/20,20.69263
12/10/20,19.29107
12/10/20,18.72197
12/10/20,18.61204
12/10/20,18.64119
12/10/20,20.71275
12/10/20,26.24606
12/10/20,22.02853
12/10/20,12.11345
12/10/20,9.401367384
12/10/20,9.885510308
12/10/20,10.42594956
12/10/20,16.65644
12/10/20,18.8179
12/10/20,19.12749
12/10/20,24.4776
12/10/20,27.48311
12/10/20,47.13379
12/10/20,70.66308218
12/10/20,39.81794
12/10/20,30.61572
12/10/20,26.43898
12/10/20,21.84231
12/10/20,21.49618
13/10/20,25.13612
13/10/20,25.26282
13/10/20,23.20574
13/10/20,23.94355
13/10/20,23.67407
13/10/20,27.1984
13/10/20,33.41478
13/10/20,30.8862
13/10/20,21.52436
13/10/20,18.61493
13/10/20,18.41009
13/10/20,18.92721
13/10/20,20.48172
13/10/20,24.66377
13/10/20,27.51834
13/10/20,27.82401
13/10/20,30.5613
13/10/20,65.37578
13/10/20,71.49304926
13/10/20,45.8467
13/10/20,36.11567
13/10/20,34.08389
13/10/20,27.8312
13/10/20,25.41735
14/10/20,25.24786
14/10/20,25.14354
14/10/20,25.01891
14/10/20,24.77983
14/10/20,24.85962
14/10/20,27.2896
14/10/20,33.93239
14/10/20,32.7049
14/10/20,24.33265
14/10/20,21.13213
14/10/20,20.84133
14/10/20,22.40573
14/10/20,25.78027
14/10/20,27.47215
14/10/20,25.525
14/10/20,29.69482
14/10/20,30.68341
14/10/20,69.36681685
14/10/20,71.96863112
14/10/20,58.62497
14/10/20,39.40088
14/10/20,33.82363
14/10/20,30.24104
14/10/20,29.38471
15/10/20,29.29336
15/10/20,26.9697
15/10/20,25.06417
15/10/20,24.09166
15/10/20,25.49337
15/10/20,28.38218
15/10/20,31.77844
15/10/20,28.47042
15/10/20,21.81761
15/10/20,19.42976
15/10/20,20.52429
15/10/20,21.31099
15/10/20,24.11693
15/10/20,26.92813
15/10/20,31.53991
15/10/20,35.12489
15/10/20,49.17249
15/10/20,60.86760787
15/10/20,66.60820664
15/10/20,64.72097
15/10/20,46.32239
15/10/20,40.00166
15/10/20,33.79544
15/10/20,27.53425
16/10/20,28.68174
16/10/20,27.30796
16/10/20,25.83947
16/10/20,24.87172
16/10/20,25.09708
16/10/20,30.92962
16/10/20,37.27436
16/10/20,33.23468
16/10/20,23.18851
16/10/20,20.54946
16/10/20,19.35634
16/10/20,19.01587
16/10/20,29.30312
16/10/20,37.08089
16/10/20,47.04462
16/10/20,65
16/10/20,71.18628355
16/10/20,70.29428495
16/10/20,77.05749902
16/10/20,66.35710152
16/10/20,56.45242
16/10/20,43.09248
16/10/20,38.77445
16/10/20,36.54391
17/10/20,30.18433
17/10/20,27.39566
17/10/20,26.03166
17/10/20,25.74581
17/10/20,29.95891
17/10/20,30.79525
17/10/20,39.47564
17/10/20,29.07869
17/10/20,19.36042
17/10/20,18.0421
17/10/20,18.29846
17/10/20,18.40989
17/10/20,21.99411
17/10/20,23.2624
17/10/20,26.85062
17/10/20,32.36998
17/10/20,49.89415
17/10/20,71.05873215
17/10/20,68.89434287
17/10/20,67.33152
17/10/20,44.42491
17/10/20,33.80165
17/10/20,30.90971
17/10/20,28.56475
18/10/20,26.60752
18/10/20,26.11991
18/10/20,25.55839
18/10/20,24.62488
18/10/20,24.02685
18/10/20,25.62889
18/10/20,26.27565
18/10/20,24.94756
18/10/20,16.14209
18/10/20,10.41032668
18/10/20,9.810335363
18/10/20,11.93703
18/10/20,15.84348
18/10/20,19.18031
18/10/20,22.65555
18/10/20,23.90131
18/10/20,28.79242
18/10/20,59.10327
18/10/20,76.12295491
18/10/20,43.84957
18/10/20,35.64499
18/10/20,28.73269
18/10/20,27.64168
18/10/20,26.44187
19/10/20,24.98363
19/10/20,23.77679
19/10/20,23.29894
19/10/20,23.45562
19/10/20,23.66704
19/10/20,27.53225
19/10/20,34.45182
19/10/20,33.78463
19/10/20,23.7273
19/10/20,21.16728
19/10/20,20.33384
19/10/20,20.18772
19/10/20,21.17785
19/10/20,22.8986
19/10/20,24.16334
19/10/20,26.75777
19/10/20,35.75438
19/10/20,60.59606359
19/10/20,49.62584798
19/10/20,47.93252
19/10/20,38.3355
19/10/20,32.4657
19/10/20,30.7073
19/10/20,28.5446
20/10/20,26.70433
20/10/20,24.17751
20/10/20,23.02828
20/10/20,23.56443
20/10/20,24.84124
20/10/20,31.23012
20/10/20,34.20976
20/10/20,32.98444
20/10/20,23.60804
20/10/20,20.78795
20/10/20,19.0631
20/10/20,19.45223
20/10/20,20.78626
20/10/20,22.10796
20/10/20,24.25299
20/10/20,28.91024
20/10/20,37.1128
20/10/20,75.8302567
20/10/20,71.68568969
20/10/20,48.5078
20/10/20,40.43126
20/10/20,35.90651
20/10/20,31.49548
20/10/20,28.45578
21/10/20,31.67767
21/10/20,30.40791
21/10/20,29.36064
21/10/20,29.30037
21/10/20,29.77104
21/10/20,37.62855
21/10/20,47.48901
21/10/20,41.91854
21/10/20,25.19002
21/10/20,21.70805
21/10/20,19.56515
21/10/20,19.68966
21/10/20,22.41912
21/10/20,22.67738
21/10/20,26.09837
21/10/20,32.6322
21/10/20,37.14645
21/10/20,69.13533
21/10/20,67.31423918
21/10/20,55.32443
21/10/20,44.82393
21/10/20,39.03507
21/10/20,35.72313
21/10/20,36.14283
22/10/20,30.31475
22/10/20,28.78634
22/10/20,27.52703
22/10/20,26.91124
22/10/20,28.20971
22/10/20,35.57907
22/10/20,43.7312
22/10/20,42.99838
22/10/20,29.13351
22/10/20,25.0314
22/10/20,22.78967
22/10/20,21.91089
22/10/20,23.87982
22/10/20,24.20057
22/10/20,26.47789
22/10/20,28.66873
22/10/20,32.9163
22/10/20,56.66552
22/10/20,68.37048
22/10/20,51.68604
22/10/20,44.88474
22/10/20,40.7483
22/10/20,35.70645
22/10/20,35.61786
23/10/20,28.81168
23/10/20,27.74684
23/10/20,27.33521
23/10/20,27.25364
23/10/20,29.67288
23/10/20,32.35255
23/10/20,40.38381
23/10/20,39.42174
23/10/20,30.21636
23/10/20,25.59799
23/10/20,23.87105
23/10/20,23.6712
23/10/20,23.48157
23/10/20,24.3074
23/10/20,25.76037
23/10/20,28.75891
23/10/20,33.1345
23/10/20,48.8458
23/10/20,56.15308
23/10/20,43.37338
23/10/20,38.26488
23/10/20,35.53376
23/10/20,34.07875
23/10/20,31.9985
24/10/20,30.30559
24/10/20,29.82737
24/10/20,26.99095
24/10/20,26.73867
24/10/20,26.40285
24/10/20,28.08612
24/10/20,31.25436
24/10/20,30.66319
24/10/20,26.73416
24/10/20,23.2183
24/10/20,21.59684
24/10/20,20.2593
24/10/20,18.6949
24/10/20,17.9736
24/10/20,17.97873
24/10/20,18.99136
24/10/20,23.13355
24/10/20,35.57868
24/10/20,42.38074
24/10/20,37.57648
24/10/20,34.28643
24/10/20,31.71896
24/10/20,27.26457
24/10/20,25.58914
25/10/20,29.11478
25/10/20,29.11145
25/10/20,26.76182
25/10/20,26.34339
25/10/20,26.34211
25/10/20,26.21606
25/10/20,28.28537
25/10/20,28.42421
25/10/20,23.64245
25/10/20,20.50587
25/10/20,14.8668
25/10/20,9.471674342
25/10/20,11.65097
25/10/20,11.58703618
25/10/20,10.6082713
25/10/20,13.30794
25/10/20,19.44432
25/10/20,32.92295
25/10/20,41.80054
25/10/20,36.7121
25/10/20,33.6976
25/10/20,34.55205
25/10/20,28.53181
25/10/20,28.12266
26/10/20,31.19455
26/10/20,29.93991
26/10/20,28.81322
26/10/20,28.22209
26/10/20,26.59406
26/10/20,30.20423
26/10/20,38.72439
26/10/20,47.20711
26/10/20,31.58199
26/10/20,23.6392
26/10/20,23.96595
26/10/20,22.29069
26/10/20,23.31539
26/10/20,24.12725
26/10/20,22.9845
26/10/20,26.39368
26/10/20,27.46024
26/10/20,42.58472
26/10/20,54.81582
26/10/20,45.6494
26/10/20,42.07822
26/10/20,40.83984
26/10/20,33.46272
26/10/20,29.11256
27/10/20,30.4972
27/10/20,29.44451
27/10/20,28.87425
27/10/20,27.95665
27/10/20,29.60137
27/10/20,34.83551
27/10/20,44.34371
27/10/20,45.60486
27/10/20,33.40674
27/10/20,26.08185
27/10/20,23.26823
27/10/20,22.68161
27/10/20,22.53668
27/10/20,23.18617
27/10/20,25.69723
27/10/20,29.27501
27/10/20,32.20356
27/10/20,53.89214
27/10/20,69.01209
27/10/20,54.73976
27/10/20,48.39312
27/10/20,45.14881
27/10/20,36.10629
27/10/20,36.77058
28/10/20,33.77212
28/10/20,32.01245
28/10/20,27.86
28/10/20,27.48
28/10/20,28.78331
28/10/20,33.17467
28/10/20,42.41352
28/10/20,45.86635
28/10/20,32.84008
28/10/20,26.47328
28/10/20,21.62756
28/10/20,21.20898
28/10/20,20.32738
28/10/20,22.16972
28/10/20,22.85007
28/10/20,26.34888
28/10/20,29.30024
28/10/20,48.07146
28/10/20,63.57548
28/10/20,49.40412
28/10/20,44.06914
28/10/20,40.04509
28/10/20,35.33866
28/10/20,33.59415
29/10/20,24.65
29/10/20,24.03303
29/10/20,24.02602
29/10/20,23.90752
29/10/20,25.59193
29/10/20,30.72186
29/10/20,38.7414
29/10/20,40.10085
29/10/20,29.07714
29/10/20,22.56431
29/10/20,18.65861
29/10/20,18.20865
29/10/20,20.82029
29/10/20,20.9928
29/10/20,24.3948
29/10/20,27.23757
29/10/20,30.15006
29/10/20,45.11187
29/10/20,54.51234
29/10/20,44.03159
29/10/20,39.96952
29/10/20,37.79425
29/10/20,32.24193
29/10/20,29.6323
30/10/20,27.15117
30/10/20,26.36676
30/10/20,23.88867
30/10/20,23.74575
30/10/20,25.75121
30/10/20,30.51099
30/10/20,35.78919
30/10/20,36.07282
30/10/20,27.84188
30/10/20,22.58339
30/10/20,20.84243
30/10/20,20.8303
30/10/20,20.70707
30/10/20,20.87317
30/10/20,22.55623
30/10/20,24.70745
30/10/20,29.31601
30/10/20,44.26607
30/10/20,54.13973
30/10/20,41.53001
30/10/20,36.2719
30/10/20,35.03981
30/10/20,29.99201
30/10/20,28.03439
31/10/20,26.56241
31/10/20,26.79258
31/10/20,24.89603
31/10/20,24.3902
31/10/20,24.61685
31/10/20,26.15992
31/10/20,29.39682
31/10/20,29.07566
31/10/20,25.59025
31/10/20,20.10108
31/10/20,17.60542
31/10/20,16.47759
31/10/20,16.82223
31/10/20,19.91788
31/10/20,20.22105
31/10/20,24.60878
31/10/20,28.6489
31/10/20,44.37334
31/10/20,48.60988
31/10/20,40.42859
31/10/20,36.95323
31/10/20,36.52147
31/10/20,29.68795
31/10/20,29.3859
1/11/20,32.15349
1/11/20,30.36494
1/11/20,28.28411
1/11/20,27.65089
1/11/20,28.25452
1/11/20,29.20533
1/11/20,27.88174
1/11/20,23.82547
1/11/20,18.2394
1/11/20,17.45231
1/11/20,17.81867
1/11/20,18.46969
1/11/20,19.15106
1/11/20,21.98014
1/11/20,26.18509
1/11/20,29.74452
1/11/20,55.13709
1/11/20,57.88391
1/11/20,53.58848
1/11/20,44.41683
1/11/20,39.32157
1/11/20,37.01196
1/11/20,30.06437
1/11/20,31.33
1/11/20,30.43491
2/11/20,27.9842
2/11/20,27.24978
2/11/20,25.90217
2/11/20,26.00183
2/11/20,27.69976
2/11/20,30.46718
2/11/20,37.16282
2/11/20,26.35225
2/11/20,21.86722
2/11/20,22.65777
2/11/20,22.7892
2/11/20,23.46595
2/11/20,24.55739
2/11/20,28.10188
2/11/20,33.93372
2/11/20,41.67061
2/11/20,70.16526068
2/11/20,73.64461811
2/11/20,55.96921
2/11/20,48.74884
2/11/20,41.13152
2/11/20,39.63841
2/11/20,32.73549
2/11/20,33.52565
3/11/20,33.99124
3/11/20,30.69337
3/11/20,30.94714
3/11/20,30.7932
3/11/20,32.25914
3/11/20,38.20793
3/11/20,50.98432
3/11/20,31.87039
3/11/20,24.10953
3/11/20,24.625
3/11/20,25.38594
3/11/20,26.15979
3/11/20,27.0171
3/11/20,30.62774
3/11/20,33.04102
3/11/20,40.26388
3/11/20,76.59935362
3/11/20,69.58547261
3/11/20,56.2416
3/11/20,46.15399
3/11/20,38.76099
3/11/20,37.83915
3/11/20,39.79631
3/11/20,30.49835
4/11/20,28.7516
4/11/20,30.16532
4/11/20,29.01555
4/11/20,29.79643
4/11/20,33.67287
4/11/20,39.95697
4/11/20,53.53038
4/11/20,34.01002
4/11/20,25.2541
4/11/20,25.53203
4/11/20,26.70474
4/11/20,28.76431
4/11/20,30.50987
4/11/20,32.7514
4/11/20,37.99906
4/11/20,47.76088
4/11/20,69.08932547
4/11/20,75.01150358
4/11/20,74.08377712
4/11/20,59.04953
4/11/20,50.37869
4/11/20,46.43679
4/11/20,38.78196
4/11/20,38.26935
5/11/20,33.60952
5/11/20,31.41204
5/11/20,29.25187
5/11/20,29.96353
5/11/20,32.70969
5/11/20,38.33709
5/11/20,51.51746
5/11/20,31.02695
5/11/20,23.60638
5/11/20,24.40815
5/11/20,26.11559
5/11/20,28.62565
5/11/20,34.76247
5/11/20,40.54097
5/11/20,40.88825
5/11/20,51.83065
5/11/20,79.97877787
5/11/20,67.96103524
5/11/20,68.68995
5/11/20,60.90399
5/11/20,52.26646
5/11/20,43.79468
5/11/20,39.62876
5/11/20,35.33656
6/11/20,31.30451
6/11/20,28.03254
6/11/20,27.48735
6/11/20,26.37941
6/11/20,27.52793
6/11/20,34.12436
6/11/20,40.67816
6/11/20,27.43155
6/11/20,24.82733
6/11/20,22.20578
6/11/20,22.04614
6/11/20,19.22703
6/11/20,20.73819
6/11/20,22.1227
6/11/20,24.5012
6/11/20,32.03741
6/11/20,47.97012
6/11/20,61.11722
6/11/20,46.52441
6/11/20,37.31285
6/11/20,33.82029
6/11/20,30.14575
6/11/20,28.59169
6/11/20,26.65204
7/11/20,27.77719
7/11/20,26.00212
7/11/20,24.81924
7/11/20,24.30937
7/11/20,26.3355
7/11/20,28.37663
7/11/20,31.18798
7/11/20,25.01973
7/11/20,25.88315
7/11/20,25.47088
7/11/20,23.49992
7/11/20,21.09572
7/11/20,18.96746
7/11/20,18.85363
7/11/20,18.52089
7/11/20,24.56573
7/11/20,40.18114
7/11/20,55.09811
7/11/20,42.43898
7/11/20,34.71437
7/11/20,32.30893
7/11/20,31.8011
7/11/20,27.73652
7/11/20,24.7842
8/11/20,21.86221
8/11/20,22.03442
8/11/20,22.33455
8/11/20,22.00459
8/11/20,21.54115
8/11/20,25.68027
8/11/20,24.63512
8/11/20,16.81576
8/11/20,14.07312
8/11/20,12.16925
8/11/20,12.76143
8/11/20,11.2679
8/11/20,10.44485671
8/11/20,11.42452
8/11/20,15.67293
8/11/20,23.58808
8/11/20,34.62668
8/11/20,60.53824
8/11/20,38.50559
8/11/20,33.80428
8/11/20,28.95866
8/11/20,27.21745
8/11/20,25.21971
8/11/20,23.18799
9/11/20,21.97328
9/11/20,21.84292
9/11/20,21.74156
9/11/20,22.69771
9/11/20,24.10675
9/11/20,32.51781
9/11/20,49.79101
9/11/20,32.63947
9/11/20,25.64252
9/11/20,22.2378
9/11/20,19.8167
9/11/20,18.87223
9/11/20,17.51551
9/11/20,17.24166
9/11/20,21.38966
9/11/20,30.53493
9/11/20,38.26908
9/11/20,68.32886
9/11/20,57.02019
9/11/20,47.87745
9/11/20,45.7539
9/11/20,39.64243
9/11/20,35.07298
9/11/20,31.48631
10/11/20,28.12688
10/11/20,27.72389
10/11/20,27.04405
10/11/20,27.52814
10/11/20,31.01702
10/11/20,38.25588
10/11/20,54.95328
10/11/20,34.6147
10/11/20,24.54121
10/11/20,20.60065
10/11/20,18.37601
10/11/20,15.38272
10/11/20,15.78524
10/11/20,16.05837
10/11/20,19.05215
10/11/20,28.51029
10/11/20,41.47263
10/11/20,68.13288
10/11/20,53.42768
10/11/20,46.31859
10/11/20,42.8423
10/11/20,35.6767
10/11/20,33.60449
10/11/20,31.53359
11/11/20,27.71439
11/11/20,25.17073
11/11/20,24.77025
11/11/20,25.14518
11/11/20,26.65448
11/11/20,36.62207
11/11/20,48.33319
11/11/20,30.47294
11/11/20,22.37916
11/11/20,20.10931
11/11/20,19.6723
11/11/20,18.64264
11/11/20,17.66299
11/11/20,18.47219
11/11/20,20.43343
11/11/20,31.75918
11/11/20,45.12889
11/11/20,64.40643
11/11/20,49.00189
11/11/20,42.41587
11/11/20,38.53025
11/11/20,33.7051
11/11/20,31.85971
11/11/20,28.69789
12/11/20,25.71589
12/11/20,24.67694
12/11/20,24.79992
12/11/20,25.49783
12/11/20,26.92675
12/11/20,35.67549
12/11/20,49.7026
12/11/20,33.48161
12/11/20,23.20894
12/11/20,21.39788
12/11/20,19.96892
12/11/20,19.19785
12/11/20,17.66116
12/11/20,18.61742
12/11/20,21.53356
12/11/20,29.82608
12/11/20,47.91817
12/11/20,66.49978
12/11/20,47.82238
12/11/20,41.51973
12/11/20,34.66976
12/11/20,30.92487
12/11/20,29.894
12/11/20,28.19404
13/11/20,23.71943
13/11/20,22.98184
13/11/20,22.61225
13/11/20,23.10265
13/11/20,23.91239
13/11/20,32.23749
13/11/20,46.4627
13/11/20,27.39163
13/11/20,19.52646
13/11/20,18.38614
13/11/20,16.9573
13/11/20,16.35634
13/11/20,14.32069
13/11/20,14.51176
13/11/20,16.46111
13/11/20,26.25409
13/11/20,43.36142
13/11/20,66.70343
13/11/20,45.97578
13/11/20,41.25554
13/11/20,32.69704
13/11/20,27.83318
13/11/20,24.32934
13/11/20,23.22381
14/11/20,22.57922
14/11/20,22.82337
14/11/20,25.70225
14/11/20,23.05129
14/11/20,24.56001
14/11/20,33.00205
14/11/20,36.24365
14/11/20,27.38489
14/11/20,24.31514
14/11/20,19.64227
14/11/20,19.84215
14/11/20,20.14235
14/11/20,19.58929
14/11/20,14.11299
14/11/20,15.92393
14/11/20,28.63987
14/11/20,37.51667
14/11/20,53.36641
14/11/20,36.33683
14/11/20,31.64282
14/11/20,29.18263
14/11/20,27.34016
14/11/20,27.24533
14/11/20,26.18871
15/11/20,24.1641
15/11/20,23.81212
15/11/20,23.5467
15/11/20,23.57929
15/11/20,24.75629
15/11/20,26.71885
15/11/20,28.52843
15/11/20,20.11636
15/11/20,13.43316
15/11/20,11.65899
15/11/20,12.46963
15/11/20,13.29959
15/11/20,12.43032
15/11/20,13.51027
15/11/20,16.01982
15/11/20,23.41194
15/11/20,41.47296
15/11/20,62.7814
15/11/20,42.4073
15/11/20,37.39814
15/11/20,33.97716
15/11/20,29.79102
15/11/20,29.68886
15/11/20,25.36926
16/11/20,20.75486
16/11/20,20.68141
16/11/20,20.38538
16/11/20,20.563
16/11/20,21.99954
16/11/20,27.73034
16/11/20,43.9011
16/11/20,27.29766
16/11/20,19.2286
16/11/20,15.9536
16/11/20,15.89702
16/11/20,19.05954
16/11/20,19.48379
16/11/20,20.90469
16/11/20,21.70564
16/11/20,32.86485
16/11/20,60.69
16/11/20,69.36227867
16/11/20,51.51617
16/11/20,41.28186
16/11/20,35.41881
16/11/20,32.3832
16/11/20,29.31
16/11/20,26.24163
17/11/20,23.29751
17/11/20,22.03017
17/11/20,21.03139
17/11/20,21.49059
17/11/20,22.27956
17/11/20,25.97989
17/11/20,43.78789
17/11/20,26.09304
17/11/20,17.93622
17/11/20,14.91066
17/11/20,14.72914
17/11/20,14.76822
17/11/20,15.20744
17/11/20,19.08772
17/11/20,22.02975
17/11/20,29.34464
17/11/20,47.15734
17/11/20,71.71645217
17/11/20,48.8367
17/11/20,43.90201
17/11/20,39.36648
17/11/20,32.27281
17/11/20,27.36988
17/11/20,25.00843
18/11/20,23.22362
18/11/20,20.99092
18/11/20,19.63452
18/11/20,18.18671
18/11/20,20.93316
18/11/20,27.01242
18/11/20,41.39585
18/11/20,27.10651
18/11/20,20.77233
18/11/20,20.80528
18/11/20,18.0453
18/11/20,14.4874
18/11/20,12.76801
18/11/20,14.65182
18/11/20,18.8598
18/11/20,27.67169
18/11/20,48.77643
18/11/20,62.67898
18/11/20,46.81519
18/11/20,38.80993
18/11/20,35.20347
18/11/20,31.63565
18/11/20,25.02933
18/11/20,21.03448
19/11/20,18.40712
19/11/20,19.43127
19/11/20,18.45184
19/11/20,19.44635
19/11/20,19.58084
19/11/20,26.0002
19/11/20,41.3842
19/11/20,25.10829
19/11/20,18.0955
19/11/20,16.29998
19/11/20,15.13723
19/11/20,14.60554
19/11/20,14.4553
19/11/20,15.85673
19/11/20,18.23328
19/11/20,26.5848
19/11/20,45.90114
19/11/20,65.08263
19/11/20,48.21138
19/11/20,41.38113
19/11/20,39.24949
19/11/20,35.00304
19/11/20,30.93032
19/11/20,25.24344
20/11/20,22.94234
20/11/20,20.52926
20/11/20,20.34575
20/11/20,20.64874
20/11/20,21.67401
20/11/20,26.57996
20/11/20,44.68363
20/11/20,29.27745
20/11/20,23.30761
20/11/20,20.12711
20/11/20,18.59294
20/11/20,17.55309
20/11/20,17.71479
20/11/20,18.4494
20/11/20,19.85884
20/11/20,31.52854
20/11/20,48.02794
20/11/20,62.86942
20/11/20,42.40731
20/11/20,37.86975
20/11/20,33.60177
20/11/20,30.78497
20/11/20,28.92271
20/11/20,24.55502
21/11/20,22.39741
21/11/20,21.80548
21/11/20,21.24022
21/11/20,21.68258
21/11/20,22.54361
21/11/20,25.70614
21/11/20,28.57679
21/11/20,23.27776
21/11/20,17.52031
21/11/20,13.03272
21/11/20,11.29405
21/11/20,9.947138432
21/11/20,11.03423
21/11/20,13.08427
21/11/20,17.32355
21/11/20,24.34219
21/11/20,34.85754
21/11/20,51.76142
21/11/20,36.59184
21/11/20,36.05001
21/11/20,33.21395
21/11/20,28.84134
21/11/20,28.24647
21/11/20,24.69853
22/11/20,23.57052
22/11/20,23.16743
22/11/20,21.69433
22/11/20,22.66319
22/11/20,24.73205
22/11/20,26.81894
22/11/20,28.42321
22/11/20,24.22623
22/11/20,17.65569
22/11/20,10.4740951
22/11/20,10.35888551
22/11/20,10.48643553
22/11/20,9.032817043
22/11/20,10.33186354
22/11/20,16.9533
22/11/20,26.70773
22/11/20,38.71468
22/11/20,51.40144
22/11/20,37.53944
22/11/20,34.37985
22/11/20,29.86013
22/11/20,27.75725
22/11/20,23.92724
22/11/20,21.59743
23/11/20,20.65206
23/11/20,19.88908
23/11/20,19.73555
23/11/20,19.80455
23/11/20,21.23509
23/11/20,27.36485
23/11/20,34.24467
23/11/20,28.71964
23/11/20,19.29461
23/11/20,13.29499
23/11/20,10.08041658
23/11/20,9.478488861
23/11/20,10.08768399
23/11/20,9.719787678
23/11/20,16.51083
23/11/20,22.77091
23/11/20,30.94194
23/11/20,46.2033
23/11/20,35.62984
23/11/20,33.68048
23/11/20,29.62602
23/11/20,30.22144
23/11/20,24.6916
23/11/20,23.34145
24/11/20,20.96985
24/11/20,21.49194
24/11/20,21.28931
24/11/20,21.93887
24/11/20,24.86411
24/11/20,29.77663
24/11/20,42.73603
24/11/20,28.75066
24/11/20,19.47891
24/11/20,16.67002
24/11/20,13.64503
24/11/20,11.91587
24/11/20,14.39561
24/11/20,16.12924
24/11/20,19.41109
24/11/20,28.27824
24/11/20,42.88351
24/11/20,58.3149
24/11/20,43.03318
24/11/20,46.05583
24/11/20,40.93775
24/11/20,34.05434
24/11/20,29.90483
24/11/20,27.68077
25/11/20,24.00274
25/11/20,22.73918
25/11/20,21.59849
25/11/20,21.90333
25/11/20,23.20272
25/11/20,29.54005
25/11/20,37.67863
25/11/20,28.95019
25/11/20,19.36104
25/11/20,15.49765
25/11/20,11.35779
25/11/20,10.12763734
25/11/20,10.110762
25/11/20,10.3909286
25/11/20,14.75754
25/11/20,24.49887
25/11/20,34.00839
25/11/20,47.87361
25/11/20,41.40769
25/11/20,35.88262
25/11/20,30.73128
25/11/20,29.26338
25/11/20,25.47288
25/11/20,23.59826
26/11/20,20.64178
26/11/20,20.22723
26/11/20,20.03107
26/11/20,20.29851
26/11/20,21.07065
26/11/20,28.35935
26/11/20,30.23506
26/11/20,21.63635
26/11/20,13.84728
26/11/20,10.07728005
26/11/20,10.03013552
26/11/20,10.54845121
26/11/20,12.48949898
26/11/20,9.384313033
26/11/20,11.04421003
26/11/20,19.60952
26/11/20,30.75565
26/11/20,37.72825
26/11/20,30.74882
26/11/20,29.71737
26/11/20,30.2557
26/11/20,29.18119
26/11/20,25.63714
26/11/20,25.26893
27/11/20,23.73592
27/11/20,22.78021
27/11/20,21.47002
27/11/20,21.48999
27/11/20,22.44026
27/11/20,29.61945
27/11/20,35.5513
27/11/20,25.68106
27/11/20,21.66965
27/11/20,10.1030737
27/11/20,11.06330805
27/11/20,9.748892802
27/11/20,10.76184845
27/11/20,9.545465852
27/11/20,13.39461
27/11/20,23.19162
27/11/20,36.99381
27/11/20,47.16838
27/11/20,38.62248
27/11/20,38.36666
27/11/20,36.48468
27/11/20,31.84039
27/11/20,27.87749
27/11/20,26.89918
28/11/20,22.57531
28/11/20,21.6414
28/11/20,22.68965
28/11/20,22.20117
28/11/20,23.11331
28/11/20,27.42298
28/11/20,31.72307
28/11/20,22.74957
28/11/20,9.554317642
28/11/20,9.526241378
28/11/20,9.8063944
28/11/20,10.17569764
28/11/20,9.442084324
28/11/20,10.09115347
28/11/20,9.34828521
28/11/20,20.89695
28/11/20,32.68862
28/11/20,44.34838
28/11/20,37.9068
28/11/20,33.95051
28/11/20,32.44695
28/11/20,28.85949
28/11/20,25.26239
28/11/20,23.72759
29/11/20,22.36664
29/11/20,22.89065
29/11/20,22.781
29/11/20,22.67732
29/11/20,23.12734
29/11/20,27.63413
29/11/20,28.71612
29/11/20,22.92724
29/11/20,13.9572
29/11/20,9.493301651
29/11/20,9.946028798
29/11/20,9.615535687
29/11/20,10.0797055
29/11/20,9.99141673
29/11/20,9.586267388
29/11/20,21.68843
29/11/20,32.32776
29/11/20,47.20501
29/11/20,39.44465
29/11/20,38.22132
29/11/20,34.534
29/11/20,29.21817
29/11/20,27.21263
29/11/20,23.96119
30/11/20,23.05113
30/11/20,21.95024
30/11/20,21.21547
30/11/20,21.79574
30/11/20,23.94964
30/11/20,32.76853
30/11/20,38.54086
30/11/20,29.77452
30/11/20,21.67843
30/11/20,18.71039
30/11/20,15.77787
30/11/20,14.50072
30/11/20,13.94781
30/11/20,14.39271
30/11/20,17.04733
30/11/20,25.24007
30/11/20,39.21027
30/11/20,59.16525
30/11/20,42.98953
30/11/20,39.41391
30/11/20,33.76647
30/11/20,28.85896
30/11/20,27.66185
30/11/20,23.53012
1/12/20,23.91798
1/12/20,22.91451
1/12/20,22.46501
1/12/20,22.59999
1/12/20,24.05723
1/12/20,35.44728
1/12/20,56.40623
1/12/20,35.52923
1/12/20,24.52794
1/12/20,16.83325
1/12/20,13.51539
1/12/20,12.62667
1/12/20,12.09327
1/12/20,14.89853
1/12/20,20.41831
1/12/20,30.78665
1/12/20,45.90816
1/12/20,69.52805
1/12/20,49.95079
1/12/20,44.08561
1/12/20,41.28804
1/12/20,37.80245
1/12/20,33.83451
1/12/20,29.33436
2/12/20,26.05106
2/12/20,23.65424
2/12/20,23.03697
2/12/20,22.86387
2/12/20,24.72774
2/12/20,35.38952
2/12/20,51.47911
2/12/20,33.8405
2/12/20,24.94887
2/12/20,16.47523
2/12/20,13.70366
2/12/20,13.66306
2/12/20,11.04669
2/12/20,15.11581
2/12/20,20.77925
2/12/20,30.90343
2/12/20,44.64572
2/12/20,67.01163
2/12/20,49.18506
2/12/20,43.17498
2/12/20,37.70507
2/12/20,35.39131
2/12/20,34.21485
2/12/20,27.49734
3/12/20,28.10676
3/12/20,25.93324
3/12/20,24.44427
3/12/20,24.60616
3/12/20,26.87565
3/12/20,33.85233
3/12/20,49.37284
3/12/20,34.02263
3/12/20,28.46113
3/12/20,21.01594
3/12/20,19.32292
3/12/20,16.43575
3/12/20,17.52283
3/12/20,18.16631
3/12/20,22.00298
3/12/20,33.02277
3/12/20,47.44721
3/12/20,66.39091
3/12/20,54.57872
3/12/20,51.35335
3/12/20,47.61954
3/12/20,40.1363
3/12/20,38.8686
3/12/20,30.81959
4/12/20,28.82487
4/12/20,25.62793
4/12/20,25.70828
4/12/20,25.83766
4/12/20,27.90981
4/12/20,40.53781
4/12/20,56.19868
4/12/20,40.32553
4/12/20,28.79632
4/12/20,20.25902
4/12/20,18.93595
4/12/20,17.54074
4/12/20,17.96767
4/12/20,19.3227
4/12/20,22.85082
4/12/20,30.9383
4/12/20,48.60111
4/12/20,61.98048
4/12/20,50.1315
4/12/20,48.77691
4/12/20,43.3472
4/12/20,37.60903
4/12/20,36.89081
4/12/20,29.26497
5/12/20,30.20596
5/12/20,28.03139
5/12/20,25.89261
5/12/20,24.95893
5/12/20,25.77728
5/12/20,29.28964
5/12/20,40.08563
5/12/20,28.38334
5/12/20,23.56219
5/12/20,18.07278
5/12/20,13.7238
5/12/20,11.98058
5/12/20,12.47345
5/12/20,14.09844
5/12/20,17.93582
5/12/20,28.5964
5/12/20,45.1569
5/12/20,64.66793
5/12/20,52.32476
5/12/20,46.79366
5/12/20,43.70197
5/12/20,37.25743
5/12/20,30.60639
5/12/20,28.10179
6/12/20,28.09579
6/12/20,25.89596
6/12/20,25.13339
6/12/20,25.18659
6/12/20,26.16198
6/12/20,27.86236
6/12/20,31.77837
6/12/20,26.27442
6/12/20,20.26296
6/12/20,17.03284
6/12/20,14.31561
6/12/20,14.28047
6/12/20,15.11201
6/12/20,14.83546
6/12/20,17.4207
6/12/20,26.77056
6/12/20,37.85282
6/12/20,50.46516
6/12/20,50.47021
6/12/20,45.29825
6/12/20,40.02378
6/12/20,33.80997
6/12/20,29.50103
6/12/20,28.2391
7/12/20,24.79123
7/12/20,23.54168
7/12/20,23.00335
7/12/20,22.72932
7/12/20,23.51145
7/12/20,30.26624
7/12/20,49.64763
7/12/20,41.90825
7/12/20,29.06389
7/12/20,25.29223
7/12/20,21.19222
7/12/20,20.07325
7/12/20,20.04553
7/12/20,20.952
7/12/20,23.00378
7/12/20,32.82522
7/12/20,48.27505
7/12/20,62.87816
7/12/20,56.57747
7/12/20,51.32632
7/12/20,44.80028
7/12/20,37.69888
7/12/20,35.16547
7/12/20,30.25282
8/12/20,29.26298
8/12/20,24.78552
8/12/20,24.33154
8/12/20,27.13695
8/12/20,28.11358
8/12/20,34.09911
8/12/20,58.33395
8/12/20,42.44142
8/12/20,25.85486
8/12/20,22.05851
8/12/20,19.87136
8/12/20,19.4818
8/12/20,20.30298
8/12/20,21.78709
8/12/20,24.13578
8/12/20,31.45684
8/12/20,49.68795
8/12/20,68.85173
8/12/20,54.73501
8/12/20,47.07226
8/12/20,43.67923
8/12/20,35.2796
8/12/20,31.68978
8/12/20,25.66798
9/12/20,22.90328
9/12/20,23.06788
9/12/20,21.48236
9/12/20,22.67473
9/12/20,22.29823
9/12/20,28.58728
9/12/20,44.70728
9/12/20,39.02308
9/12/20,25.30267
9/12/20,20.99253
9/12/20,18.83162
9/12/20,18.11627
9/12/20,17.06565
9/12/20,18.80452
9/12/20,21.14601
9/12/20,31.30688
9/12/20,47.17208
9/12/20,68.37238
9/12/20,52.05038
9/12/20,49.04286
9/12/20,41.81787
9/12/20,35.56617
9/12/20,31.06645
9/12/20,27.30037
10/12/20,30.67779
10/12/20,25.20332
10/12/20,24.01954
10/12/20,24.24092
10/12/20,24.44556
10/12/20,32.47977
10/12/20,49.56518
10/12/20,44.45973
10/12/20,31.53981
10/12/20,25.19151
10/12/20,20.59657
10/12/20,18.18805
10/12/20,15.7886
10/12/20,14.6927
10/12/20,16.00214
10/12/20,22.91422
10/12/20,36.32651
10/12/20,59.74711
10/12/20,46.22648
10/12/20,41.40254
10/12/20,36.81919
10/12/20,30.63064
10/12/20,29.46406
10/12/20,24.73929
11/12/20,20.9519
11/12/20,21.09239
11/12/20,20.8848
11/12/20,20.92023
11/12/20,22.10162
11/12/20,29.00392
11/12/20,39.43158
11/12/20,38.75325
11/12/20,27.48461
11/12/20,23.16731
11/12/20,20.88953
11/12/20,20.00966
11/12/20,19.53784
11/12/20,19.26166
11/12/20,21.20109
11/12/20,26.02318
11/12/20,36.59729
11/12/20,55.46842
11/12/20,43.43408
11/12/20,41.44634
11/12/20,38.28997
11/12/20,33.92866
11/12/20,28.4593
11/12/20,27.04319
12/12/20,23.72836
12/12/20,23.04351
12/12/20,22.95142
12/12/20,23.0749
12/12/20,23.93161
12/12/20,27.16979
12/12/20,29.98941
12/12/20,28.63961
12/12/20,27.18254
12/12/20,22.50626
12/12/20,19.53876
12/12/20,16.13421
12/12/20,12.25795
12/12/20,14.4821
12/12/20,17.75006
12/12/20,23.04268
12/12/20,35.56475
12/12/20,53.60822
12/12/20,50.94928
12/12/20,51.1714
12/12/20,50.15294
12/12/20,45.11568
12/12/20,34.97933
12/12/20,30.74024
13/12/20,33.09147
13/12/20,28.37394
13/12/20,28.99552
13/12/20,28.3504
13/12/20,28.37453
13/12/20,30.0168
13/12/20,31.75572
13/12/20,28.55069
13/12/20,24.60887
13/12/20,21.58092
13/12/20,18.78159
13/12/20,19.78023
13/12/20,19.69566
13/12/20,19.86529
13/12/20,25.01851
13/12/20,30.19045
13/12/20,43.28789
13/12/20,59.82943
13/12/20,55.31771
13/12/20,49.93605
13/12/20,43.45093
13/12/20,35.04858
13/12/20,30.70098
13/12/20,26.27158
14/12/20,23.25298
14/12/20,22.05798
14/12/20,20.48624
14/12/20,20.67325
14/12/20,23.27247
14/12/20,30.17038
14/12/20,42.50702
14/12/20,42.02719
14/12/20,26.31665
14/12/20,15.23943
14/12/20,11.6620589
14/12/20,11.23007252
14/12/20,9.78307196
14/12/20,11.166794
14/12/20,14.84517
14/12/20,25.06781
14/12/20,45.8604
14/12/20,67.25887
14/12/20,55.8997
14/12/20,51.71516
14/12/20,48.36528
14/12/20,40.34639
14/12/20,37.29048
14/12/20,30.07425
15/12/20,29.03905
15/12/20,26.59189
15/12/20,26.81971
15/12/20,26.015
15/12/20,30.64951
15/12/20,38.72871
15/12/20,56.50798
15/12/20,56.64492
15/12/20,31.32559
15/12/20,28.7615
15/12/20,18.22921
15/12/20,15.45183
15/12/20,14.31639
15/12/20,15.72134
15/12/20,20.98188
15/12/20,32.83985
15/12/20,54.88369
15/12/20,70.78120387
15/12/20,65.50261
15/12/20,60.01298
15/12/20,57.77997
15/12/20,46.73752
15/12/20,37.02155
15/12/20,31.41056
16/12/20,32.15356
16/12/20,27.88697
16/12/20,26.79339
16/12/20,26.44865
16/12/20,29.1536
16/12/20,36.76179
16/12/20,57.02634
16/12/20,55.86346
16/12/20,35.57006
16/12/20,29.51182
16/12/20,26.37926
16/12/20,23.63567
16/12/20,22.54421
16/12/20,23.26213
16/12/20,29.21776
16/12/20,34.59325
16/12/20,54.51015
16/12/20,61.34931984
16/12/20,65.84971
16/12/20,55.64534
16/12/20,52.96451
16/12/20,43.96113
16/12/20,38.01204
16/12/20,32.42862
17/12/20,35.55756
17/12/20,30.09753
17/12/20,28.68754
17/12/20,25.7767
17/12/20,28.79112
17/12/20,33.95944
17/12/20,47.11365
17/12/20,48.33012
17/12/20,33.52365
17/12/20,26.58954
17/12/20,21.21008
17/12/20,19.36087
17/12/20,16.65996
17/12/20,16.61493
17/12/20,17.68711
17/12/20,26.73402
17/12/20,40.15263
17/12/20,59.8118
17/12/20,52.14164
17/12/20,42.45379
17/12/20,37.70181
17/12/20,36.48837
17/12/20,30.72496
17/12/20,30.23991
18/12/20,21.29231
18/12/20,20.85698
18/12/20,21.77194
18/12/20,22.0725
18/12/20,24.68526
18/12/20,32.72292
18/12/20,48.72428
18/12/20,47.1237
18/12/20,29.39776
18/12/20,21.62725
18/12/20,18.6295
18/12/20,18.03604
18/12/20,16.81534
18/12/20,16.06557
18/12/20,17.99587
18/12/20,26.22265
18/12/20,46.29133
18/12/20,65.77803
18/12/20,55.14563
18/12/20,48.85188
18/12/20,45.74231
18/12/20,40.22691
18/12/20,35.55113
18/12/20,32.54555
19/12/20,27.0636
19/12/20,23.17064
19/12/20,22.43236
19/12/20,21.93644
19/12/20,23.5219
19/12/20,28.06378
19/12/20,37.24909
19/12/20,29.25289
19/12/20,22.40532
19/12/20,17.83178
19/12/20,14.9583
19/12/20,11.69099
19/12/20,9.792525097
19/12/20,11.27389718
19/12/20,14.20206
19/12/20,23.44768
19/12/20,42.47174
19/12/20,60.98359
19/12/20,52.33042
19/12/20,46.73051
19/12/20,43.61742
19/12/20,35.51183
19/12/20,33.05309
19/12/20,26.855
20/12/20,24.65565
20/12/20,23.95017
20/12/20,22.65527
20/12/20,23.03204
20/12/20,23.7348
20/12/20,29.05113
20/12/20,38.33879
20/12/20,28.43475
20/12/20,18.01607
20/12/20,12.81677
20/12/20,10.3723382
20/12/20,9.742898132
20/12/20,11.17340567
20/12/20,9.883245434
20/12/20,11.84169
20/12/20,24.96344
20/12/20,42.44008
20/12/20,58.75526
20/12/20,49.68256
20/12/20,44.94738
20/12/20,42.30497
20/12/20,34.12967
20/12/20,33.095
20/12/20,26.40006
21/12/20,22.38302
21/12/20,21.27478
21/12/20,21.08535
21/12/20,21.15093
21/12/20,22.65222
21/12/20,29.65941
21/12/20,45.35568
21/12/20,44.63148
21/12/20,26.31523
21/12/20,18.44578
21/12/20,16.65931
21/12/20,16.45633
21/12/20,15.2763
21/12/20,15.98956
21/12/20,17.80594
21/12/20,31.36349
21/12/20,47.28304
21/12/20,63.01981
21/12/20,56.7605
21/12/20,46.14928
21/12/20,43.47669
21/12/20,36.18954
21/12/20,32.30144
21/12/20,27.35884
22/12/20,24.91992
22/12/20,23.30263
22/12/20,21.54096
22/12/20,21.87936
22/12/20,23.49449
22/12/20,28.65057
22/12/20,37.74723
22/12/20,33.57792
22/12/20,23.7143
22/12/20,19.16206
22/12/20,17.9636
22/12/20,15.20626
22/12/20,14.52791
22/12/20,16.1258
22/12/20,18.27822
22/12/20,24.11554
22/12/20,36.14839
22/12/20,52.59241
22/12/20,49.80532
22/12/20,41.04478
22/12/20,41.65978
22/12/20,36.71273
22/12/20,35.0794
22/12/20,29.61689
23/12/20,22.49226
23/12/20,21.748
23/12/20,21.38074
23/12/20,21.36585
23/12/20,22.24484
23/12/20,26.22913
23/12/20,38.02668
23/12/20,39.58215
23/12/20,31.5176
23/12/20,23.64085
23/12/20,20.72228
23/12/20,18.75973
23/12/20,17.28472
23/12/20,17.63915
23/12/20,19.62566
23/12/20,31.33724
23/12/20,42.25458
23/12/20,54.99244
23/12/20,49.97121
23/12/20,44.50582
23/12/20,43.36914
23/12/20,35.39036
23/12/20,32.17734
23/12/20,29.80109
24/12/20,24.96991
24/12/20,22.4783
24/12/20,21.87513
24/12/20,21.41949
24/12/20,22.52523
24/12/20,27.61664
24/12/20,34.09665
24/12/20,34.98961
24/12/20,32.23187
24/12/20,28.7913
24/12/20,26.62086
24/12/20,23.91839
24/12/20,23.19883
24/12/20,23.35131
24/12/20,25.95588
24/12/20,34.50745
24/12/20,44.41272
24/12/20,52.15941
24/12/20,47.41633
24/12/20,44.37391
24/12/20,43.96527
24/12/20,36.5954
24/12/20,35.49702
24/12/20,29.49952
25/12/20,29.1985
25/12/20,24.20516
25/12/20,23.99892
25/12/20,22.85762
25/12/20,24.16495
25/12/20,26.76154
25/12/20,31.08075
25/12/20,27.90968
25/12/20,18.92263
25/12/20,15.58154
25/12/20,13.76025
25/12/20,10.52496127
25/12/20,10.7803242
25/12/20,11.43764476
25/12/20,15.67957
25/12/20,23.79982
25/12/20,38.06913
25/12/20,56.00655
25/12/20,42.91579
25/12/20,43.30329
25/12/20,38.26665
25/12/20,32.80361
25/12/20,30.61653
25/12/20,26.59971
26/12/20,25.34638
26/12/20,21.69377
26/12/20,24.36221
26/12/20,21.76543
26/12/20,22.93108
26/12/20,26.19184
26/12/20,29.88598
26/12/20,24.96296
26/12/20,17.72367
26/12/20,10.1307248
26/12/20,9.519195834
26/12/20,10.16725949
26/12/20,9.391518948
26/12/20,10.29167208
26/12/20,10.22225731
26/12/20,19.3932
26/12/20,31.63107
26/12/20,53.39687
26/12/20,47.1501
26/12/20,44.92972
26/12/20,39.04786
26/12/20,37.63243
26/12/20,36.18506
26/12/20,30.32658
27/12/20,23.09839
27/12/20,23.88507
27/12/20,23.59237
27/12/20,23.82636
27/12/20,24.26471
27/12/20,26.48639
27/12/20,31.84623
27/12/20,29.59761
27/12/20,23.14325
27/12/20,20.5556
27/12/20,18.5826
27/12/20,17.08702
27/12/20,15.99028
27/12/20,15.85575
27/12/20,17.95852
27/12/20,26.42967
27/12/20,44.79253
27/12/20,69.18384
27/12/20,54.23188
27/12/20,43.16965
27/12/20,36.76025
27/12/20,32.94988
27/12/20,29.63934
27/12/20,27.33751
28/12/20,23.97282
28/12/20,22.08331
28/12/20,21.62305
28/12/20,21.58718
28/12/20,23.72565
28/12/20,29.76836
28/12/20,36.99316
28/12/20,36.67527
28/12/20,33.90551
28/12/20,32.55392
28/12/20,29.81625
28/12/20,26.57674
28/12/20,24.66895
28/12/20,23.55852
28/12/20,23.83919
28/12/20,30.78382
28/12/20,42.94392
28/12/20,61.57541
28/12/20,53.89487
28/12/20,46.62682
28/12/20,43.70159
28/12/20,36.44699
28/12/20,32.91282
28/12/20,29.84636
29/12/20,24.55657
29/12/20,24.49343
29/12/20,23.87324
29/12/20,23.91549
29/12/20,24.86605
29/12/20,34.21836
29/12/20,46.96139
29/12/20,44.07197
29/12/20,31.77938
29/12/20,22.84949
29/12/20,19.82589
29/12/20,17.05958
29/12/20,13.90933
29/12/20,11.24432
29/12/20,14.20058
29/12/20,23.23959
29/12/20,35.28101
29/12/20,56.5526
29/12/20,50.68609
29/12/20,46.43972
29/12/20,43.89356
29/12/20,38.08549
29/12/20,36.01696
29/12/20,30.48078
30/12/20,23.87942
30/12/20,23.82108
30/12/20,23.03497
30/12/20,22.9516
30/12/20,24.23848
30/12/20,31.8744
30/12/20,45.18237
30/12/20,41.92509
30/12/20,28.84629
30/12/20,22.85578
30/12/20,20.05466
30/12/20,17.78367
30/12/20,16.91679
30/12/20,17.18692
30/12/20,18.94349
30/12/20,25.84698
30/12/20,35.27291
30/12/20,52.33581
30/12/20,42.45143
30/12/20,41.30676
30/12/20,40.41946
30/12/20,34.63746
30/12/20,29.83819
30/12/20,27.97651
31/12/20,22.37378
31/12/20,21.9552
31/12/20,21.01472
31/12/20,21.06438
31/12/20,21.59426
31/12/20,27.14219
31/12/20,35.19209
31/12/20,32.33401
31/12/20,22.43174
31/12/20,16.42721
31/12/20,14.14047
31/12/20,9.426692118
31/12/20,10.10980674
31/12/20,10.23399779
31/12/20,12.0433
31/12/20,20.30822
31/12/20,30.65829
31/12/20,51.40808
31/12/20,43.43259
31/12/20,41.14364
31/12/20,39.4671
31/12/20,33.71473
31/12/20,30.22727
31/12/20,29.01013
1/1/21,24.49203
1/1/21,22.48754
1/1/21,23.5839
1/1/21,22.92048
1/1/21,24.1339
1/1/21,26.82686
1/1/21,30.30831
1/1/21,27.7855
1/1/21,17.96556
1/1/21,9.912088742
1/1/21,12.11873427
1/1/21,9.831174947
1/1/21,10.38398663
1/1/21,10.72712049
1/1/21,10.3654345
1/1/21,19.02337
1/1/21,31.06426
1/1/21,49.45344
1/1/21,40.53378
1/1/21,37.70301
1/1/21,35.77815
1/1/21,32.22246
1/1/21,28.13529
1/1/21,25.97766
2/1/21,23.76976
2/1/21,22.1877
2/1/21,22.76071
2/1/21,22.45791
2/1/21,22.88219
2/1/21,25.48204
2/1/21,29.2446
2/1/21,24.98525
2/1/21,16.80308
2/1/21,9.998324988
2/1/21,9.855833105
2/1/21,11.29534146
2/1/21,11.36785262
2/1/21,9.537888398
2/1/21,10.58118063
2/1/21,18.52291
2/1/21,31.07494
2/1/21,44.89748
2/1/21,38.84302
2/1/21,35.19604
2/1/21,34.13273
2/1/21,30.66146
2/1/21,27.67084
2/1/21,25.08967
3/1/21,20.90011
3/1/21,20.79107
3/1/21,20.72373
3/1/21,20.55511
3/1/21,20.99321
3/1/21,23.67024
3/1/21,27.06893
3/1/21,23.22818
3/1/21,16.27548
3/1/21,9.428018762
3/1/21,9.362689312
3/1/21,9.98260226
3/1/21,10.29501501
3/1/21,9.135413689
3/1/21,9.604850747
3/1/21,20.15764
3/1/21,31.26677
3/1/21,50.962
3/1/21,43.20323
3/1/21,36.65531
3/1/21,33.87724
3/1/21,29.75202
3/1/21,27.57958
3/1/21,24.52382
4/1/21,20.81739
4/1/21,20.56079
4/1/21,20.09911
4/1/21,20.21182
4/1/21,21.55063
4/1/21,27.56231
4/1/21,39.26329
4/1/21,46.42059
4/1/21,27.17888
4/1/21,20.44444
4/1/21,20.4894
4/1/21,18.68822
4/1/21,16.13893
4/1/21,15.36921
4/1/21,17.65761
4/1/21,22.21842
4/1/21,30.8916
4/1/21,53.87165
4/1/21,56.09362
4/1/21,41.32006
4/1/21,37.12567
4/1/21,29.73453
4/1/21,24.56131
4/1/21,22.43302
5/1/21,18.66244
5/1/21,17.76602
5/1/21,16.65917
5/1/21,16.88062
5/1/21,17.77818
5/1/21,21.43371
5/1/21,31.45685
5/1/21,42.49846
5/1/21,23.12348
5/1/21,17.04702
5/1/21,14.1144
5/1/21,12.97564
5/1/21,11.78587
5/1/21,12.43098
5/1/21,15.59342
5/1/21,29.78653
5/1/21,37.26173
5/1/21,61.035
5/1/21,54.09261
5/1/21,44.24214
5/1/21,35.65438
5/1/21,28.59622
5/1/21,24.47
5/1/21,22.7548
6/1/21,19.02099
6/1/21,18.25588
6/1/21,17.9661
6/1/21,18.44936
6/1/21,19.74857
6/1/21,25.30313
6/1/21,32.49008
6/1/21,40.54449
6/1/21,23.50679
6/1/21,18.82647
6/1/21,16.78143
6/1/21,15.14077
6/1/21,13.69226
6/1/21,14.25281
6/1/21,17.21108
6/1/21,22.23185
6/1/21,35.87957
6/1/21,52.38804
6/1/21,43.6838
6/1/21,37.02475
6/1/21,30.85345
6/1/21,27.37591
6/1/21,24.08465
6/1/21,21.65284
7/1/21,18.74817
7/1/21,18.02421
7/1/21,17.11509
7/1/21,17.69429
7/1/21,19.91046
7/1/21,25.09688
7/1/21,35.74487
7/1/21,37.42297
7/1/21,24.52299
7/1/21,20.75013
7/1/21,18.50493
7/1/21,16.51166
7/1/21,14.70563
7/1/21,15.17932
7/1/21,18.19268
7/1/21,21.92444
7/1/21,34.17672
7/1/21,50.35772
7/1/21,44.51107
7/1/21,36.95889
7/1/21,31.58681
7/1/21,27.50499
7/1/21,25.2686
7/1/21,22.07864
8/1/21,21.44801
8/1/21,20.32804
8/1/21,19.95918
8/1/21,20.1458
8/1/21,20.69336
8/1/21,26.18707
8/1/21,35.38094
8/1/21,36.06378
8/1/21,24.39273
8/1/21,20.61204
8/1/21,14.17428
8/1/21,8.997716096
8/1/21,9.485987545
8/1/21,11.4251494
8/1/21,10.24090428
8/1/21,17.44881
8/1/21,28.79393
8/1/21,37.96009
8/1/21,33.17536
8/1/21,29.07376
8/1/21,26.90042
8/1/21,25.07179
8/1/21,22.28172
8/1/21,21.10918
9/1/21,21.66251
9/1/21,20.33462
9/1/21,19.17786
9/1/21,19.25837
9/1/21,20.49295
9/1/21,24.753
9/1/21,29.31475
9/1/21,28.04838
9/1/21,19.97834
9/1/21,16.71066
9/1/21,9.60942674
9/1/21,9.970625251
9/1/21,9.838303888
9/1/21,11.02167045
9/1/21,11.43398517
9/1/21,17.43562
9/1/21,26.01781
9/1/21,44.15059
9/1/21,39.02144
9/1/21,32.13011
9/1/21,29.5105
9/1/21,27.65308
9/1/21,23.9296
9/1/21,22.36509
10/1/21,22.32879
10/1/21,20.96155
10/1/21,21.7957
10/1/21,21.18001
10/1/21,21.17742
10/1/21,24.21578
10/1/21,28.91505
10/1/21,24.71632
10/1/21,18.66346
10/1/21,11.89554
10/1/21,10.23465101
10/1/21,10.09651563
10/1/21,9.740639584
10/1/21,11.07521919
10/1/21,9.864124068
10/1/21,15.60719
10/1/21,26.0052
10/1/21,40.63509
10/1/21,38.83926
10/1/21,31.4181
10/1/21,29.73271
10/1/21,27.46724
10/1/21,23.52042
10/1/21,21.79794
11/1/21,20.74438
11/1/21,19.86738
11/1/21,19.79724
11/1/21,19.69373
11/1/21,20.73354
11/1/21,26.92626
11/1/21,35.60391
11/1/21,36.20881
11/1/21,25.21641
11/1/21,21.14614
11/1/21,13.37994
11/1/21,11.54707
11/1/21,11.26852
11/1/21,10.01760556
11/1/21,14.08922
11/1/21,21.70645
11/1/21,32.72418
11/1/21,50.19122
11/1/21,46.74959
11/1/21,46.23653
11/1/21,37.65867
11/1/21,34.30187
11/1/21,28.40716
11/1/21,23.69197
12/1/21,21.83889
12/1/21,21.26864
12/1/21,20.75375
12/1/21,20.80056
12/1/21,22.08771
12/1/21,26.35894
12/1/21,38.01115
12/1/21,39.81959
12/1/21,26.58153
12/1/21,20.663
12/1/21,19.55836
12/1/21,16.89748
12/1/21,14.12311
12/1/21,14.40513
12/1/21,16.41628
12/1/21,21.51892
12/1/21,35.68656
12/1/21,55.14413
12/1/21,47.7723
12/1/21,41.92822
12/1/21,32.79969
12/1/21,28.55979
12/1/21,25.14016
12/1/21,23.34814
13/1/21,20.16068
13/1/21,19.25809
13/1/21,18.53358
13/1/21,18.64871
13/1/21,19.80578
13/1/21,25.23707
13/1/21,35.86747
13/1/21,38.87662
13/1/21,25.81938
13/1/21,18.47331
13/1/21,14.2123
13/1/21,12.88871
13/1/21,10.37929407
13/1/21,10.08112831
13/1/21,11.70371
13/1/21,18.15988
13/1/21,32.09135
13/1/21,50.95542
13/1/21,42.49308
13/1/21,32.61363
13/1/21,31.08378
13/1/21,29.54714
13/1/21,23.57262
13/1/21,21.94963
14/1/21,20.16816
14/1/21,20.19464
14/1/21,18.91213
14/1/21,19.1097
14/1/21,18.93775
14/1/21,23.95155
14/1/21,34.86569
14/1/21,35.70109
14/1/21,23.37108
14/1/21,18.23025
14/1/21,14.99745
14/1/21,13.21732
14/1/21,11.24064
14/1/21,12.84464
14/1/21,15.89312
14/1/21,23.05426
14/1/21,34.38981
14/1/21,49.78188
14/1/21,39.83282
14/1/21,35.17462
14/1/21,30.69997
14/1/21,27.45077
14/1/21,23.64665
14/1/21,20.9986
15/1/21,17.99704
15/1/21,18.21588
15/1/21,17.09249
15/1/21,17.83148
15/1/21,18.73925
15/1/21,22.09442
15/1/21,32.44708
15/1/21,32.02841
15/1/21,21.57454
15/1/21,14.56972
15/1/21,14.34919
15/1/21,13.92516
15/1/21,14.51303
15/1/21,15.04122
15/1/21,16.7122
15/1/21,23.5472
15/1/21,35.09213
15/1/21,40.80875
15/1/21,37.343
15/1/21,30.27231
15/1/21,28.23576
15/1/21,25.25866
15/1/21,23.47838
15/1/21,19.67988
16/1/21,20.12591
16/1/21,19.58794
16/1/21,19.58173
16/1/21,19.5906
16/1/21,20.15557
16/1/21,22.27295
16/1/21,27.18266
16/1/21,25.16515
16/1/21,18.18149
16/1/21,14.21497
16/1/21,9.91784516
16/1/21,9.791053253
16/1/21,10.46791497
16/1/21,11.58763189
16/1/21,11.79364
16/1/21,19.99573
16/1/21,29.56212
16/1/21,37.75932
16/1/21,36.47918
16/1/21,32.4447
16/1/21,29.67203
16/1/21,27.54495
16/1/21,22.82797
16/1/21,22.48937
17/1/21,20.28947
17/1/21,19.57274
17/1/21,19.99079
17/1/21,20.04614
17/1/21,20.2127
17/1/21,22.08792
17/1/21,23.57945
17/1/21,20.67453
17/1/21,8.960989276
17/1/21,10.55148706
17/1/21,12.30194254
17/1/21,9.962564551
17/1/21,9.70833481
17/1/21,10.50321587
17/1/21,10.68058771
17/1/21,14.75523
17/1/21,29.58834
17/1/21,40.08413
17/1/21,38.50102
17/1/21,30.55052
17/1/21,28.95821
17/1/21,27.44141
17/1/21,22.58955
17/1/21,20.09655
18/1/21,19.09232
18/1/21,18.68234
18/1/21,18.32567
18/1/21,18.26771
18/1/21,19.16335
18/1/21,22.2286
18/1/21,29.7182
18/1/21,27.24816
18/1/21,19.84054
18/1/21,15.49152
18/1/21,9.333498388
18/1/21,10.18992038
18/1/21,10.36698565
18/1/21,10.00234176
18/1/21,11.00436
18/1/21,19.25868
18/1/21,28.21387
18/1/21,38.30723
18/1/21,33.29734
18/1/21,29.2265
18/1/21,27.43605
18/1/21,24.14936
18/1/21,23.07069
18/1/21,20.12198
19/1/21,19.62551
19/1/21,19.44357
19/1/21,17.99672
19/1/21,17.98808
19/1/21,19.46349
19/1/21,22.898
19/1/21,28.34302
19/1/21,28.67619
19/1/21,21.03617
19/1/21,18.22295
19/1/21,13.2217
19/1/21,11.14277
19/1/21,9.499323126
19/1/21,9.720082995
19/1/21,12.3605
19/1/21,16.71661
19/1/21,27.18283
19/1/21,35.56723
19/1/21,31.97437
19/1/21,29.21321
19/1/21,28.13817
19/1/21,25.65393
19/1/21,23.30325
19/1/21,21.42168
20/1/21,18.78022
20/1/21,17.92108
20/1/21,18
20/1/21,18.7782
20/1/21,19.2
20/1/21,22.30148
20/1/21,31.12689
20/1/21,32.79037
20/1/21,21.02559
20/1/21,9.755229036
20/1/21,10.04663801
20/1/21,12.09900436
20/1/21,11.19150914
20/1/21,9.752667502
20/1/21,11.10400069
20/1/21,18.56916
20/1/21,29.7804
20/1/21,38.26796
20/1/21,33.89976
20/1/21,31.54315
20/1/21,30.78663
20/1/21,28.00435
20/1/21,23.40537
20/1/21,21.69
21/1/21,20.25763
21/1/21,19.74571
21/1/21,19.2
21/1/21,18.83052
21/1/21,20.31387
21/1/21,26.94146
21/1/21,31.82173
21/1/21,32.44233
21/1/21,20.15198
21/1/21,10.0140001
21/1/21,10.22085692
21/1/21,10.29153404
21/1/21,9.400911955
21/1/21,10.39979032
21/1/21,10.20670986
21/1/21,15.68865
21/1/21,27.96515
21/1/21,35
21/1/21,33.42157
21/1/21,29.32189
21/1/21,27.80153
21/1/21,27.2461
21/1/21,21.91781
21/1/21,21.41592
22/1/21,18.77747
22/1/21,18.14282
22/1/21,17.52167
22/1/21,18.08761
22/1/21,17.76869
22/1/21,20.06644
22/1/21,28.55771
22/1/21,29.19522
22/1/21,21.39291
22/1/21,15.8773
22/1/21,12.91331
22/1/21,9.42403415
22/1/21,9.487030472
22/1/21,9.267997525
22/1/21,11.57593
22/1/21,19.03142
22/1/21,27.59645
22/1/21,32.92945
22/1/21,32.27857
22/1/21,28.40506
22/1/21,27.21051
22/1/21,26.03096
22/1/21,21.27191
22/1/21,19.96285
23/1/21,20.02613
23/1/21,19.9436
23/1/21,18.37953
23/1/21,19.0965
23/1/21,19.2222
23/1/21,20.70092
23/1/21,28.14461
23/1/21,28.40596
23/1/21,19.76219
23/1/21,17.12293
23/1/21,15.03034
23/1/21,12.67737
23/1/21,9.482477925
23/1/21,9.498570157
23/1/21,12.23595
23/1/21,17.6807
23/1/21,27.34731
23/1/21,35.96707
23/1/21,33.57172
23/1/21,32.25546
23/1/21,28.77638
23/1/21,28.73138
23/1/21,25.21456
23/1/21,20.21699
24/1/21,20.80475
24/1/21,19.59566
24/1/21,19.62655
24/1/21,19.63304
24/1/21,21.17595
24/1/21,22.78725
24/1/21,27.31307
24/1/21,23.29059
24/1/21,15.30239
24/1/21,10.11673234
24/1/21,9.90840246
24/1/21,11.61805742
24/1/21,11.17598899
24/1/21,9.128648539
24/1/21,10.07643626
24/1/21,14.66488
24/1/21,28.40705
24/1/21,37.09806
24/1/21,36.28786
24/1/21,31.01504
24/1/21,28.03653
24/1/21,26.37179
24/1/21,22.02276
24/1/21,20.52153
25/1/21,18.63436
25/1/21,17.5927
25/1/21,16.67129
25/1/21,15.65283
25/1/21,16.70686
25/1/21,22.23926
25/1/21,30.38119
25/1/21,33.21456
25/1/21,23.71274
25/1/21,20.79119
25/1/21,16.97921
25/1/21,14.88111
25/1/21,12.65548
25/1/21,10.70669871
25/1/21,14.11253
25/1/21,20.42116
25/1/21,30.42073
25/1/21,37.02206
25/1/21,40.00363
25/1/21,36.17997
25/1/21,31.94692
25/1/21,29.22381
25/1/21,25.72732
25/1/21,23.11881
26/1/21,21.7815
26/1/21,19.7939
26/1/21,19.71304
26/1/21,19.75286
26/1/21,19.87986
26/1/21,28.5304
26/1/21,39.69782
26/1/21,39.65218
26/1/21,22.12359
26/1/21,9.870518235
26/1/21,9.606316543
26/1/21,9.631195393
26/1/21,10.34461211
26/1/21,11.3063217
26/1/21,9.973355783
26/1/21,15.52713
26/1/21,29.84655
26/1/21,43.38409
26/1/21,44.24444
26/1/21,39.75986
26/1/21,34.56857
26/1/21,31.01129
26/1/21,25.82812
26/1/21,21.3309
27/1/21,19.60339
27/1/21,19.49379
27/1/21,19.1952
27/1/21,19.27906
27/1/21,21.80648
27/1/21,27.30301
27/1/21,38.4789
27/1/21,40.78912
27/1/21,33.88124
27/1/21,26.9732
27/1/21,22.31103
27/1/21,19.87281
27/1/21,19.11041
27/1/21,17.58785
27/1/21,18.46175
27/1/21,24.80976
27/1/21,36.76556
27/1/21,43.77219
27/1/21,45.88117
27/1/21,40.37622
27/1/21,36.82368
27/1/21,32.24141
27/1/21,25.85107
27/1/21,24.40747
28/1/21,20.68959
28/1/21,19.87655
28/1/21,19.48778
28/1/21,19.47723
28/1/21,21.43732
28/1/21,25.97933
28/1/21,33.47777
28/1/21,41.97415
28/1/21,26.99275
28/1/21,21.75475
28/1/21,19.84469
28/1/21,19.2238
28/1/21,18.40358
28/1/21,18.8686
28/1/21,19.19313
28/1/21,23.07172
28/1/21,33.36268
28/1/21,41.10836
28/1/21,44.79615
28/1/21,38.71573
28/1/21,33.83668
28/1/21,29.68964
28/1/21,24.3796
28/1/21,24.01553
29/1/21,19.94141
29/1/21,19.3604
29/1/21,18.68856
29/1/21,18.18296
29/1/21,19.37329
29/1/21,21.85117
29/1/21,30.72461
29/1/21,37.28473
29/1/21,27.89729
29/1/21,22.37325
29/1/21,19.03648
29/1/21,16.70798
29/1/21,14.53955
29/1/21,12.08853
29/1/21,12.94279
29/1/21,16.25344
29/1/21,24.12045
29/1/21,32.61442
29/1/21,35.14498
29/1/21,30.41149
29/1/21,28.50371
29/1/21,26.14921
29/1/21,22.98227
29/1/21,20.98547
30/1/21,21.36147
30/1/21,22.1592
30/1/21,21.23251
30/1/21,20.30782
30/1/21,21.07549
30/1/21,23.65361
30/1/21,28.28756
30/1/21,26.18894
30/1/21,17.42778
30/1/21,9.902808266
30/1/21,8.712086833
30/1/21,10.63332518
30/1/21,9.784602935
30/1/21,11.25375053
30/1/21,9.926890966
30/1/21,12.14418
30/1/21,24.37541
30/1/21,37.38084
30/1/21,38.42723
30/1/21,33.09861
30/1/21,29.70215
30/1/21,27.6723
30/1/21,23.86622
30/1/21,21.64913
31/1/21,22.01667
31/1/21,20.36015
31/1/21,22.14673
31/1/21,22.11721
31/1/21,22.17299
31/1/21,23.90285
31/1/21,28.58209
31/1/21,24.64711
31/1/21,14.20484
31/1/21,10.08778291
31/1/21,8.90892351
31/1/21,9.946064045
31/1/21,9.475741749
31/1/21,9.645806129
31/1/21,12.38679
31/1/21,19.13702
31/1/21,28.44589
31/1/21,38.29472
31/1/21,41.74511
31/1/21,34.83472
31/1/21,29.60655
31/1/21,26.17912
31/1/21,22.61447
31/1/21,21.64498
1/2/21,21.35496
1/2/21,20.38582
1/2/21,20.15849
1/2/21,20.28294
1/2/21,21.06638
1/2/21,25.43265
1/2/21,34.32057
1/2/21,36.80405
1/2/21,28.33856
1/2/21,22.61011
1/2/21,20.02933
1/2/21,17.60179
1/2/21,15.97769
1/2/21,15.28713
1/2/21,15.66802
1/2/21,19.99319
1/2/21,30.2182
1/2/21,45.23355
1/2/21,47.22487
1/2/21,38.80198
1/2/21,34.7561
1/2/21,29.04232
1/2/21,24.16728
1/2/21,22.58914
2/2/21,20.51866
2/2/21,20.41906
2/2/21,19.61339
2/2/21,19.03855
2/2/21,20.24713
2/2/21,22.40039
2/2/21,33.74114
2/2/21,31.04803
2/2/21,21.49464
2/2/21,16.35384
2/2/21,13.88438
2/2/21,12.97227
2/2/21,11.20368
2/2/21,10.13428472
2/2/21,10.36119601
2/2/21,16.68456
2/2/21,27.212
2/2/21,36.53925
2/2/21,39.66549
2/2/21,32.16043
2/2/21,29.20037
2/2/21,24.13805
2/2/21,22.89286
2/2/21,20.17804
3/2/21,18.79603
3/2/21,18.7708
3/2/21,16.97006
3/2/21,17.67914
3/2/21,18.7822
3/2/21,23.135
3/2/21,40.1234
3/2/21,33.99379
3/2/21,24.58155
3/2/21,15.59113
3/2/21,9.663265456
3/2/21,10.12650078
3/2/21,11.28801951
3/2/21,9.72045433
3/2/21,9.026567817
3/2/21,13.87757
3/2/21,25.65148
3/2/21,39.93391
3/2/21,44.74872
3/2/21,36.08035
3/2/21,34.97603
3/2/21,33.49845
3/2/21,27.04415
3/2/21,23.03583
4/2/21,18.45865
4/2/21,19.84913
4/2/21,19.73704
4/2/21,19.30077
4/2/21,20.90024
4/2/21,24.63326
4/2/21,36.97753
4/2/21,33.08482
4/2/21,19.53765
4/2/21,14.52665
4/2/21,10.31027578
4/2/21,10.37106704
4/2/21,9.381135531
4/2/21,10.39718007
4/2/21,9.599278133
4/2/21,12.26255
4/2/21,24.23874
4/2/21,39.30756
4/2/21,45.31648
4/2/21,36.04493
4/2/21,33.22759
4/2/21,29.63902
4/2/21,24.95108
4/2/21,22.06452
5/2/21,21.05854
5/2/21,20.57588
5/2/21,20.02854
5/2/21,19.91006
5/2/21,21.11115
5/2/21,26.31304
5/2/21,36.99233
5/2/21,30.47388
5/2/21,19.94171
5/2/21,11.27173
5/2/21,9.949087847
5/2/21,10.51511463
5/2/21,9.608522183
5/2/21,11.65931118
5/2/21,9.746717523
5/2/21,10.09804847
5/2/21,20.70325
5/2/21,34.29754
5/2/21,34.60192
5/2/21,29.97836
5/2/21,28.80731
5/2/21,27.08013
5/2/21,25.49418
5/2/21,23.04782
6/2/21,23.39867
6/2/21,22.94102
6/2/21,23.51573
6/2/21,21.95635
6/2/21,24.16721
6/2/21,28.78254
6/2/21,35.44814
6/2/21,24.7932
6/2/21,13.07748
6/2/21,11.89158512
6/2/21,11.28911599
6/2/21,9.664289958
6/2/21,10.42468013
6/2/21,9.817523874
6/2/21,9.716152144
6/2/21,8.842128192
6/2/21,23.6753
6/2/21,40.01523
6/2/21,40.62617
6/2/21,35.53278
6/2/21,32.94475
6/2/21,29.5901
6/2/21,24.50669
6/2/21,22.9791
7/2/21,23.04614
7/2/21,21.93162
7/2/21,23.76712
7/2/21,22.69078
7/2/21,22.7853
7/2/21,28.10091
7/2/21,33.61539
7/2/21,23.63216
7/2/21,12.88713
7/2/21,9.797826673
7/2/21,9.175617442
7/2/21,12.71776787
7/2/21,10.57162247
7/2/21,9.983304069
7/2/21,10.10733133
7/2/21,9.837639281
7/2/21,21.70189
7/2/21,35.64025
7/2/21,37.74142
7/2/21,34.23301
7/2/21,33.6029
7/2/21,29.98472
7/2/21,25.43107
7/2/21,25.33745
8/2/21,22.68654
8/2/21,21.76373
8/2/21,21.31846
8/2/21,20.8869
8/2/21,22.2573
8/2/21,29.49824
8/2/21,40.95423
8/2/21,39.14088
8/2/21,29.99651
8/2/21,27.92678
8/2/21,18.33814
8/2/21,20.06188
8/2/21,17.82087
8/2/21,15.74054
8/2/21,22.54631
8/2/21,24.61782
8/2/21,31.13128
8/2/21,45.39038
8/2/21,47.54476
8/2/21,41.31626
8/2/21,34.41081
8/2/21,30.54142
8/2/21,28.81132
8/2/21,24.64345
9/2/21,23.87305
9/2/21,22.38888
9/2/21,21.90628
9/2/21,21.63708
9/2/21,23.63529
9/2/21,28.59817
9/2/21,42.15146
9/2/21,42.93838
9/2/21,32.01928
9/2/21,25.94355
9/2/21,20.63967
9/2/21,19.17758
9/2/21,17.57771
9/2/21,16.09362
9/2/21,18.04547
9/2/21,24.59618
9/2/21,33.67399
9/2/21,43.13173
9/2/21,47.1641
9/2/21,39.69337
9/2/21,38.06776
9/2/21,33.55465
9/2/21,27.61805
9/2/21,24.45294
10/2/21,22.01667
10/2/21,21.65275552
10/2/21,22.75597608
10/2/21,22.71677348
10/2/21,22.43019738
10/2/21,24.4980169
10/2/21,29.68080585
10/2/21,25.77178241
10/2/21,15.18790085
10/2/21,10.54911448
10/2/21,9.219468474
10/2/21,11.38986552
10/2/21,10.46694035
10/2/21,11.16984568
10/2/21,13.85331202
10/2/21,20.08617136
10/2/21,29.52238096
10/2/21,38.38912204
10/2/21,42.31833849
10/2/21,34.14242281
10/2/21,30.60827247
10/2/21,26.47357182
10/2/21,22.93249499
10/2/21,23.03314223
11/2/21,22.59993211
11/2/21,21.71715547
11/2/21,20.96092607
11/2/21,21.04696078
11/2/21,21.95188954
11/2/21,26.05829553
11/2/21,34.85304319
11/2/21,37.60646889
11/2/21,28.54852369
11/2/21,23.22221446
11/2/21,20.52982389
11/2/21,18.39189253
11/2/21,16.26836198
11/2/21,15.73550244
11/2/21,16.80405744
11/2/21,21.23849731
11/2/21,30.87946416
11/2/21,45.7025536
11/2/21,47.83973696
11/2/21,39.65492529
11/2/21,34.91497669
11/2/21,29.65330576
11/2/21,25.65361197
11/2/21,23.84994539
12/2/21,21.64045421
12/2/21,21.32963129
12/2/21,20.63933209
12/2/21,20.87922297
12/2/21,21.24062844
12/2/21,23.81058197
12/2/21,34.28979467
12/2/21,31.48447747
12/2/21,22.86750162
12/2/21,17.31055152
12/2/21,14.92052959
12/2/21,13.84035068
12/2/21,11.58847175
12/2/21,11.3870524
12/2/21,11.43976071
12/2/21,18.1945847
12/2/21,27.3587467
12/2/21,37.74249596
12/2/21,40.77427406
12/2/21,33.36213349
12/2/21,30.69388676
12/2/21,24.70312651
12/2/21,24.26948142
12/2/21,20.92453785
13/2/21,16.7231107
13/2/21,18.23237657
13/2/21,16.10480618
13/2/21,16.36309842
13/2/21,17.79949381
13/2/21,21.12072896
13/2/21,26.32294036
13/2/21,19.69649282
13/2/21,11.8409795
13/2/21,11.60824864
13/2/21,12.23898107
13/2/21,10.53435106
13/2/21,15.1156576
13/2/21,18.92552482
13/2/21,19.42978876
13/2/21,23.99386419
13/2/21,22.56542658
13/2/21,29.05630881
13/2/21,56.60121987
13/2/21,40.19579694
13/2/21,30.94514379
13/2/21,29.02583209
13/2/21,22.93119809
13/2/21,20.4872271
14/2/21,18.08934353
14/2/21,19.20682432
14/2/21,15.5516016
14/2/21,17.44083012
14/2/21,19.37036267
14/2/21,21.97377422
14/2/21,28.68896738
14/2/21,21.26573884
14/2/21,11.03315887
14/2/21,11.35373457
14/2/21,11.69761863
14/2/21,13.01598416
14/2/21,13.25517647
14/2/21,18.86739403
14/2/21,20.78846653
14/2/21,20.89762184
14/2/21,23.59435535
14/2/21,28.6053828
14/2/21,49.09760562
14/2/21,41.63653572
14/2/21,28.50580526
14/2/21,24.18727842
14/2/21,23.27780714
14/2/21,21.4283887
15/2/21,21.73410084
15/2/21,20.41767129
15/2/21,19.36665387
15/2/21,18.75588052
15/2/21,19.43198337
15/2/21,23.47293156
15/2/21,31.65773467
15/2/21,25.55145822
15/2/21,17.52144687
15/2/21,16.1025533
15/2/21,18.11843572
15/2/21,21.89003598
15/2/21,24.05193072
15/2/21,25.78909105
15/2/21,28.7028399
15/2/21,28.41448085
15/2/21,30.27322127
15/2/21,39.80060852
15/2/21,62.6311601
15/2/21,54.80502286
15/2/21,36.81029721
15/2/21,32.4475943
15/2/21,26.83862433
15/2/21,24.9244637
16/2/21,26.49736777
16/2/21,24.90292121
16/2/21,23.78965228
16/2/21,22.04508186
16/2/21,24.69458253
16/2/21,27.61527868
16/2/21,42.41243236
16/2/21,32.32774583
16/2/21,22.73623984
16/2/21,22.76012955
16/2/21,23.68317654
16/2/21,31.02581093
16/2/21,29.43990856
16/2/21,28.93346675
16/2/21,29.93579509
16/2/21,33.0069136
16/2/21,34.73287612
16/2/21,44.71266826
16/2/21,66.72952051
16/2/21,75.31600335
16/2/21,48.34917923
16/2/21,47.82334081
16/2/21,38.85753377
16/2/21,34.60623763
17/2/21,35.05314949
17/2/21,38.01842262
17/2/21,32.54774179
17/2/21,32.64833518
17/2/21,32.38693224
17/2/21,29.55270648
17/2/21,42.18019382
17/2/21,29.46649685
17/2/21,23.37254819
17/2/21,26.49189326
17/2/21,28.7897756
17/2/21,30.96550539
17/2/21,30.83147302
17/2/21,33.14570559
17/2/21,37.78597711
17/2/21,54.89088657
17/2/21,59.58825345
17/2/21,74.9967453
17/2/21,69.84079269
17/2/21,78.50131037
17/2/21,68.42859605
17/2/21,69.89671441
17/2/21,54.55741341
17/2/21,45.42837248
18/2/21,43.84900885
18/2/21,42.02324005
18/2/21,37.45534421
18/2/21,33.69519114
18/2/21,31.55338253
18/2/21,28.07472404
18/2/21,42.89389037
18/2/21,28.08792918
18/2/21,21.50097759
18/2/21,23.99207463
18/2/21,31.2616616
18/2/21,36.90505547
18/2/21,40.93528778
18/2/21,50.20699289
18/2/21,57.30186124
18/2/21,64.22771824
18/2/21,66.70139508
18/2/21,70.67034146
18/2/21,50.90781496
18/2/21,64.1053759
18/2/21,66.99381802
18/2/21,71.08407453
18/2/21,54.66833791
18/2/21,49.49787511
19/2/21,43.33881477
19/2/21,40.74085135
19/2/21,35.26773561
19/2/21,32.38648351
19/2/21,32.02273121
19/2/21,29.38651828
19/2/21,28.74598006
19/2/21,27.16142251
19/2/21,18.472729
19/2/21,20.9693135
19/2/21,26.95164887
19/2/21,30.42545595
19/2/21,34.74565308
19/2/21,46.55260969
19/2/21,51.4989368
19/2/21,53.73739713
19/2/21,67.82133419
19/2/21,68.71421656
19/2/21,70.62102267
19/2/21,70.52063264
19/2/21,65.39018724
19/2/21,58.5865211
19/2/21,50.28564269
19/2/21,45.35338527
20/2/21,39.50551
20/2/21,37.23491
20/2/21,35.88512
20/2/21,35.8526
20/2/21,36.06297
20/2/21,41.17183
20/2/21,40.90596
20/2/21,35.80574
20/2/21,19.39061
20/2/21,11.42444539
20/2/21,9.309652618
20/2/21,10.45389268
20/2/21,9.782466127
20/2/21,9.839911732
20/2/21,11.85943954
20/2/21,11.30644451
20/2/21,28.08151
20/2/21,51.68296
20/2/21,69.84887
20/2/21,53.01619
20/2/21,50.10303
20/2/21,47.06462
20/2/21,43.93826
20/2/21,40.33019
21/2/21,37.86374
21/2/21,35.84433
21/2/21,36.0148
21/2/21,36.35238
21/2/21,36.5931
21/2/21,39.44558
21/2/21,44.80133
21/2/21,35.46548
21/2/21,18.11596
21/2/21,11.37344236
21/2/21,8.853169176
21/2/21,10.25495308
21/2/21,9.277772686
21/2/21,10.38627237
21/2/21,10.38101983
21/2/21,10.00976648
21/2/21,31.09984
21/2/21,58.46882
21/2/21,63.58287
21/2/21,55.05597
21/2/21,50.50754
21/2/21,46.61202
21/2/21,40.41529
21/2/21,38.08872
22/2/21,35.92019
22/2/21,34.36024
22/2/21,35.05575
22/2/21,34.83908
22/2/21,40.40691
22/2/21,53.63448
22/2/21,68.52641
22/2/21,46.21492
22/2/21,34.32841
22/2/21,27.58824
22/2/21,16.65713
22/2/21,15.03351
22/2/21,12.76541
22/2/21,11.161
22/2/21,14.57022
22/2/21,28.0265
22/2/21,42.52695
22/2/21,66.52286
22/2/21,74.30817
22/2/21,63.64256
22/2/21,60.2398
22/2/21,52.34573
22/2/21,45.61122
22/2/21,45.58877
23/2/21,36.44828
23/2/21,34.41489
23/2/21,34.19743
23/2/21,33.43737
23/2/21,35.16774
23/2/21,44.40752
23/2/21,53.66976
23/2/21,37.32744
23/2/21,27.49011
23/2/21,19.10216
23/2/21,12.8729
23/2/21,9.700538903
23/2/21,9.999096546
23/2/21,10.0595878
23/2/21,14.77579
23/2/21,26.67175
23/2/21,40.11766
23/2/21,55.65988
23/2/21,67.02094
23/2/21,56.21982
23/2/21,50.90485
23/2/21,43.04311
23/2/21,39.47901
23/2/21,36.01556
24/2/21,31.68057
24/2/21,30.53962
24/2/21,29.86831
24/2/21,30.35983
24/2/21,31.1194
24/2/21,40.0978
24/2/21,47.85221
24/2/21,33.28317
24/2/21,23.93727
24/2/21,14.47382
24/2/21,11.00473279
24/2/21,9.926561491
24/2/21,9.463028862
24/2/21,10.4338981
24/2/21,10.50219446
24/2/21,12.78019
24/2/21,29.44629
24/2/21,44.69658
24/2/21,50.81039
24/2/21,43.94589
24/2/21,42.30147
24/2/21,40.07482
24/2/21,37.54108
24/2/21,35.5106
25/2/21,33.07439
25/2/21,31.40422
25/2/21,30.61223
25/2/21,30.40554
25/2/21,31.80058
25/2/21,41.70768
25/2/21,49.36031
25/2/21,35.23924
25/2/21,24.88974
25/2/21,17.51871
25/2/21,12.7569
25/2/21,9.536864168
25/2/21,8.91398383
25/2/21,9.469325112
25/2/21,11.05571609
25/2/21,18.94719
25/2/21,34.32322
25/2/21,49.77259
25/2/21,56.65459
25/2/21,50.17865
25/2/21,46.60203
25/2/21,41.88949
25/2/21,38.34141
25/2/21,34.92628
26/2/21,33.18781
26/2/21,31.12953
26/2/21,29.40047
26/2/21,30.1026
26/2/21,32.15465
26/2/21,40.85372
26/2/21,46.86309
26/2/21,33.03431
26/2/21,24.02851
26/2/21,11.62188
26/2/21,9.977017398
26/2/21,10.36758503
26/2/21,9.648404827
26/2/21,9.651797274
26/2/21,10.40942658
26/2/21,11.6861128
26/2/21,28.34477
26/2/21,46.05798
26/2/21,48.39314
26/2/21,44.59881
26/2/21,41.34361
26/2/21,36.55711
26/2/21,33.89829
26/2/21,33.70653
27/2/21,36.64823
27/2/21,35.49048
27/2/21,33.63385
27/2/21,32.44491
27/2/21,33.6064
27/2/21,39.05163
27/2/21,41.17432
27/2/21,30.59444
27/2/21,9.390588766
27/2/21,10.3519844
27/2/21,10.04375449
27/2/21,11.20072716
27/2/21,10.81212888
27/2/21,10.01605568
27/2/21,9.769214068
27/2/21,11.19601185
27/2/21,25.40667
27/2/21,45.2261
27/2/21,49.86948
27/2/21,49.67281
27/2/21,46.29864
27/2/21,42.94304
27/2/21,38.42412
27/2/21,36.69569
28/2/21,36.01006
28/2/21,34.68306
28/2/21,34.09405
28/2/21,33.12947
28/2/21,35.95345
28/2/21,40.54581
28/2/21,41.72578
28/2/21,30.46797
28/2/21,15.18452
28/2/21,9.87315903
28/2/21,9.356899481
28/2/21,9.895218135
28/2/21,9.438851009
28/2/21,10.18417215
28/2/21,10.24858099
28/2/21,10.8822445
28/2/21,28.26296
28/2/21,49.69311
28/2/21,56.20695
28/2/21,49.72356
28/2/21,45.82324
28/2/21,42.15959
28/2/21,39.2322
28/2/21,36.56147
1/3/21,37.33709
1/3/21,35.66842
1/3/21,35.8157
1/3/21,36.17092
1/3/21,39.81163
1/3/21,46.02389
1/3/21,54.97445
1/3/21,38.91997
1/3/21,28.55614
1/3/21,21.00845
1/3/21,19.22067
1/3/21,15.11907
1/3/21,11.03058
1/3/21,11.14411
1/3/21,12.98498
1/3/21,20.2138
1/3/21,35.92633
1/3/21,55.06662
1/3/21,65.83189
1/3/21,55.9337
1/3/21,49.64784
1/3/21,46.10986
1/3/21,41.13344
1/3/21,36.23598
2/3/21,34.71374
2/3/21,33.07314
2/3/21,32.35788
2/3/21,32.22548
2/3/21,35.64143
2/3/21,42.82527
2/3/21,48.99233
2/3/21,35.93428
2/3/21,28.16017
2/3/21,21.06208
2/3/21,17.3218
2/3/21,15.00294
2/3/21,11.19133
2/3/21,12.64922
2/3/21,14.41703
2/3/21,24.49202
2/3/21,34.76174
2/3/21,51.88491
2/3/21,61.10083
2/3/21,55.60253
2/3/21,46.85221
2/3/21,42.91927
2/3/21,37.7344
2/3/21,36.2162
3/3/21,34.82825
3/3/21,32.86811
3/3/21,32.76857
3/3/21,32.91223
3/3/21,36.18437
3/3/21,43.09216
3/3/21,48.86907
3/3/21,36.10498
3/3/21,31.22922
3/3/21,28.67069
3/3/21,26.95087
3/3/21,25.50598
3/3/21,23.41549
3/3/21,26.38447
3/3/21,29.32214
3/3/21,31.10026
3/3/21,37.89434
3/3/21,49.35885
3/3/21,58.80028
3/3/21,51.9137
3/3/21,45.15999
3/3/21,41.06647
3/3/21,35.4242
3/3/21,32.82592
4/3/21,31.84018
4/3/21,31.59109
4/3/21,31.34553
4/3/21,32.62022
4/3/21,37.39309
4/3/21,43.67216
4/3/21,55.74412
4/3/21,35.65382
4/3/21,28.0135
4/3/21,24.4952
4/3/21,18.87631
4/3/21,14.58533
4/3/21,10.51928853
4/3/21,9.678244815
4/3/21,9.50144915
4/3/21,17.32654
4/3/21,34.06497
4/3/21,53.43918
4/3/21,64.68938
4/3/21,59.30792
4/3/21,53.32068
4/3/21,47.48781
4/3/21,41.80355
4/3/21,38.79426
5/3/21,33.23998
5/3/21,31.83656
5/3/21,31.74946
5/3/21,31.86096
5/3/21,34.6625
5/3/21,43.32734
5/3/21,50.54232
5/3/21,34.64881
5/3/21,28.74978
5/3/21,27.13482
5/3/21,24.99177
5/3/21,21.05262
5/3/21,17.85899
5/3/21,17.85661
5/3/21,21.98174
5/3/21,26.17359
5/3/21,34.28961
5/3/21,50.99125
5/3/21,62.73012
5/3/21,53.22534
5/3/21,47.31651
5/3/21,45.02638
5/3/21,37.96216
5/3/21,36.62442
6/3/21,34.25741
6/3/21,33.50829
6/3/21,30.81208
6/3/21,30.87407
6/3/21,31.95276
6/3/21,37.75793
6/3/21,37.09894
6/3/21,31.38297
6/3/21,22.25353
6/3/21,18.06746
6/3/21,26.67998
6/3/21,9.482008885
6/3/21,10.04081761
6/3/21,10.50390855
6/3/21,9.480696926
6/3/21,9.524759295
6/3/21,23.23939
6/3/21,45.75596
6/3/21,56.90221
6/3/21,51.21545
6/3/21,45.17983
6/3/21,43.59266
6/3/21,37.94517
6/3/21,33.27456
7/3/21,34.35864
7/3/21,31.95651
7/3/21,32.31944
7/3/21,31.98004
7/3/21,33.67174
7/3/21,38.72736
7/3/21,40.4872
7/3/21,33.16562
7/3/21,30.87317
7/3/21,27.83648
7/3/21,26.11767
7/3/21,21.53007
7/3/21,18.82423
7/3/21,19.41002
7/3/21,17.67367
7/3/21,21.29213
7/3/21,31.44033
7/3/21,45.30411
7/3/21,59.27108
7/3/21,47.61762
7/3/21,42.88517
7/3/21,40.85557
7/3/21,34.78567
7/3/21,32.9084
8/3/21,30.43163
8/3/21,30.01622
8/3/21,29.63151
8/3/21,29.83498
8/3/21,31.87693
8/3/21,36.77593
8/3/21,51.68643
8/3/21,36.76873
8/3/21,30.52008
8/3/21,28.23544
8/3/21,24.12704
8/3/21,21.67935
8/3/21,14.91154
8/3/21,13.86097
8/3/21,16.32235
8/3/21,22.27281
8/3/21,34.10826
8/3/21,49.35225
8/3/21,67.69737
8/3/21,55.50393
8/3/21,49.34488
8/3/21,44.24832
8/3/21,36.76388
8/3/21,33.67353
9/3/21,35.70692
9/3/21,33.32477
9/3/21,31.42461
9/3/21,31.29835
9/3/21,32.18729
9/3/21,40.48818
9/3/21,49.68997
9/3/21,41.14287
9/3/21,32.98669
9/3/21,29.28576
9/3/21,23.28729
9/3/21,24.39719
9/3/21,18.70371
9/3/21,23.73226
9/3/21,20.78095
9/3/21,25.81082
9/3/21,35.60536
9/3/21,47.0034
9/3/21,63.89583
9/3/21,55.61533
9/3/21,47.5317
9/3/21,43.78685
9/3/21,41.40693
9/3/21,36.7646
10/3/21,31.22793
10/3/21,31.02936
10/3/21,30.92092
10/3/21,31.52693
10/3/21,34.95521
10/3/21,40.92791
10/3/21,46.50671
10/3/21,43.89195
10/3/21,43.06397
10/3/21,40.39379
10/3/21,33.82377
10/3/21,32.91744
10/3/21,31.73526
10/3/21,31.55374
10/3/21,31.75567
10/3/21,35.08917
10/3/21,39.86376
10/3/21,51.31867
10/3/21,65.05764
10/3/21,57.20516
10/3/21,50.84068
10/3/21,45.22406
10/3/21,40.16151
10/3/21,37.17085
11/3/21,42.61889
11/3/21,41.51676
11/3/21,41.811
11/3/21,40.33895
11/3/21,42.54468
11/3/21,46.26453
11/3/21,51.98815
11/3/21,42.43727
11/3/21,38.29192
11/3/21,34.12852
11/3/21,31.78837
11/3/21,30.94346
11/3/21,27.34622
11/3/21,28.31871
11/3/21,29.14968
11/3/21,31.26976
11/3/21,34.59123
11/3/21,48.57111
11/3/21,61.31049
11/3/21,55.86989
11/3/21,47.83321
11/3/21,46.2735
11/3/21,40.4898
11/3/21,38.55095
12/3/21,42.52077
12/3/21,39.27583
12/3/21,38.86415
12/3/21,39.17424
12/3/21,41.57858
12/3/21,44.89365
12/3/21,51.35361
12/3/21,40.60976
12/3/21,37.6063
12/3/21,33.52938
12/3/21,31.48199
12/3/21,29.90136
12/3/21,24.90253
12/3/21,24.29136
12/3/21,24.88621
12/3/21,28.05931
12/3/21,34.08389
12/3/21,46.5636
12/3/21,58.72708
12/3/21,51.11754
12/3/21,45.65793
12/3/21,44.18255
12/3/21,41.50078
12/3/21,38.09174
13/3/21,34.74423
13/3/21,32.66035
13/3/21,32.38472
13/3/21,32.73883
13/3/21,35.04046
13/3/21,37.60964
13/3/21,37.22591
13/3/21,31.13111
13/3/21,17.56619
13/3/21,9.427684563
13/3/21,10.05585325
13/3/21,9.662521812
13/3/21,9.671881589
13/3/21,9.746782062
13/3/21,10.85125429
13/3/21,10.9054868
13/3/21,13.18944
13/3/21,39.92069
13/3/21,47.87174
13/3/21,44.43579
13/3/21,41.55626
13/3/21,40.03172
13/3/21,35.54738
13/3/21,33.71267
14/3/21,31.90272
14/3/21,30.8928
14/3/21,31.51376
14/3/21,32.10018
14/3/21,36.45925
14/3/21,39.31886
14/3/21,35.64367
14/3/21,28.53626
14/3/21,24.09355
14/3/21,12.77829
14/3/21,23.97498
14/3/21,17.70894
14/3/21,15.0526
14/3/21,13.6448
14/3/21,17.38894
14/3/21,18.06097
14/3/21,30.09024
14/3/21,46.18304
14/3/21,55.58507
14/3/21,45.90857
14/3/21,40.78641
14/3/21,37.2693
14/3/21,34.46655
15/3/21,29.54063
15/3/21,29.68747
15/3/21,28.96171
15/3/21,30.13566
15/3/21,31.38311
15/3/21,39.38947
15/3/21,45.18102
15/3/21,52.97204
15/3/21,39.17672
15/3/21,36.99394
15/3/21,34.24766
15/3/21,29.6282
15/3/21,27.0063
15/3/21,25.24747
15/3/21,21.39752
15/3/21,21.57053
15/3/21,19.39511
15/3/21,30.40039
15/3/21,45.74275
15/3/21,66.97987
15/3/21,51.98873
15/3/21,45.61433
15/3/21,39.47246
15/3/21,37.54097
16/3/21,32.19842
16/3/21,30.08762
16/3/21,29.01688
16/3/21,29.97398
16/3/21,33.39426
16/3/21,42.74777
16/3/21,54.07206
16/3/21,55.72884
16/3/21,39.35043
16/3/21,28.55446
16/3/21,24.64932
16/3/21,22.23673
16/3/21,16.23363
16/3/21,15.12798
16/3/21,12.21938165
16/3/21,15.40869
16/3/21,13.42282
16/3/21,28.77612
16/3/21,50.59047
16/3/21,72.3309
16/3/21,54.37161
16/3/21,49.02297
16/3/21,44.28982
16/3/21,41.70312
17/3/21,41.05725
17/3/21,38.33186
17/3/21,35.15273
17/3/21,35.02108
17/3/21,37.97897
17/3/21,44.50099
17/3/21,62.7155
17/3/21,59.25506
17/3/21,37.59612
17/3/21,34.04956
17/3/21,29.71643
17/3/21,27.74822
17/3/21,26.19436
17/3/21,26.85604
17/3/21,26.82683
17/3/21,29.19061
17/3/21,30.65527
17/3/21,32.77809
17/3/21,51.78571
17/3/21,67.99681
17/3/21,58.53278
17/3/21,51.13168
17/3/21,42.5351
17/3/21,39.27973
18/3/21,37.12084
18/3/21,34.11583
18/3/21,32.63179
18/3/21,32.65587
18/3/21,35.48793
18/3/21,41.84645
18/3/21,54.64792
18/3/21,57.69247
18/3/21,40.81902
18/3/21,33.02645
18/3/21,30.94219
18/3/21,25.63255
18/3/21,24.79638
18/3/21,24.46256
18/3/21,24.4803
18/3/21,25.92836
18/3/21,24.45692
18/3/21,28.63983
18/3/21,46.59719
18/3/21,61.09884
18/3/21,48.00486
18/3/21,44.93153
18/3/21,39.54105
18/3/21,36.27375
19/3/21,33.6087
19/3/21,31.84579
19/3/21,31.18228
19/3/21,31.04025
19/3/21,32.6478
19/3/21,40.37661
19/3/21,49.59144
19/3/21,46.89393
19/3/21,36.87969
19/3/21,31.19065
19/3/21,30.74092
19/3/21,27.44401
19/3/21,24.16528
19/3/21,23.82722
19/3/21,22.1769
19/3/21,24.42882
19/3/21,25.20982
19/3/21,29.05194
19/3/21,40.47872
19/3/21,50.77686
19/3/21,44.1618
19/3/21,43.22189
19/3/21,38.18793
19/3/21,34.43593
20/3/21,31.72783
20/3/21,31.39873
20/3/21,29.92458
20/3/21,29.80607
20/3/21,30.10087
20/3/21,32.03979
20/3/21,38.03775
20/3/21,50.12885
20/3/21,33.16946
20/3/21,25.33394
20/3/21,27.31229
20/3/21,22.76321
20/3/21,20.62240943
20/3/21,20.29235885
20/3/21,19.91607074
20/3/21,21.73818707
20/3/21,19.17890633
20/3/21,25.70841
20/3/21,53.52573
20/3/21,59.7552
20/3/21,53.91415
20/3/21,49.32586
20/3/21,44.82565
20/3/21,41.89471
21/3/21,40.55809
21/3/21,41.01868
21/3/21,39.79253
21/3/21,39.60644
21/3/21,41.59338
21/3/21,45.37923
21/3/21,50.16466
21/3/21,58.08989
21/3/21,41.72036
21/3/21,25.37173
21/3/21,20.20907012
21/3/21,20.74268946
21/3/21,19.92487905
21/3/21,19.21775481
21/3/21,19.86512477
21/3/21,20.68385651
21/3/21,19.96781586
21/3/21,23.18986
21/3/21,55.90766
21/3/21,59.71947
21/3/21,54.03997
21/3/21,47.75844
21/3/21,45.33042
21/3/21,41.60377
22/3/21,37.64338
22/3/21,37.90271
22/3/21,37.4774
22/3/21,37.86339
22/3/21,39.47951
22/3/21,46.84331
22/3/21,58.21394
22/3/21,53.91912
22/3/21,40.03754
22/3/21,35.2898
22/3/21,28.39917
22/3/21,26.87428
22/3/21,26.09836
22/3/21,21.0897
22/3/21,19.27406291
22/3/21,19.54136372
22/3/21,17.6824844
22/3/21,25.9462
22/3/21,53.1731
22/3/21,61.09641
22/3/21,54.99458
22/3/21,49.32057
22/3/21,42.77383
22/3/21,40.18327
23/3/21,39.7332
23/3/21,38.56353
23/3/21,38.84975
23/3/21,38.5009
23/3/21,39.69344
23/3/21,45.23026
23/3/21,53.96701
23/3/21,48.81988
23/3/21,43.17315
23/3/21,34.23736
23/3/21,23.40804
23/3/21,19.92183052
23/3/21,19.77856506
23/3/21,19.12258081
23/3/21,21.1488756
23/3/21,19.25499286
23/3/21,19.38231436
23/3/21,30.41375
23/3/21,50.65223
23/3/21,67.40215
23/3/21,62.54191
23/3/21,53.29752
23/3/21,48.79612
23/3/21,45.66584
24/3/21,40.74429
24/3/21,40.74106
24/3/21,39.54166
24/3/21,39.60155
24/3/21,41.48744
24/3/21,47.46731
24/3/21,58.87638
24/3/21,55.74737
24/3/21,42.40413
24/3/21,36.04403
24/3/21,29.75635
24/3/21,26.51851
24/3/21,25.19772
24/3/21,24.30015
24/3/21,26.42469
24/3/21,26.51439
24/3/21,24.78113
24/3/21,37.01107
24/3/21,51.42468
24/3/21,62.11975
24/3/21,57.6983
24/3/21,50.99114
24/3/21,47.12352
24/3/21,42.15751
25/3/21,42.78647
25/3/21,41.20746
25/3/21,40.48957
25/3/21,40.47708
25/3/21,41.32702
25/3/21,46.93639
25/3/21,55.15294
25/3/21,53.41104
25/3/21,43.21247
25/3/21,39.12775
25/3/21,38.20334
25/3/21,35.67805
25/3/21,33.25217
25/3/21,33.8888
25/3/21,33.19484
25/3/21,33.34227
25/3/21,32.15374
25/3/21,40.04127
25/3/21,48.81473
25/3/21,55.49213
25/3/21,55.26071
25/3/21,50.41775
25/3/21,46.22224
25/3/21,42.31193
26/3/21,40.25641
26/3/21,38.61962
26/3/21,38.63966
26/3/21,38.58543
26/3/21,39.52842
26/3/21,46.83303
26/3/21,55.37285
26/3/21,54.69733
26/3/21,42.73577
26/3/21,38.94416
26/3/21,36.7867
26/3/21,28.2818
26/3/21,22.64905
26/3/21,20.258
26/3/21,19.31562152
26/3/21,22.67989
26/3/21,21.72409
26/3/21,36.14151
26/3/21,51.23576
26/3/21,67.7557
26/3/21,61.16145
26/3/21,56.35293
26/3/21,50.64463
26/3/21,48.52455
27/3/21,45.17619
27/3/21,42.97476
27/3/21,41.78011
27/3/21,41.36261
27/3/21,42.5406
27/3/21,46.50736
27/3/21,54.9246
27/3/21,45.97058
27/3/21,36.94659
27/3/21,22.45357
27/3/21,20.32144667
27/3/21,21.73327036
27/3/21,19.83055873
27/3/21,21.27382136
27/3/21,18.04802864
27/3/21,19.90681809
27/3/21,20.02324069
27/3/21,32.39949
27/3/21,51.64267
27/3/21,64.82778
27/3/21,59.39207
27/3/21,53.23354
27/3/21,48.46807
27/3/21,46.67463
28/3/21,51.13168
28/3/21,46.37665
28/3/21,45.97477
28/3/21,46.05901
28/3/21,46.99336
28/3/21,48.51927
28/3/21,52.53923
28/3/21,45.61166
28/3/21,33.79165
28/3/21,20.38171217
28/3/21,21.3972485
28/3/21,21.7687457
28/3/21,19.30626653
28/3/21,20.81640364
28/3/21,20.08037198
28/3/21,20.50860354
28/3/21,20.81123344
28/3/21,33.91509
28/3/21,61.46722
28/3/21,71.5127
28/3/21,62.71204
28/3/21,51.56677
28/3/21,45.85668
28/3/21,42.46235
29/3/21,39.64353
29/3/21,38.46713
29/3/21,38.16462
29/3/21,38.24948
29/3/21,39.20253
29/3/21,46.37539
29/3/21,55.7279
29/3/21,50.7099
29/3/21,36.94338
29/3/21,33.7712
29/3/21,23.59686
29/3/21,19.15572453
29/3/21,19.19290244
29/3/21,18.70518335
29/3/21,18.95705301
29/3/21,20.663
29/3/21,20.06651
29/3/21,31.33737
29/3/21,52.15734
29/3/21,63.11306
29/3/21,57.86588
29/3/21,51.84751
29/3/21,48.65828
29/3/21,42.28906
30/3/21,41.82415
30/3/21,40.1875
30/3/21,39.43587
30/3/21,39.34244
30/3/21,43.91759
30/3/21,48.61324
30/3/21,59.98749
30/3/21,54.33216
30/3/21,38.30495
30/3/21,25.28497
30/3/21,19.5597198
30/3/21,22.33657025
30/3/21,20.75601467
30/3/21,20.73743848
30/3/21,18.0572975
30/3/21,22.33279
30/3/21,25.09815
30/3/21,40.07963
30/3/21,59.57308
30/3/21,67.5224466
30/3/21,68.36457
30/3/21,55.14419
30/3/21,49.63787
30/3/21,46.91472
31/3/21,47.04523
31/3/21,45.0595
31/3/21,43.44876
31/3/21,42.66703
31/3/21,45.95976
31/3/21,49.36944
31/3/21,56.70211
31/3/21,51.69838
31/3/21,40.5447
31/3/21,28.63084
31/3/21,24.74245
31/3/21,20.85465
31/3/21,20.01052
31/3/21,22.05051
31/3/21,24.83651
31/3/21,28.50365
31/3/21,33.03607
31/3/21,45.93003
31/3/21,67.13274
31/3/21,77.45460106
31/3/21,73.31288
31/3/21,60.61479
31/3/21,52.36087
31/3/21,50.15424
1/4/21,48.19228
1/4/21,35.93711
1/4/21,33.63688
1/4/21,32.66023
1/4/21,34.72611
1/4/21,38.49426
1/4/21,44.37297
1/4/21,40.73338
1/4/21,29.40138
1/4/21,19.89377
1/4/21,15.45327
1/4/21,15.97178
1/4/21,16.59209
1/4/21,19.97667
1/4/21,24.35193
1/4/21,27.80164
1/4/21,30.54917
1/4/21,39.86131
1/4/21,64.00223
1/4/21,67.38746512
1/4/21,62.63279
1/4/21,47.77642
1/4/21,41.45475
1/4/21,38.32527
2/4/21,37.94656
2/4/21,36.42924
2/4/21,33.19234
2/4/21,32.06383
2/4/21,33.17727
2/4/21,38.44922
2/4/21,42.26786
2/4/21,38.97085
2/4/21,29.25166
2/4/21,17.53937
2/4/21,17.40369
2/4/21,18.00424
2/4/21,13.70546
2/4/21,14.89209
2/4/21,14.51546
2/4/21,17.73265
2/4/21,24.99491
2/4/21,31.28159
2/4/21,45.86782
2/4/21,62.58515
2/4/21,49.04596
2/4/21,45.77522
2/4/21,40.47718
2/4/21,38.03889
3/4/21,39.72152
3/4/21,38.38383
3/4/21,37.72063
3/4/21,34.85086
3/4/21,36.55734
3/4/21,38.87634
3/4/21,42.14658
3/4/21,34.27836
3/4/21,24.85413
3/4/21,15.66608
3/4/21,18.33962
3/4/21,9.022414843
3/4/21,10.46741559
3/4/21,10.16691841
3/4/21,10.05789804
3/4/21,9.851943678
3/4/21,10.30302231
3/4/21,26.43511
3/4/21,45.64989
3/4/21,56.02
3/4/21,45.91411
3/4/21,40.75222
3/4/21,39.44179
3/4/21,37.85057
4/4/21,35.04501
4/4/21,33.83185
4/4/21,31.94346
4/4/21,30.88602
4/4/21,33.33258
4/4/21,36.60716
4/4/21,38.09968
4/4/21,32.17993
4/4/21,10.56193608
4/4/21,9.780716365
4/4/21,9.704932151
4/4/21,11.01959219
4/4/21,9.090486336
4/4/21,11.85656866
4/4/21,10.69009015
4/4/21,10.08152271
4/4/21,10.37229772
4/4/21,22.26844
4/4/21,42.78111
4/4/21,50.41056
4/4/21,44.63366
4/4/21,42.00093
4/4/21,39.08695
4/4/21,34.22452
5/4/21,27.90677
5/4/21,28.55901
5/4/21,28.45965
5/4/21,28.80119
5/4/21,31.46113
5/4/21,38.84942
5/4/21,45.2071
5/4/21,36.91579
5/4/21,20.726
5/4/21,9.004996483
5/4/21,9.485461839
5/4/21,11.17347729
5/4/21,11.5015649
5/4/21,9.741753916
5/4/21,10.34302546
5/4/21,10.71283161
5/4/21,15.94841
5/4/21,30.95247
5/4/21,45.56363
5/4/21,60.77302
5/4/21,49.15752
5/4/21,43.00736
5/4/21,39.72762
5/4/21,35.83123
6/4/21,33.78031
6/4/21,30.8333
6/4/21,29.45829
6/4/21,29.55383
6/4/21,31.49897
6/4/21,39.2671
6/4/21,46.09201
6/4/21,42.46041
6/4/21,26.22574
6/4/21,17.12293
6/4/21,12.68275
6/4/21,10.2764781
6/4/21,11.12317946
6/4/21,9.496745774
6/4/21,10.10651674
6/4/21,12.84819
6/4/21,15.85739
6/4/21,29.66826
6/4/21,45.86067
6/4/21,57.74524
6/4/21,49.05699
6/4/21,43.18141
6/4/21,40.95573
6/4/21,38.00363
7/4/21,34.4855
7/4/21,31.84208
7/4/21,31.13832
7/4/21,31.55532
7/4/21,34.39737
7/4/21,41.15475
7/4/21,46.45174
7/4/21,44.16242
7/4/21,26.53605
7/4/21,12.2638733
7/4/21,9.458670651
7/4/21,9.544183788
7/4/21,10.3114196
7/4/21,9.151692508
7/4/21,9.803459769
7/4/21,9.696206007
7/4/21,10.31249423
7/4/21,30.4925
7/4/21,42.52376
7/4/21,56.12183
7/4/21,47.21513
7/4/21,41.3808
7/4/21,40.09415
7/4/21,37.31431
8/4/21,35.40776
8/4/21,32.11582
8/4/21,31.17868
8/4/21,31.00344
8/4/21,34.17663
8/4/21,40.91172
8/4/21,44.49907
8/4/21,36.70436
8/4/21,24.41648
8/4/21,9.540948612
8/4/21,9.607291771
8/4/21,10.01292377
8/4/21,10.36930066
8/4/21,10.40674324
8/4/21,10.54967763
8/4/21,10.1755113
8/4/21,13.41306
8/4/21,27.52014
8/4/21,43.09448
8/4/21,57.64483
8/4/21,50.8691
8/4/21,43.25219
8/4/21,42.02298
8/4/21,37.22308
9/4/21,35.56015
9/4/21,33.34344
9/4/21,32.54616
9/4/21,33.7822
9/4/21,38.36577
9/4/21,40.48518
9/4/21,45.54529
9/4/21,46.0864
9/4/21,40.72297
9/4/21,21.20665
9/4/21,9.776766247
9/4/21,9.806592195
9/4/21,10.03723102
9/4/21,12.09250282
9/4/21,10.20121204
9/4/21,12.16041
9/4/21,12.27149
9/4/21,26.94222
9/4/21,41.70455
9/4/21,55.96767
9/4/21,49.61903
9/4/21,41.91949
9/4/21,38.19889
9/4/21,35.37807
10/4/21,36.80997
10/4/21,37.97998
10/4/21,32.94415
10/4/21,34.6953
10/4/21,37.5803
10/4/21,39.16313
10/4/21,40.61716
10/4/21,37.15484
10/4/21,11.88791807
10/4/21,9.288472773
10/4/21,10.35034676
10/4/21,9.956160792
10/4/21,9.58938557
10/4/21,10.0546305
10/4/21,12.28570761
10/4/21,9.653064637
10/4/21,9.654261045
10/4/21,24.54879
10/4/21,45.68332
10/4/21,53.15018
10/4/21,49.60166
10/4/21,44.29752
10/4/21,41.16952
10/4/21,38.61731
11/4/21,39.50183
11/4/21,39.40797
11/4/21,36.31995
11/4/21,35.10325
11/4/21,41.16612
11/4/21,45.44168
11/4/21,49.91377
11/4/21,47.9112
11/4/21,29.70416
11/4/21,22.37582
11/4/21,19.18177
11/4/21,16.96059
11/4/21,16.3793
11/4/21,19.82181
11/4/21,20.39621
11/4/21,22.4121
11/4/21,21.75726
11/4/21,31.52827
11/4/21,54.81792
11/4/21,64.37803
11/4/21,59.36842
11/4/21,50.17577
11/4/21,44.09795
11/4/21,40.66988
12/4/21,37.42036
12/4/21,35.03508
12/4/21,33.39068
12/4/21,34.08299
12/4/21,38.5244
12/4/21,44.4222
12/4/21,56.52373
12/4/21,43.68164
12/4/21,29.35723
12/4/21,22.58407
12/4/21,17.64109
12/4/21,16.2634
12/4/21,15.14995
12/4/21,16.34757
12/4/21,18.26172
12/4/21,18.82485
12/4/21,26.02211
12/4/21,33.693
12/4/21,57.28782
12/4/21,76.16291
12/4/21,67.39232
12/4/21,51.31123
12/4/21,42.92691
12/4/21,39.78502
13/4/21,37.07288
13/4/21,33.08251
13/4/21,31.72818
13/4/21,31.69552
13/4/21,34.37934
13/4/21,41.41974
13/4/21,54.56338
13/4/21,40.88418
13/4/21,30.20159
13/4/21,15.08756
13/4/21,9.179119151
13/4/21,10.69703237
13/4/21,10.40260333
13/4/21,9.341639609
13/4/21,10.48692163
13/4/21,9.297898194
13/4/21,14.20246
13/4/21,27.7016
13/4/21,50.82718
13/4/21,71.89062
13/4/21,65.61729
13/4/21,52.49968
13/4/21,43.75297
13/4/21,40.49629
14/4/21,37.48194
14/4/21,34.38288
14/4/21,33.90601
14/4/21,33.82423
14/4/21,37.35852
14/4/21,42.86174
14/4/21,50.17769
14/4/21,39.51291
14/4/21,27.83591
14/4/21,24.49763
14/4/21,9.787428806
14/4/21,10.30933858
14/4/21,10.00164358
14/4/21,9.990693854
14/4/21,10.13686654
14/4/21,9.646498008
14/4/21,20.22051
14/4/21,30.57642
14/4/21,47.27759
14/4/21,63.23859
14/4/21,63.75709
14/4/21,50.44328
14/4/21,46.54145
14/4/21,42.49486
15/4/21,42.23933
15/4/21,38.95696
15/4/21,38.24644
15/4/21,38.4234
15/4/21,42.60649
15/4/21,50.20969
15/4/21,56.54035
15/4/21,48.62762
15/4/21,32.67724
15/4/21,18.98751
15/4/21,11.29812
15/4/21,10.83778989
15/4/21,10.52483373
15/4/21,10.83030381
15/4/21,10.12684488
15/4/21,13.62592
15/4/21,20.95544
15/4/21,29.41917
15/4/21,50.13693
15/4/21,64.36902
15/4/21,63.55674
15/4/21,51.94854
15/4/21,49.48548
15/4/21,45.45465
16/4/21,47.39854
16/4/21,42.46947
16/4/21,40.93869
16/4/21,41.66491
16/4/21,45.00154
16/4/21,50.08762
16/4/21,61.4887
16/4/21,48.28327
16/4/21,30.98731
16/4/21,28.79851
16/4/21,24.46454
16/4/21,24.16084
16/4/21,22.24953
16/4/21,22.83392
16/4/21,23.34462
16/4/21,22.64232
16/4/21,24.40634
16/4/21,32.18832
16/4/21,50.20583
16/4/21,63.52873
16/4/21,60.56738
16/4/21,55.74854
16/4/21,48.16321
16/4/21,42.95578
17/4/21,42.49013
17/4/21,39.15407
17/4/21,38.89004
17/4/21,39.65813
17/4/21,42.73552
17/4/21,43.19849
17/4/21,45.99322
17/4/21,39.62867
17/4/21,27.06163
17/4/21,17.25829
17/4/21,11.0945065
17/4/21,9.988604951
17/4/21,9.879955176
17/4/21,10.5308935
17/4/21,18.66346
17/4/21,23.93821
17/4/21,28.56997
17/4/21,37.45993
17/4/21,71.97197542
17/4/21,73.29685308
17/4/21,71.30484963
17/4/21,57.61554
17/4/21,48.41336
17/4/21,45.48531
18/4/21,41.93967
18/4/21,39.35961
18/4/21,37.3467
18/4/21,36.02133
18/4/21,37.64458
18/4/21,37.6328
18/4/21,38.42019
18/4/21,31.61155
18/4/21,14.37449
18/4/21,9.902297124
18/4/21,11.26657538
18/4/21,9.729268473
18/4/21,9.38552271
18/4/21,10.34340425
18/4/21,9.703566459
18/4/21,20.24571
18/4/21,28.59347
18/4/21,37.41099
18/4/21,71.72285146
18/4/21,73.82345375
18/4/21,67.2351668
18/4/21,52.50026
18/4/21,45.12881
18/4/21,42.18201
19/4/21,38.29709
19/4/21,35.43276
19/4/21,32.32935
19/4/21,32.31876
19/4/21,35.12521
19/4/21,38.47899
19/4/21,44.92723
19/4/21,37.18822
19/4/21,26.57585
19/4/21,26.28759
19/4/21,20.616
19/4/21,18.65196
19/4/21,21.21508
19/4/21,17.20058
19/4/21,20.42196
19/4/21,26.37686
19/4/21,33.72224
19/4/21,38.66961
19/4/21,65.25722023
19/4/21,67.80714445
19/4/21,78.38924
19/4/21,53.07861
19/4/21,44.61217
19/4/21,40.66636
20/4/21,34.25839
20/4/21,33.07736
20/4/21,31.69597
20/4/21,32.14247
20/4/21,34.92073
20/4/21,37.97296
20/4/21,42.36748
20/4/21,34.39969
20/4/21,22.14934
20/4/21,15.30154
20/4/21,9.641271112
20/4/21,9.99898611
20/4/21,11.09726704
20/4/21,12.40902
20/4/21,17.84891
20/4/21,22.22227
20/4/21,24.29027
20/4/21,32.48589
20/4/21,74.30538
20/4/21,70.96128942
20/4/21,57.41339
20/4/21,46.71406
20/4/21,39.33004
20/4/21,35.61828
21/4/21,43.87572
21/4/21,40.9382
21/4/21,38.64267
21/4/21,38.13067
21/4/21,41.35082
21/4/21,44.83209
21/4/21,49.55989
21/4/21,42.28658
21/4/21,29.06655
21/4/21,20.56878
21/4/21,10.68159516
21/4/21,9.882726967
21/4/21,11.10057337
21/4/21,10.53811432
21/4/21,10.04951117
21/4/21,9.844893884
21/4/21,21.60297
21/4/21,33.0208
21/4/21,64.02216
21/4/21,58.75783
21/4/21,60.48679
21/4/21,51.69874
21/4/21,45.65407
21/4/21,39.80495
22/4/21,34.04084
22/4/21,33.12404
22/4/21,32.78982
22/4/21,33.2999
22/4/21,34.08081
22/4/21,39.03166
22/4/21,49.61522
22/4/21,38.82984
22/4/21,25.78746
22/4/21,22.56159
22/4/21,10.09347307
22/4/21,10.67998543
22/4/21,10.26140781
22/4/21,10.2743507
22/4/21,9.836100898
22/4/21,10.57308261
22/4/21,10.05852528
22/4/21,28.57909
22/4/21,43.77413
22/4/21,54.22087
22/4/21,57.94103
22/4/21,48.08714
22/4/21,42.90452
22/4/21,37.00157
23/4/21,33.5394
23/4/21,31.44957
23/4/21,31.0924
23/4/21,32.12983
23/4/21,34.33069
23/4/21,40.93603
23/4/21,46.25948
23/4/21,47.34648
23/4/21,26.64923
23/4/21,10.04507514
23/4/21,11.70336386
23/4/21,10.64801932
23/4/21,11.37268895
23/4/21,10.82119161
23/4/21,11.37144523
23/4/21,9.148782763
23/4/21,10.41690478
23/4/21,26.81826
23/4/21,41.96112
23/4/21,50.85547
23/4/21,53.29137
23/4/21,47.23158
23/4/21,41.58562
23/4/21,38.6119
24/4/21,38.40757
24/4/21,35.29088
24/4/21,33.83603
24/4/21,33.3388
24/4/21,35.36594
24/4/21,38.66528
24/4/21,36.43542
24/4/21,34.46869
24/4/21,9.308472864
24/4/21,11.66545505
24/4/21,9.429275209
24/4/21,9.419361298
24/4/21,10.64772482
24/4/21,9.915137405
24/4/21,10.48753946
24/4/21,9.392672034
24/4/21,9.432395344
24/4/21,18.46612
24/4/21,42.04864
24/4/21,47.42424
24/4/21,47.65454
24/4/21,45.85221
24/4/21,41.31456
24/4/21,39.86862
25/4/21,37.44508
25/4/21,35.43826
25/4/21,35.04369
25/4/21,34.77
25/4/21,35.30285
25/4/21,39.12925
25/4/21,39.8126
25/4/21,36.46263
25/4/21,25.9185
25/4/21,17.83138
25/4/21,10.20233029
25/4/21,10.05551655
25/4/21,10.70204017
25/4/21,10.63968693
25/4/21,9.71490716
25/4/21,12.75251
25/4/21,15.19268
25/4/21,32.14767
25/4/21,47.98422
25/4/21,47.95572
25/4/21,46.25677
25/4/21,44.1444
25/4/21,41.35769
25/4/21,35.90413
26/4/21,37.43
26/4/21,33.12661
26/4/21,32.68262
26/4/21,33.18472
26/4/21,36.75135
26/4/21,43.14709
26/4/21,46.31807
26/4/21,45.44347
26/4/21,41.91651
26/4/21,33.25707
26/4/21,28.97722
26/4/21,28.65129
26/4/21,24.08056
26/4/21,24.05734
26/4/21,23.00835
26/4/21,21.34226
26/4/21,23.52624
26/4/21,33.73937
26/4/21,44.43951
26/4/21,64.62232
26/4/21,61.70601
26/4/21,50.58528
26/4/21,44.47417
26/4/21,39.85552
27/4/21,37.09052
27/4/21,34.8645
27/4/21,33.97831
27/4/21,35.05346
27/4/21,38.33268
27/4/21,45.73983
27/4/21,49.57914
27/4/21,40.05728
27/4/21,30.85632
27/4/21,22.62291
27/4/21,17.2793
27/4/21,9.481285148
27/4/21,11.0389
27/4/21,10.74371421
27/4/21,14.09223
27/4/21,17.211
27/4/21,15.74003
27/4/21,24.16063
27/4/21,43.69141
27/4/21,51.83684
27/4/21,54.43096
27/4/21,49.7403
27/4/21,44.90313
27/4/21,41.72108
28/4/21,33.67929
28/4/21,32.61004
28/4/21,31.58949
28/4/21,33.40315
28/4/21,35.11979
28/4/21,41.75034
28/4/21,48.10327
28/4/21,37.49073
28/4/21,24.57426
28/4/21,17.51162
28/4/21,10.32039975
28/4/21,10.27553391
28/4/21,9.341668016
28/4/21,9.315024709
28/4/21,15.00303
28/4/21,20.23696
28/4/21,20.30187
28/4/21,27.41454
28/4/21,47.09589
28/4/21,54.73153
28/4/21,55.52281
28/4/21,48.87958
28/4/21,41.40767
28/4/21,38.30633
29/4/21,33.42283
29/4/21,32.58545
29/4/21,31.57727
29/4/21,31.9254
29/4/21,36.19389
29/4/21,40.87253
29/4/21,44.07606
29/4/21,35.34476
29/4/21,22.5202
29/4/21,15.88331
29/4/21,10.31426831
29/4/21,10.42198743
29/4/21,12.23139
29/4/21,18.35944
29/4/21,26.70567
29/4/21,30.83446
29/4/21,32.81094
29/4/21,35.9728
29/4/21,51.38285
29/4/21,70.54192
29/4/21,62.99517
29/4/21,48.44489
29/4/21,40.28121
29/4/21,34.4002
30/4/21,30.93693
30/4/21,31.6185
30/4/21,30.63189
30/4/21,30.92717
30/4/21,32.54037
30/4/21,37.23604
30/4/21,41.23952
30/4/21,31.06778
30/4/21,14.29196
30/4/21,10.38458106
30/4/21,10.15458675
30/4/21,11.20857427
30/4/21,13.54413
30/4/21,24.63372
30/4/21,28.72298
30/4/21,28.94838
30/4/21,31.41757
30/4/21,34.3822
30/4/21,48.59667
30/4/21,63.18867
30/4/21,54.60098
30/4/21,44.26189
30/4/21,34.54901
30/4/21,33.48448
1/5/21,32.63676
1/5/21,32.37644
1/5/21,31.57441
1/5/21,31.72888
1/5/21,32.2599
1/5/21,33.07565
1/5/21,34.28257
1/5/21,27.26429
1/5/21,19.25754
1/5/21,13.91825
1/5/21,11.10608925
1/5/21,9.787533399
1/5/21,9.95571296
1/5/21,11.35990307
1/5/21,12.50191082
1/5/21,9.612943453
1/5/21,9.852764293
1/5/21,13.916
1/5/21,38.19417
1/5/21,46.20864
1/5/21,45.32073
1/5/21,40.53253
1/5/21,32.36822
1/5/21,32.69862
2/5/21,35.70106
2/5/21,31.29616
2/5/21,30.03022
2/5/21,31.05681
2/5/21,31.71931
2/5/21,30.87522
2/5/21,30.03737
2/5/21,9.89100238
2/5/21,10.28378991
2/5/21,10.16155085
2/5/21,12.38268953
2/5/21,9.358331555
2/5/21,9.266483195
2/5/21,10.22144784
2/5/21,10.08248398
2/5/21,10.34500763
2/5/21,10.55179055
2/5/21,9.596673078
2/5/21,37.47925
2/5/21,46.47205
2/5/21,55.22055
2/5/21,43.5153
2/5/21,38.57695
2/5/21,35.29877
3/5/21,33.96573
3/5/21,31.96526
3/5/21,31.53621
3/5/21,32.58769
3/5/21,39.32824
3/5/21,45.66336
3/5/21,45.61738
3/5/21,33.19031
3/5/21,19.58986
3/5/21,18.50525
3/5/21,13.2316
3/5/21,13.52202
3/5/21,15.67231
3/5/21,15.95054
3/5/21,21.49623
3/5/21,22.12848
3/5/21,19.24219
3/5/21,30.67161
3/5/21,44.78023
3/5/21,64.02991
3/5/21,61.49037
3/5/21,48.89557
3/5/21,45.27351
3/5/21,37.71715
4/5/21,34.84128
4/5/21,33.36235
4/5/21,31.93191
4/5/21,32.42103
4/5/21,35.26266
4/5/21,39.31819
4/5/21,47.06281
4/5/21,33.30687
4/5/21,28.34222
4/5/21,22.66381
4/5/21,22.7015
4/5/21,21.02973
4/5/21,24.32858
4/5/21,27.41451
4/5/21,30.34389
4/5/21,32.87208
4/5/21,33.44199
4/5/21,38.80854
4/5/21,62.09809
4/5/21,73.59318931
4/5/21,70.87174
4/5/21,56.35051
4/5/21,43.5335
4/5/21,38.77837
5/5/21,40.46868
5/5/21,36.72121
5/5/21,34.24523
5/5/21,33.78714
5/5/21,36.2529
5/5/21,40.42395
5/5/21,44.36617
5/5/21,34.76409
5/5/21,23.75917
5/5/21,17.32641
5/5/21,17.53
5/5/21,17.21065
5/5/21,21.7049
5/5/21,23.90238
5/5/21,31.34618
5/5/21,34.96049
5/5/21,37.93303
5/5/21,43.73833
5/5/21,67.59848
5/5/21,76.66789609
5/5/21,72.1190894
5/5/21,53.17409
5/5/21,43.97229
5/5/21,39.36966
6/5/21,37.25636
6/5/21,34.8773
6/5/21,32.96317
6/5/21,33.01696
6/5/21,35.22391
6/5/21,38.93603
6/5/21,42.61697
6/5/21,35.36346
6/5/21,29.95965
6/5/21,23.22253
6/5/21,18.45631
6/5/21,16.84664
6/5/21,16.71813
6/5/21,18.46575
6/5/21,23.28998
6/5/21,27.65091
6/5/21,30.01988
6/5/21,35.75616
6/5/21,50.44791
6/5/21,69.76880493
6/5/21,61.11335
6/5/21,51.56119
6/5/21,39.26156
6/5/21,35.28248
7/5/21,31.60786
7/5/21,30.48821
7/5/21,30.58218
7/5/21,30.39226
7/5/21,31.23768
7/5/21,34.03401
7/5/21,38.8811
7/5/21,29.8511
7/5/21,19.88835
7/5/21,14.12726
7/5/21,12.65933
7/5/21,10.45471142
7/5/21,10.61143615
7/5/21,11.22564
7/5/21,11.00445
7/5/21,14.02047
7/5/21,12.03698
7/5/21,25.41376
7/5/21,40.07193
7/5/21,61.27096
7/5/21,53.70549
7/5/21,46.87526
7/5/21,38.12648
7/5/21,35.67402
8/5/21,32.44439
8/5/21,31.14248
8/5/21,28.90228
8/5/21,27.60784
8/5/21,28.14654
8/5/21,30.32162
8/5/21,30.37578
8/5/21,18.97401
8/5/21,9.724357521
8/5/21,10.2490141
8/5/21,10.15426879
8/5/21,9.917327001
8/5/21,9.879932787
8/5/21,10.27444192
8/5/21,9.647903954
8/5/21,12.11821
8/5/21,9.663420973
8/5/21,24.7934
8/5/21,39.51638
8/5/21,50.6589
8/5/21,50.75055
8/5/21,42.59791
8/5/21,40.36987
8/5/21,35.75597
9/5/21,30.71806
9/5/21,29.45183
9/5/21,29.62653
9/5/21,28.45576
9/5/21,29.84563
9/5/21,31.40879
9/5/21,28.32063
9/5/21,14.1585
9/5/21,9.380561703
9/5/21,8.775227394
9/5/21,10.91079487
9/5/21,9.555329969
9/5/21,10.44603173
9/5/21,9.583591638
9/5/21,10.0087961
9/5/21,9.850389082
9/5/21,10.30963664
9/5/21,20.18322
9/5/21,36.97312
9/5/21,51.36179
9/5/21,55.12379
9/5/21,46.85926
9/5/21,39.50695
9/5/21,36.33279
10/5/21,30.35247
10/5/21,28.64208
10/5/21,28.06494
10/5/21,28.63967
10/5/21,31.03143
10/5/21,38.8817
10/5/21,45.22584
10/5/21,34.39224
10/5/21,22.78096
10/5/21,17.95264
10/5/21,14.47571
10/5/21,12.69647
10/5/21,14.60766
10/5/21,15.59236
10/5/21,18.57234
10/5/21,21.47146
10/5/21,17.969
10/5/21,28.65198
10/5/21,44.48953
10/5/21,69.16334
10/5/21,67.87726
10/5/21,54.13123
10/5/21,42.14312
10/5/21,39.07332
11/5/21,39.4146
11/5/21,34.02658
11/5/21,32.84838
11/5/21,34.67585
11/5/21,36.05142
11/5/21,42.3223
11/5/21,46.84718
11/5/21,31.60388
11/5/21,18.62373
11/5/21,9.883880695
11/5/21,10.22816706
11/5/21,10.82343358
11/5/21,8.695424069
11/5/21,10.06136923
11/5/21,13.51856
11/5/21,26.70984
11/5/21,25.14916
11/5/21,31.3268
11/5/21,54.05215
11/5/21,71.43070364
11/5/21,74.71668897
11/5/21,53.27292
11/5/21,42.53708
11/5/21,39.01691
12/5/21,34.89047
12/5/21,33.30285
12/5/21,33.88936
12/5/21,34.16389
12/5/21,35.49863
12/5/21,41.40781
12/5/21,43.27522
12/5/21,30.5125
12/5/21,18.38685
12/5/21,15.85136
12/5/21,12.30568
12/5/21,13.25244
12/5/21,16.3043
12/5/21,19.02065
12/5/21,29.91576
12/5/21,30.11898
12/5/21,27.11574
12/5/21,33.43804
12/5/21,53.41892
12/5/21,72.51046591
12/5/21,69.93265
12/5/21,50.36311
12/5/21,41.4939
12/5/21,38.31701
13/5/21,38.82851
13/5/21,34.4303
13/5/21,33.16609
13/5/21,32.98857
13/5/21,34.32722
13/5/21,38.79968
13/5/21,41.5503
13/5/21,31.89068
13/5/21,23.75844
13/5/21,18.14304
13/5/21,11.6419
13/5/21,11.55171
13/5/21,17.58743
13/5/21,15.93875
13/5/21,15.33728
13/5/21,26.12397
13/5/21,25.36965
13/5/21,34.40791
13/5/21,48.95403
13/5/21,67.68963
13/5/21,59.33555
13/5/21,49.50939
13/5/21,42.3878
13/5/21,37.69972
14/5/21,36.69643
14/5/21,33.77642
14/5/21,32.82215
14/5/21,32.71781
14/5/21,33.86768
14/5/21,40.1582
14/5/21,40.45383
14/5/21,31.81333
14/5/21,18.73199
14/5/21,17.30895
14/5/21,15.6866
14/5/21,14.51823
14/5/21,13.24021
14/5/21,13.58257
14/5/21,16.10495
14/5/21,21.41211
14/5/21,23.1943
14/5/21,27.56601
14/5/21,43.97209
14/5/21,57.44761
14/5/21,56.07956
14/5/21,50.89871
14/5/21,44.0564
14/5/21,38.96369
15/5/21,32.79645
15/5/21,30.69593
15/5/21,34.53739
15/5/21,32.341
15/5/21,33.64961
15/5/21,36.47936
15/5/21,32.97981
15/5/21,21.88409
15/5/21,9.680590199
15/5/21,9.541633622
15/5/21,10.65559109
15/5/21,12.55301303
15/5/21,9.351990795
15/5/21,10.07395814
15/5/21,9.585245297
15/5/21,9.642781258
15/5/21,10.80185854
15/5/21,15.58146
15/5/21,37.34767
15/5/21,48.12178
15/5/21,55.22414
15/5/21,53.23653
15/5/21,44.05823
15/5/21,40.38483
16/5/21,38.6811
16/5/21,36.57237
16/5/21,34.34628
16/5/21,31.71512
16/5/21,34.05358
16/5/21,36.10891
16/5/21,34.95386
16/5/21,18.99774
16/5/21,9.401081061
16/5/21,9.875424603
16/5/21,9.717446341
16/5/21,10.30154921
16/5/21,9.48613214
16/5/21,10.25688805
16/5/21,9.55995214
16/5/21,11.41525834
16/5/21,10.44988502
16/5/21,14.02614
16/5/21,38.41041
16/5/21,45.85043
16/5/21,47.6365
16/5/21,46.62714
16/5/21,40.05965
16/5/21,36.99042
17/5/21,33.91688
17/5/21,31.22423
17/5/21,29.86045
17/5/21,29.91757
17/5/21,32.31759
17/5/21,37.68577
17/5/21,38.01168
17/5/21,28.14281
17/5/21,14.16483
17/5/21,11.87079472
17/5/21,10.32984683
17/5/21,11.89473245
17/5/21,8.697389163
17/5/21,10.79949495
17/5/21,9.466833741
17/5/21,9.056441243
17/5/21,11.35869352
17/5/21,18.46973
17/5/21,42.56886
17/5/21,50.4321
17/5/21,59.74205
17/5/21,49.1386
17/5/21,43.45787
17/5/21,38.09743
18/5/21,29.972
18/5/21,28.12405
18/5/21,26.89946
18/5/21,27.0507
18/5/21,29.63244
18/5/21,34.47809
18/5/21,35.94473
18/5/21,22.50032
18/5/21,10.41199396
18/5/21,9.479320128
18/5/21,10.30085867
18/5/21,11.90426351
18/5/21,10.07986445
18/5/21,9.85629735
18/5/21,10.30883913
18/5/21,9.779646311
18/5/21,11.78210301
18/5/21,18.95159
18/5/21,38.76832
18/5/21,52.11465
18/5/21,57.73222
18/5/21,48.54357
18/5/21,39.20404
18/5/21,36.38614
19/5/21,38.48057
19/5/21,34.12235
19/5/21,31.13061
19/5/21,30.42702
19/5/21,32.10209
19/5/21,36.41814
19/5/21,36.83038
19/5/21,22.89336
19/5/21,9.945308179
19/5/21,9.458741417
19/5/21,11.23369841
19/5/21,10.43982306
19/5/21,10.34237051
19/5/21,9.621120805
19/5/21,10.03490808
19/5/21,9.176672786
19/5/21,10.21941509
19/5/21,22.079
19/5/21,42.94339
19/5/21,50.47279
19/5/21,54.00387
19/5/21,46.76315
19/5/21,37.21968
19/5/21,35.5054
20/5/21,34.62337
20/5/21,33.23932
20/5/21,30.23518
20/5/21,30.35566
20/5/21,31.84972
20/5/21,39.01381
20/5/21,37.64862
20/5/21,26.25846
20/5/21,9.994180321
20/5/21,10.56529514
20/5/21,9.434313884
20/5/21,9.766342131
20/5/21,10.49018842
20/5/21,10.27837134
20/5/21,9.925901252
20/5/21,10.31254927
20/5/21,9.696642615
20/5/21,22.07894
20/5/21,39.24642
20/5/21,46.70341
20/5/21,51.15582
20/5/21,45.57342
20/5/21,40.09793
20/5/21,35.25786
21/5/21,33.46412
21/5/21,33.83207
21/5/21,32.21444
21/5/21,33.07326
21/5/21,34.66132
21/5/21,38.56358
21/5/21,34.69758
21/5/21,17.1354
21/5/21,11.22594389
21/5/21,10.71295415
21/5/21,11.28595229
21/5/21,10.35232993
21/5/21,10.35464204
21/5/21,9.659686754
21/5/21,11.14284945
21/5/21,10.73086335
21/5/21,9.948791545
21/5/21,16.1911
21/5/21,35.9792
21/5/21,45.19963
21/5/21,50.63736
21/5/21,49.72793
21/5/21,42.32347
21/5/21,38.63306
22/5/21,37.33762
22/5/21,36.78972
22/5/21,36.31917
22/5/21,35.11251
22/5/21,35.26617
22/5/21,35.50138
22/5/21,30.94089
22/5/21,16.31175
22/5/21,11.48714946
22/5/21,9.650689499
22/5/21,10.40646284
22/5/21,11.3152397
22/5/21,10.49290847
22/5/21,9.801835901
22/5/21,9.738880998
22/5/21,9.589762681
22/5/21,9.815330866
22/5/21,10.53182462
22/5/21,31.59819
22/5/21,40.73229
22/5/21,43.44928
22/5/21,44.51812
22/5/21,39.22245
22/5/21,37.71722
23/5/21,35.07073
23/5/21,35.39848
23/5/21,34.27661
23/5/21,33.03041
23/5/21,34.19451
23/5/21,34.76129
23/5/21,29.76177
23/5/21,13.59098
23/5/21,9.253368937
23/5/21,9.402865889
23/5/21,11.44496506
23/5/21,11.00626274
23/5/21,10.98444633
23/5/21,10.88173492
23/5/21,10.05524565
23/5/21,10.19927156
23/5/21,11.71361205
23/5/21,9.819790859
23/5/21,33.22922
23/5/21,43.33575
23/5/21,47.56112
23/5/21,43.55398
23/5/21,38.567
23/5/21,35.47591
24/5/21,31.90022
24/5/21,30.71126
24/5/21,29.95372
24/5/21,30.33571
24/5/21,33.73806
24/5/21,38.37462
24/5/21,34.41889
24/5/21,23.73908
24/5/21,15.9334
24/5/21,9.834880742
24/5/21,11.84288014
24/5/21,9.727284128
24/5/21,11.97921
24/5/21,19.90645
24/5/21,23.93481
24/5/21,25.00777
24/5/21,23.8326
24/5/21,30.08048
24/5/21,44.06597
24/5/21,62.81693
24/5/21,55.24563
24/5/21,45.33943
24/5/21,39.11765
24/5/21,34.92129
25/5/21,33.61474
25/5/21,35.3441
25/5/21,33.57206
25/5/21,34.47938
25/5/21,35.52268
25/5/21,36.86874
25/5/21,32.40684
25/5/21,20.71575
25/5/21,9.777738861
25/5/21,9.990417593
25/5/21,9.987059351
25/5/21,11.19459787
25/5/21,9.577391236
25/5/21,13.75693
25/5/21,19.47499
25/5/21,26.54735
25/5/21,24.43089
25/5/21,31.26797
25/5/21,41.68531
25/5/21,56.95112
25/5/21,56.57052
25/5/21,47.60823
25/5/21,40.6965
25/5/21,37.2088
26/5/21,31.24152
26/5/21,31.59165
26/5/21,30.60986
26/5/21,31.30079
26/5/21,33.46394
26/5/21,37.60371
26/5/21,35.18345
26/5/21,26.09355
26/5/21,19.54886
26/5/21,19.98945
26/5/21,19.47808
26/5/21,18.8079
26/5/21,21.74457
26/5/21,21.9411
26/5/21,24.61081
26/5/21,29.73202
26/5/21,26.93709
26/5/21,32.63798
26/5/21,45.90926
26/5/21,60.72363
26/5/21,61.19935
26/5/21,52.1144
26/5/21,39.98563
26/5/21,37.94198
27/5/21,34.11635
27/5/21,30.92446
27/5/21,29.40877
27/5/21,29.50143
27/5/21,30.27205
27/5/21,34.25074
27/5/21,31.18733
27/5/21,18.0163
27/5/21,9.508843199
27/5/21,10.20986976
27/5/21,9.947110164
27/5/21,9.469131642
27/5/21,15.18052
27/5/21,13.26918
27/5/21,14.61009
27/5/21,19.99412
27/5/21,23.01885
27/5/21,27.63662
27/5/21,40.869
27/5/21,59.54037
27/5/21,58.58073
27/5/21,49.76171
27/5/21,36.96022
27/5/21,34.99286
28/5/21,33.85762
28/5/21,30.7676
28/5/21,30.41758
28/5/21,29.73621
28/5/21,31.46298
28/5/21,35.38871
28/5/21,36.77188
28/5/21,26.78962
28/5/21,17.16996
28/5/21,14.26605
28/5/21,10.54278718
28/5/21,13.18958
28/5/21,12.87355
28/5/21,18.87696
28/5/21,11.63227
28/5/21,18.08659
28/5/21,18.42436
28/5/21,21.34727
28/5/21,35.50834
28/5/21,46.79324
28/5/21,49.27359
28/5/21,39.97477
28/5/21,28.83028
28/5/21,26.4297
29/5/21,27.85874
29/5/21,23.51778
29/5/21,24.11392
29/5/21,24.85792
29/5/21,24.90001
29/5/21,26.18804
29/5/21,22.49748
29/5/21,12.77314
29/5/21,12.24718009
29/5/21,10.60179779
29/5/21,9.790350989
29/5/21,10.01062825
29/5/21,9.725578426
29/5/21,8.903326284
29/5/21,10.87460439
29/5/21,9.734137017
29/5/21,8.994877324
29/5/21,9.672164109
29/5/21,34.07605
29/5/21,46.88896
29/5/21,52.68534
29/5/21,40.6725
29/5/21,32.63951
29/5/21,27.84481
30/5/21,25.783
30/5/21,23.18042
30/5/21,22.42338
30/5/21,22.84363
30/5/21,23.57227
30/5/21,24.60853
30/5/21,21.26695
30/5/21,10.17590038
30/5/21,10.3539773
30/5/21,11.66463906
30/5/21,9.966837858
30/5/21,10.89837377
30/5/21,11.10200532
30/5/21,10.02022437
30/5/21,11.43369
30/5/21,11.23074
30/5/21,13.39915
30/5/21,17.68517
30/5/21,42.05258
30/5/21,56.67093
30/5/21,51.01345
30/5/21,41.0839
30/5/21,35.95001
30/5/21,30.85135
31/5/21,26.44992
31/5/21,25.08639
31/5/21,23.18194
31/5/21,23.25428
31/5/21,23.86915
31/5/21,25.39815
31/5/21,23.41269
31/5/21,18.74519
31/5/21,10.28746834
31/5/21,8.804445229
31/5/21,11.45636955
31/5/21,10.58605546
31/5/21,8.950776063
31/5/21,11.81677
31/5/21,19.70271
31/5/21,22.62646
31/5/21,23.06558
31/5/21,34.01481
31/5/21,45.44563
31/5/21,65.96846944
31/5/21,78.52798528
31/5/21,46.51666
31/5/21,31.50766
31/5/21,31.28983
1/6/21,35.24244
1/6/21,30.32148
1/6/21,29.88702
1/6/21,29.48966
1/6/21,29.98185
1/6/21,33.60199
1/6/21,41.67897
1/6/21,29.54555
1/6/21,27.70745
1/6/21,26.4758
1/6/21,25.45533
1/6/21,19.20558
1/6/21,28.96493
1/6/21,33.91232
1/6/21,35.35586
1/6/21,41.08262
1/6/21,40.20463
1/6/21,54.90464
1/6/21,76.23178726
1/6/21,72.29801015
1/6/21,68.97738223
1/6/21,67.99592041
1/6/21,38.96784
1/6/21,37.86398
2/6/21,31.13185
2/6/21,26.96685
2/6/21,24.92395
2/6/21,23.792
2/6/21,23.8227
2/6/21,26.44189
2/6/21,37.74578
2/6/21,26.46798
2/6/21,21.00476
2/6/21,16.95793
2/6/21,15.27247
2/6/21,18.32127
2/6/21,23.8981
2/6/21,31.99101
2/6/21,32.69965
2/6/21,31.81011
2/6/21,37.34429
2/6/21,49.70984
2/6/21,47.79071523
2/6/21,66.53622751
2/6/21,68.59617584
2/6/21,60.84835
2/6/21,38.09504
2/6/21,34.29683
3/6/21,28.08838
3/6/21,26.87796
3/6/21,24.29083
3/6/21,23.01221
3/6/21,24.12624
3/6/21,28.33423
3/6/21,34.7832
3/6/21,22.35519
3/6/21,19.32466
3/6/21,17.12256
3/6/21,17.21505
3/6/21,17.84084
3/6/21,19.02847
3/6/21,23.60117
3/6/21,25.25085
3/6/21,32.39515
3/6/21,31.90242
3/6/21,38.60673
3/6/21,55.53328
3/6/21,61.23336728
3/6/21,66.19509
3/6/21,51.78261
3/6/21,34.66617
3/6/21,32.83741
4/6/21,29.24129
4/6/21,27.00084
4/6/21,22.89171
4/6/21,23.39965
4/6/21,23.95142
4/6/21,26.4785
4/6/21,26.85499
4/6/21,15.14816
4/6/21,11.12049
4/6/21,10.54723507
4/6/21,9.594170467
4/6/21,8.661958889
4/6/21,16.04689
4/6/21,17.10389
4/6/21,21.75348
4/6/21,24.3609
4/6/21,24.92805
4/6/21,27.43542
4/6/21,41.0184
4/6/21,60.49808
4/6/21,52.29379
4/6/21,44.38853
4/6/21,34.64513
4/6/21,32.76633
5/6/21,24.85171
5/6/21,21.48568
5/6/21,21.49125
5/6/21,21.45161
5/6/21,21.70154
5/6/21,22.29895
5/6/21,18.94174
5/6/21,9.240156432
5/6/21,9.767111158
5/6/21,11.19976293
5/6/21,11.11877067
5/6/21,9.516436511
5/6/21,10.12710288
5/6/21,9.695348166
5/6/21,9.138457635
5/6/21,10.66309908
5/6/21,12.44566
5/6/21,19.49374
5/6/21,33.27483
5/6/21,47.48442
5/6/21,44.05759
5/6/21,38.8831
5/6/21,31.78275
5/6/21,27.47456
6/6/21,21.82928
6/6/21,20.75532
6/6/21,22.11205
6/6/21,21.74156
6/6/21,21.7144
6/6/21,22.38022
6/6/21,15.61144
6/6/21,11.13685748
6/6/21,10.14448843
6/6/21,10.33765614
6/6/21,9.822142653
6/6/21,9.797623925
6/6/21,9.942447815
6/6/21,10.32691208
6/6/21,11.09114518
6/6/21,11.43529909
6/6/21,11.09460673
6/6/21,14.94786
6/6/21,33.44648
6/6/21,44.50048
6/6/21,47.57242
6/6/21,39.04359
6/6/21,31.97773
6/6/21,26.48947
7/6/21,27.64669
7/6/21,23.08677
7/6/21,21.66027
7/6/21,21.07721
7/6/21,23.17922
7/6/21,27.55669
7/6/21,30.86742
7/6/21,19.5163
7/6/21,19.40257
7/6/21,16.602
7/6/21,14.19826
7/6/21,14.46859
7/6/21,14.01853
7/6/21,13.20441
7/6/21,12.6103
7/6/21,17.39781
7/6/21,14.17892
7/6/21,20.14698
7/6/21,32.67755
7/6/21,48.09124
7/6/21,49.28279
7/6/21,38.84092
7/6/21,34.64312
7/6/21,27.97531
8/6/21,21.68231
8/6/21,18.96945
8/6/21,19.04446
8/6/21,19.4829
8/6/21,21.09754
8/6/21,25.74002
8/6/21,25.46964
8/6/21,13.50492
8/6/21,9.526497116
8/6/21,9.436045351
8/6/21,10.77826147
8/6/21,10.72333791
8/6/21,10.04778747
8/6/21,9.606506535
8/6/21,9.83218347
8/6/21,10.85695506
8/6/21,10.22120582
8/6/21,20.60252
8/6/21,30.23499
8/6/21,45.52072
8/6/21,51.86562
8/6/21,39.42898
8/6/21,29.57037
8/6/21,26.45398
9/6/21,22.17131
9/6/21,21.02344
9/6/21,20.31388
9/6/21,19.90158
9/6/21,21.60463
9/6/21,25.49282
9/6/21,26.92115
9/6/21,17.8805
9/6/21,15.15193
9/6/21,9.351785341
9/6/21,10.90143731
9/6/21,10.02435915
9/6/21,9.253838417
9/6/21,11.33526375
9/6/21,10.02162374
9/6/21,13.19937
9/6/21,12.97349
9/6/21,17.1016
9/6/21,28.29165
9/6/21,38.93931
9/6/21,39.3193
9/6/21,34.27869
9/6/21,22.78983
9/6/21,21.04806
10/6/21,18.0364
10/6/21,18.32018
10/6/21,17.45719
10/6/21,16.63699
10/6/21,19.30297
10/6/21,23.31567
10/6/21,22.32489
10/6/21,10.58044302
10/6/21,11.92166148
10/6/21,9.733291701
10/6/21,10.35067877
10/6/21,10.44685702
10/6/21,9.463732708
10/6/21,10.0008687
10/6/21,11.03671714
10/6/21,9.56795975
10/6/21,10.47737632
10/6/21,13.22823
10/6/21,25.21928
10/6/21,39.99257
10/6/21,43.44584
10/6/21,36.20591
10/6/21,27.73001
10/6/21,24.94605
11/6/21,29.42707
11/6/21,25.67992
11/6/21,22.95154
11/6/21,22.44243
11/6/21,24.62769
11/6/21,29.56891
11/6/21,25.85151
11/6/21,13.23583
11/6/21,9.890525625
11/6/21,10.69880257
11/6/21,11.90735679
11/6/21,9.316678729
11/6/21,10.38158895
11/6/21,11.3665
11/6/21,12.85181
11/6/21,18.22184
11/6/21,14.093
11/6/21,20.60154
11/6/21,32.83547
11/6/21,46.19431
11/6/21,47.18667
11/6/21,40.06931
11/6/21,32.45196
11/6/21,29.49199
12/6/21,27.6389
12/6/21,27.72441
12/6/21,25.86131
12/6/21,23.4555
12/6/21,23.60251
12/6/21,26.08981
12/6/21,25.58048
12/6/21,9.918202396
12/6/21,10.9989987
12/6/21,11.16994512
12/6/21,10.14323982
12/6/21,9.810556917
12/6/21,10.34840515
12/6/21,16.75493
12/6/21,19.89934
12/6/21,22.6735
12/6/21,20.89173
12/6/21,25.25538
12/6/21,37.43136
12/6/21,52.10152
12/6/21,46.46141
12/6/21,39.15653
12/6/21,30.54707
12/6/21,27.46693
13/6/21,35.25237
13/6/21,31.40101
13/6/21,29.91751
13/6/21,28.06123
13/6/21,29.84187
13/6/21,30.05387
13/6/21,28.5053
13/6/21,11.40941
13/6/21,9.084936301
13/6/21,10.20467897
13/6/21,9.952884048
13/6/21,11.81128098
13/6/21,18.0271
13/6/21,21.93768
13/6/21,24.7582
13/6/21,28.02893
13/6/21,32.86807
13/6/21,39.57508
13/6/21,54.85949
13/6/21,65.03216468
13/6/21,65.01906
13/6/21,52.03055
13/6/21,39.33058
13/6/21,35.50451
14/6/21,35.14556
14/6/21,34.38559
14/6/21,30.84771
14/6/21,30.11955
14/6/21,32.42796
14/6/21,41.79605
14/6/21,44.46384
14/6/21,30.05817
14/6/21,27.0052
14/6/21,28.98291
14/6/21,28.75667
14/6/21,35.2382
14/6/21,36.53891
14/6/21,42.32261
14/6/21,48.02327
14/6/21,53.12103
14/6/21,51.80477
14/6/21,56.18541
14/6/21,54.42856668
14/6/21,66.21067817
14/6/21,74.45668333
14/6/21,66.62608
14/6/21,49.35476
14/6/21,42.71106
15/6/21,44.45319
15/6/21,41.38477
15/6/21,40.08936
15/6/21,37.13077
15/6/21,40.8017
15/6/21,50.64547
15/6/21,52.40163
15/6/21,40.43991
15/6/21,35.89565
15/6/21,38.01838
15/6/21,36.03284
15/6/21,35.21748
15/6/21,35.27992
15/6/21,43.11524
15/6/21,44.43123
15/6/21,44.33679
15/6/21,49.69286
15/6/21,58.35772
15/6/21,66.06294571
15/6/21,73.16079725
15/6/21,62.83665746
15/6/21,72.8097856
15/6/21,66.28055
15/6/21,57.22889
16/6/21,44.87781
16/6/21,42.43533
16/6/21,38.82265
16/6/21,37.17908
16/6/21,38.38503
16/6/21,42.9925
16/6/21,55.42734
16/6/21,37.5191
16/6/21,33.65197
16/6/21,37.30042
16/6/21,38.49533
16/6/21,42.87635
16/6/21,46.95378
16/6/21,55.21141
16/6/21,58.18007
16/6/21,63.96562
16/6/21,71.54804467
16/6/21,64.31155438
16/6/21,62.35860706
16/6/21,59.49881423
16/6/21,70.23205325
16/6/21,71.73509921
16/6/21,58.19262
16/6/21,53.51441
17/6/21,40.66191
17/6/21,38.05924
17/6/21,35.64008
17/6/21,35.58109
17/6/21,35.88043
17/6/21,38.5729
17/6/21,47.80662
17/6/21,36.06845
17/6/21,32.84178
17/6/21,36.15453
17/6/21,41.21694
17/6/21,47.81705
17/6/21,56.18052
17/6/21,60.79382
17/6/21,69.05232
17/6/21,70.254633
17/6/21,55.87538783
17/6/21,72.1830429
17/6/21,69.29954183
17/6/21,64.30566788
17/6/21,75.0176544
17/6/21,69.98899889
17/6/21,65.70716
17/6/21,54.92285
18/6/21,40.59672
18/6/21,39.68982
18/6/21,36.44977
18/6/21,35.47611
18/6/21,35.65095
18/6/21,37.65961
18/6/21,56.32067
18/6/21,34.09908
18/6/21,32.50887
18/6/21,35.68265
18/6/21,36.50139
18/6/21,39.41583
18/6/21,47.18761
18/6/21,54.31069
18/6/21,59.205
18/6/21,63.22124
18/6/21,66.45636
18/6/21,52.82141374
18/6/21,68.77299948
18/6/21,61.3289648
18/6/21,65.02133058
18/6/21,69.87026603
18/6/21,57.78137
18/6/21,48.76011
19/6/21,35.89977
19/6/21,33.27935
19/6/21,31.41164
19/6/21,31.5339
19/6/21,32.23445
19/6/21,31.39024
19/6/21,36.29914
19/6/21,20.09478
19/6/21,19.93444
19/6/21,21.50229
19/6/21,24.66653
19/6/21,29.61611
19/6/21,31.44842
19/6/21,36.03361
19/6/21,39.50451
19/6/21,45.80784
19/6/21,48.44666
19/6/21,51.39924
19/6/21,63.33119
19/6/21,65.7995464
19/6/21,60.08650636
19/6/21,58.78559
19/6/21,43.09759
19/6/21,39.73891
20/6/21,32.5386
20/6/21,33.15898
20/6/21,31.09442
20/6/21,30.61451
20/6/21,30.48979
20/6/21,29.59929
20/6/21,27.42253
20/6/21,15.76663
20/6/21,14.00315
20/6/21,13.99501
20/6/21,13.63282
20/6/21,20.11989
20/6/21,23.72638
20/6/21,29.64581
20/6/21,32.03666
20/6/21,34.25845
20/6/21,35.45095
20/6/21,43.98141
20/6/21,55.33501
20/6/21,77.67486403
20/6/21,66.14341
20/6/21,54.03163
20/6/21,41.79841
20/6/21,39.4545
21/6/21,30.52081
21/6/21,29.71973
21/6/21,28.71538
21/6/21,28.61618
21/6/21,28.57451
21/6/21,31.75816
21/6/21,38.31014
21/6/21,24.86051
21/6/21,23.9258
21/6/21,24.58262
21/6/21,22.69645
21/6/21,29.94399
21/6/21,32.62215
21/6/21,36.51839
21/6/21,40.00543
21/6/21,43.13516
21/6/21,44.60101
21/6/21,53.28287
21/6/21,61.43011
21/6/21,71.19079838
21/6/21,67.27501848
21/6/21,66.19665
21/6/21,43.73335
21/6/21,40.74619
22/6/21,30.70567
22/6/21,31.76704
22/6/21,29.82268
22/6/21,29.79309
22/6/21,30.54531
22/6/21,31.85474
22/6/21,38.41581
22/6/21,27.54533
22/6/21,25.85569
22/6/21,24.89909
22/6/21,21.98569
22/6/21,24.39943
22/6/21,26.93247
22/6/21,31.01207
22/6/21,32.40601
22/6/21,34.51928
22/6/21,36.77982
22/6/21,43.18013
22/6/21,44.05816
22/6/21,48.31624458
22/6/21,66.29628
22/6/21,56.84397
22/6/21,39.61684
22/6/21,35.1742
23/6/21,31.00118
23/6/21,30.79635
23/6/21,28.81091
23/6/21,28.52254
23/6/21,29.0065
23/6/21,31.56652
23/6/21,34.08853
23/6/21,27.85718
23/6/21,26.68342
23/6/21,23.57962
23/6/21,21.54966
23/6/21,23.40903
23/6/21,26.89086
23/6/21,28.83167
23/6/21,31.24483
23/6/21,33.3327
23/6/21,35.58145
23/6/21,37.70502
23/6/21,51.01405
23/6/21,67.02252
23/6/21,62.0942
23/6/21,52.37265
23/6/21,39.87391
23/6/21,34.24852
24/6/21,31.2164
24/6/21,28.91216
24/6/21,26.7471
24/6/21,26.10767
24/6/21,24.77866
24/6/21,29.36699
24/6/21,33.09932
24/6/21,24.9633
24/6/21,21.79968
24/6/21,20.13262
24/6/21,16.93134
24/6/21,18.62033
24/6/21,21.99028
24/6/21,24.07178
24/6/21,28.13557
24/6/21,29.38826
24/6/21,29.57726
24/6/21,34.15848
24/6/21,44.88256
24/6/21,58.02542
24/6/21,53.20138
24/6/21,46.18231
24/6/21,34.99204
24/6/21,30.2975
25/6/21,28.52143
25/6/21,27.9285
25/6/21,26.24741
25/6/21,26.0861
25/6/21,25.52782
25/6/21,27.16308
25/6/21,35.80238
25/6/21,25.43896
25/6/21,24.00463
25/6/21,23.7208
25/6/21,23.06107
25/6/21,20.67239
25/6/21,24.83527
25/6/21,29.64258
25/6/21,28.76531
25/6/21,31.0191
25/6/21,33.74459
25/6/21,36.47196
25/6/21,51.41248
25/6/21,74.20631751
25/6/21,62.11231
25/6/21,53.69221
25/6/21,34.68742
25/6/21,31.30113
26/6/21,32.91138
26/6/21,30.05452
26/6/21,28.97183
26/6/21,28.89715
26/6/21,28.89308
26/6/21,28.96086
26/6/21,31.82084
26/6/21,17.86057
26/6/21,19.10507
26/6/21,18.15473
26/6/21,21.98379
26/6/21,24.67909
26/6/21,28.17866
26/6/21,35.71509
26/6/21,37.07393
26/6/21,43.61251
26/6/21,47.51383
26/6/21,54.76914
26/6/21,66.77744
26/6/21,68.06763371
26/6/21,65.04761449
26/6/21,58.66977
26/6/21,41.89211
26/6/21,40.71577
27/6/21,39.74778
27/6/21,35.12211
27/6/21,33.47882
27/6/21,33.84041
27/6/21,35.14957
27/6/21,32.83127
27/6/21,35.26257
27/6/21,19.58078
27/6/21,17.75739
27/6/21,18.8318
27/6/21,20.72418
27/6/21,27.84369
27/6/21,32.27985
27/6/21,34.44042
27/6/21,41.62837
27/6/21,51.84636
27/6/21,54.95166
27/6/21,65.97821
27/6/21,66.18717333
27/6/21,68.56424654
27/6/21,68.37113833
27/6/21,71.85373645
27/6/21,49.32959
27/6/21,44.39842
28/6/21,31.46143
28/6/21,31.19905
28/6/21,30.24687
28/6/21,30.09259
28/6/21,31.41611
28/6/21,33.23858
28/6/21,46.03904
28/6/21,34.83054
28/6/21,31.63524
28/6/21,30.54699
28/6/21,32.62035
28/6/21,39.82373
28/6/21,45.62704
28/6/21,48.94894
28/6/21,47.2986
28/6/21,50.90929
28/6/21,66.02174
28/6/21,67.58209851
28/6/21,71.05069821
28/6/21,61.88477398
28/6/21,60.33570851
28/6/21,71.88226593
28/6/21,57.76358
28/6/21,48.11895
29/6/21,36.734
29/6/21,35.02551
29/6/21,34.60763
29/6/21,31.82984
29/6/21,31.80389
29/6/21,34.8315
29/6/21,47.19783
29/6/21,38.26806
29/6/21,35.17963
29/6/21,34.69167
29/6/21,33.31016
29/6/21,34.57387
29/6/21,42.8981
29/6/21,51.61502
29/6/21,59.80883
29/6/21,66.66015
29/6/21,66.31417336
29/6/21,58.22980358
29/6/21,52.28003353
29/6/21,76.23311547
29/6/21,72.91196321
29/6/21,54.45569383
29/6/21,52.35333
29/6/21,46.65503
30/6/21,40.6295
30/6/21,37.31514
30/6/21,37.18845
30/6/21,34.56653
30/6/21,35.32583
30/6/21,37.72707
30/6/21,41.12846
30/6/21,33.56941
30/6/21,30.73875
30/6/21,30.02842
30/6/21,30.08888
30/6/21,32.43679
30/6/21,33.96766
30/6/21,38.21321
30/6/21,39.74767
30/6/21,41.7474
30/6/21,46.75255
30/6/21,51.82072
30/6/21,68.31263
30/6/21,67.96468878
30/6/21,65.63192382
30/6/21,64.31271
30/6/21,46.0806
30/6/21,41.89662
1/7/21,40.75988
1/7/21,36.77333
1/7/21,34.7376
1/7/21,32.70794
1/7/21,34.33369
1/7/21,36.60174
1/7/21,38.10053
1/7/21,26.11225
1/7/21,23.8368
1/7/21,25.1267
1/7/21,25.45358
1/7/21,27.22352
1/7/21,31.35573
1/7/21,36.1929
1/7/21,36.58605
1/7/21,36.83547
1/7/21,39.24519
1/7/21,47.70757
1/7/21,59.52075
1/7/21,60.84946469
1/7/21,68.76799
1/7/21,62.86616
1/7/21,43.96894
1/7/21,39.37724
2/7/21,36.21492
2/7/21,34.47119
2/7/21,30.97813
2/7/21,29.46722
2/7/21,29.42537
2/7/21,31.69035
2/7/21,34.33788
2/7/21,22.97583
2/7/21,20.36488
2/7/21,22.25159
2/7/21,22.20299
2/7/21,25.37633
2/7/21,29.10824
2/7/21,31.88623
2/7/21,33.72731
2/7/21,38.23696
2/7/21,36.90275
2/7/21,44.90334
2/7/21,57.47606
2/7/21,44.85169169
2/7/21,59.93215
2/7/21,53.45608
2/7/21,40.57463
2/7/21,37.33294
3/7/21,34.95596
3/7/21,32.60894
3/7/21,30.1306
3/7/21,30.5593
3/7/21,30.71884
3/7/21,31.35517
3/7/21,29.60654
3/7/21,21.16807
3/7/21,18.08976
3/7/21,19.26821
3/7/21,19.75412
3/7/21,23.52712
3/7/21,24.27637
3/7/21,30.41411
3/7/21,29.16592
3/7/21,32.15083
3/7/21,31.12094
3/7/21,35.77137
3/7/21,48.54128
3/7/21,62.49701
3/7/21,50.44798
3/7/21,45.82799
3/7/21,36.99786
3/7/21,33.28811
4/7/21,33.65223
4/7/21,31.61891
4/7/21,28.78719
4/7/21,28.44493
4/7/21,27.7644
4/7/21,30.52739
4/7/21,27.14655
4/7/21,13.90362
4/7/21,11.21753
4/7/21,12.23089
4/7/21,13.48531
4/7/21,16.72298
4/7/21,20.11425
4/7/21,23.78668
4/7/21,27.43914
4/7/21,29.58364
4/7/21,27.96597
4/7/21,32.42821
4/7/21,40.52909
4/7/21,55.3069
4/7/21,50.95952
4/7/21,44.27578
4/7/21,36.30186
4/7/21,33.2716
5/7/21,31.9517
5/7/21,28.64421
5/7/21,27.75101
5/7/21,27.00146
5/7/21,27.802
5/7/21,28.82859
5/7/21,25.62547
5/7/21,15.42247
5/7/21,11.6049231
5/7/21,9.894097306
5/7/21,13.08096
5/7/21,15.61484
5/7/21,22.97848
5/7/21,28.1017
5/7/21,27.01456
5/7/21,30.20187
5/7/21,36.31613
5/7/21,38.90021
5/7/21,49.47163
5/7/21,64.07934
5/7/21,50.52142
5/7/21,46.66218
5/7/21,37.77504
5/7/21,32.50422
6/7/21,28.82377
6/7/21,27.81972
6/7/21,25.12428
6/7/21,24.15959
6/7/21,25.5368
6/7/21,28.4164
6/7/21,38.17616
6/7/21,25.60969
6/7/21,22.68046
6/7/21,23.60141
6/7/21,24.08872
6/7/21,27.32825
6/7/21,29.67205
6/7/21,31.54436
6/7/21,36.59525
6/7/21,44.9642
6/7/21,43.54585
6/7/21,48.51099
6/7/21,56.86483
6/7/21,70.34798862
6/7/21,69.06602
6/7/21,58.57351
6/7/21,36.80569
6/7/21,33.93177
7/7/21,29.5053
7/7/21,27.15967
7/7/21,25.41265
7/7/21,25.13726
7/7/21,25.386
7/7/21,27.86345
7/7/21,37.86913
7/7/21,25.59749
7/7/21,23.08308
7/7/21,22.95449
7/7/21,25.23591
7/7/21,26.94842
7/7/21,29.69175
7/7/21,32.89679
7/7/21,36.5999
7/7/21,35.42344
7/7/21,41.1675
7/7/21,54.12498
7/7/21,57.69314
7/7/21,69.34022704
7/7/21,64.83646
7/7/21,59.37457
7/7/21,44.68995
7/7/21,36.3491
8/7/21,37.2216
8/7/21,32.55957
8/7/21,31.05168
8/7/21,30.2382
8/7/21,30.51983
8/7/21,32.99807
8/7/21,37.64677
8/7/21,30.48323
8/7/21,27.59029
8/7/21,27.88219
8/7/21,29.55871
8/7/21,32.94921
8/7/21,37.62033
8/7/21,40.76343
8/7/21,50.29854
8/7/21,53.07018
8/7/21,56.33509
8/7/21,67.52055
8/7/21,77.34495104
8/7/21,57.50829766
8/7/21,69.14766766
8/7/21,69.99001312
8/7/21,55.11833
8/7/21,47.36663
9/7/21,44.91406
9/7/21,41.28057
9/7/21,38.42107
9/7/21,37.44486
9/7/21,37.14473
9/7/21,19.16763
9/7/21,23.07967
9/7/21,16.55671
9/7/21,15.24732
9/7/21,16.93517
9/7/21,20.62448
9/7/21,24.1174
9/7/21,36.91382
9/7/21,41.85977
9/7/21,42.80559
9/7/21,59.14186218
9/7/21,62.63732586
9/7/21,35.71962884
9/7/21,49.97255288
9/7/21,50.56382378
9/7/21,43.95257458
9/7/21,52.62708979
9/7/21,40.54994
9/7/21,35.18888
10/7/21,28.70052
10/7/21,24.97433
10/7/21,24.74178
10/7/21,21.34094
10/7/21,21.1422
10/7/21,20.36587
10/7/21,26.75068
10/7/21,13.63393
10/7/21,11.45951
10/7/21,18.6936
10/7/21,22.26495
10/7/21,27.06669
10/7/21,34.68308
10/7/21,35.88497
10/7/21,42.17774
10/7/21,48.90786
10/7/21,43.44802713
10/7/21,73.77793218
10/7/21,52.24133575
10/7/21,44.14336386
10/7/21,52.21815371
10/7/21,52.58030576
10/7/21,41.68879
10/7/21,32.24981
11/7/21,43.85835246
11/7/21,40.97275
11/7/21,29.2029
11/7/21,27.74132
11/7/21,25.52673
11/7/21,24.86424
11/7/21,24.13908
11/7/21,13.72482
11/7/21,10.88472358
11/7/21,9.277329306
11/7/21,14.37646
11/7/21,21.65357
11/7/21,24.97198
11/7/21,32.31571
11/7/21,44.96678
11/7/21,56.29493983
11/7/21,39.40313539
11/7/21,53.82566717
11/7/21,37.31089367
11/7/21,61.70717366
11/7/21,61.61702469
11/7/21,46.17953844
11/7/21,42.17367942
11/7/21,42.02656
12/7/21,33.23522
12/7/21,24.38794
12/7/21,24.01622
12/7/21,23.68909
12/7/21,23.85939
12/7/21,26.04065
12/7/21,36.90062
12/7/21,24.41589
12/7/21,19.04691
12/7/21,22.83586
12/7/21,24.93161
12/7/21,30.4965
12/7/21,40.4277
12/7/21,47.4712
12/7/21,54.40544936
12/7/21,44.61721379
12/7/21,42.62568579
12/7/21,47.93551847
12/7/21,63.07913678
12/7/21,53.44613573
12/7/21,23.63131756
12/7/21,43.86343787
12/7/21,55.16800006
12/7/21,40.19598
13/7/21,34.89807
13/7/21,28.78393
13/7/21,28.60387
13/7/21,27.68681
13/7/21,27.77903
13/7/21,31.29109
13/7/21,35.70615462
13/7/21,27.49608
13/7/21,20.21253
13/7/21,21.74618
13/7/21,21.85867
13/7/21,26.08346
13/7/21,30.31934
13/7/21,38.71597
13/7/21,41.83471
13/7/21,57.03569007
13/7/21,55.60914233
13/7/21,49.89071885
13/7/21,45.00896009
13/7/21,42.01632004
13/7/21,66.13207511
13/7/21,44.54889687
13/7/21,54.42272548
13/7/21,42.23578
14/7/21,34.0046
14/7/21,28.01531
14/7/21,25.26761
14/7/21,23.99814
14/7/21,24.70726
14/7/21,29.80608
14/7/21,38.81426
14/7/21,24.57074
14/7/21,19.74537
14/7/21,18.9007
14/7/21,18.6913
14/7/21,20.58929
14/7/21,23.10827
14/7/21,24.80322
14/7/21,30.51499
14/7/21,38.34202
14/7/21,44.74523
14/7/21,58.55340453
14/7/21,39.26832281
14/7/21,58.57901279
14/7/21,36.47873053
14/7/21,21.055886
14/7/21,45.97011
14/7/21,34.17025
15/7/21,18.5985
15/7/21,17.82751
15/7/21,17.09285
15/7/21,16.73192
15/7/21,18.02168
15/7/21,21.02797
15/7/21,26.78903
15/7/21,13.48489
15/7/21,11.5173
15/7/21,11.04967
15/7/21,11.3306
15/7/21,13.03
15/7/21,14.04756
15/7/21,20.39879
15/7/21,21.9813
15/7/21,23.05211
15/7/21,27.30185
15/7/21,34.36
15/7/21,47.84547172
15/7/21,40.91291524
15/7/21,71.88117308
15/7/21,63.75258529
15/7/21,30.48207
15/7/21,23.99035
16/7/21,20.3678
16/7/21,17.33216
16/7/21,19.5851
16/7/21,17.47305
16/7/21,17.88812
16/7/21,19.84233
16/7/21,24.86932
16/7/21,14.11789
16/7/21,11.34159729
16/7/21,10.16074129
16/7/21,10.1229382
16/7/21,10.14951227
16/7/21,13.67185
16/7/21,18.71496
16/7/21,20.14425
16/7/21,23.76031
16/7/21,27.56711
16/7/21,33.81415
16/7/21,45.84818911
16/7/21,37.63494408
16/7/21,61.62622445
16/7/21,52.00181992
16/7/21,35.7643
16/7/21,28.09923
17/7/21,20.78072
17/7/21,19.71649
17/7/21,16.91369
17/7/21,17.6708
17/7/21,16.40397
17/7/21,18.14606
17/7/21,18.05513
17/7/21,9.173889867
17/7/21,11.12545234
17/7/21,9.56481821
17/7/21,10.00117179
17/7/21,9.6910948
17/7/21,12.76516
17/7/21,15.20825
17/7/21,18.66539
17/7/21,22.59598
17/7/21,28.02977
17/7/21,42.8964
17/7/21,49.55465
17/7/21,47.20750542
17/7/21,61.82318806
17/7/21,45.72816
17/7/21,30.01178
17/7/21,22.17653
18/7/21,20.63015
18/7/21,18.43149
18/7/21,17.13582
18/7/21,18.07244
18/7/21,18.38614
18/7/21,18.53921
18/7/21,16.21007
18/7/21,10.0648232
18/7/21,9.715168825
18/7/21,9.985114026
18/7/21,10.19253516
18/7/21,14.21517
18/7/21,14.45289
18/7/21,18.6327
18/7/21,25.76497
18/7/21,26.91076
18/7/21,37.6889
18/7/21,47.16297
18/7/21,48.77488584
18/7/21,51.29203028
18/7/21,46.31470334
18/7/21,47.91462
18/7/21,32.73651
18/7/21,25.77575
19/7/21,27.30506
19/7/21,22.1788
19/7/21,17.81443
19/7/21,17.28727
19/7/21,20.51415
19/7/21,23.59576
19/7/21,41.55089
19/7/21,29.6547
19/7/21,25.51665
19/7/21,26.12556
19/7/21,24.02238
19/7/21,31.78084
19/7/21,30.89625
19/7/21,39.36414
19/7/21,40.52054
19/7/21,45.21344016
19/7/21,47.8941387
19/7/21,66.20199182
19/7/21,53.89946731
19/7/21,45.32889534
19/7/21,70.3197564
19/7/21,49.83059815
19/7/21,44.17169
19/7/21,36.01541
20/7/21,22.56196
20/7/21,22.61314
20/7/21,20.86531
20/7/21,19.51641
20/7/21,20.45716
20/7/21,25.52995
20/7/21,32.21301
20/7/21,19.05469
20/7/21,17.0097
20/7/21,17.09897
20/7/21,17.11504
20/7/21,19.3098
20/7/21,24.67456
20/7/21,27.79694
20/7/21,33.80724
20/7/21,42.34372
20/7/21,48.46553
20/7/21,46.5276498
20/7/21,55.11382543
20/7/21,33.15279947
20/7/21,37.18151699
20/7/21,65.70872653
20/7/21,36.59678
20/7/21,30.57847
21/7/21,23.65031
21/7/21,22.1413
21/7/21,20.51398
21/7/21,19.88986
21/7/21,20.33184
21/7/21,23.20388
21/7/21,32.83403
21/7/21,22.48307
21/7/21,19.93637
21/7/21,20.08964
21/7/21,20.21551
21/7/21,23.15586
21/7/21,26.3301
21/7/21,25.98627
21/7/21,31.38157
21/7/21,35.83236
21/7/21,36.92587
21/7/21,50.16944104
21/7/21,46.14380761
21/7/21,48.96308956
21/7/21,64.29566566
21/7/21,44.52106937
21/7/21,40.46552
21/7/21,32.964
22/7/21,24.89192
22/7/21,23.12916
22/7/21,21.08964
22/7/21,20.50984
22/7/21,21.01219
22/7/21,26.83481
22/7/21,33.30502
22/7/21,20.15541
22/7/21,17.59285
22/7/21,17.21273
22/7/21,17.47608
22/7/21,18.22888
22/7/21,17.63862
22/7/21,19.93992
22/7/21,24.36304
22/7/21,30.85851
22/7/21,36.22998
22/7/21,35.86645585
22/7/21,67.95696271
22/7/21,61.30839218
22/7/21,69.54806463
22/7/21,53.07782136
22/7/21,40.84383
22/7/21,32.97436
23/7/21,23.37751
23/7/21,22.23713
23/7/21,20.31334
23/7/21,19.23895
23/7/21,19.3213
23/7/21,22.68485
23/7/21,31.2121
23/7/21,18.10654
23/7/21,14.6125
23/7/21,14.39253
23/7/21,16.57489
23/7/21,18.13996
23/7/21,22.16295
23/7/21,29.46376
23/7/21,36.14702
23/7/21,41.7415
23/7/21,43.03225241
23/7/21,46.18252198
23/7/21,40.57865984
23/7/21,70.35551491
23/7/21,55.77847753
23/7/21,35.86491109
23/7/21,37.45247
23/7/21,33.25513
24/7/21,24.24168
24/7/21,22.03418
24/7/21,20.39255
24/7/21,19.7912
24/7/21,19.29515
24/7/21,21.58072
24/7/21,20.18663
24/7/21,14.59702
24/7/21,9.757943737
24/7/21,10.29415576
24/7/21,10.21452488
24/7/21,14.44488
24/7/21,20.41182
24/7/21,21.75677
24/7/21,26.20627
24/7/21,25.9589
24/7/21,33.99454
24/7/21,41.02271
24/7/21,59.02801761
24/7/21,56.14279205
24/7/21,60.7359958
24/7/21,46.82882
24/7/21,34.69394
24/7/21,25.29621
25/7/21,25.03936
25/7/21,21.7701
25/7/21,19.97956
25/7/21,19.26615
25/7/21,19.41304
25/7/21,20.22291
25/7/21,18.6882
25/7/21,13.67771
25/7/21,11.18980359
25/7/21,10.76426636
25/7/21,11.08764
25/7/21,12.60102
25/7/21,15.97931
25/7/21,17.29639
25/7/21,20.81275
25/7/21,22.73897
25/7/21,28.5183
25/7/21,39.00827
25/7/21,45.97063452
25/7/21,39.07411747
25/7/21,45.13173277
25/7/21,47.6791
25/7/21,35.23429
25/7/21,25.58398
26/7/21,26.24968
26/7/21,22.87152
26/7/21,21.91965
26/7/21,20.86396
26/7/21,22.20915
26/7/21,26.34588
26/7/21,33.23387
26/7/21,32.21369
26/7/21,22.22427
26/7/21,20.14366
26/7/21,19.51653
26/7/21,21.13383
26/7/21,27.87539
26/7/21,35.56376
26/7/21,38.22013
26/7/21,44.22102
26/7/21,42.78557446
26/7/21,40.51168298
26/7/21,52.08900022
26/7/21,63.62469387
26/7/21,66.19743449
26/7/21,57.00933152
26/7/21,50.4547312
26/7/21,38.07137
27/7/21,22.28062
27/7/21,21.78603
27/7/21,19.74358
27/7/21,18.58726
27/7/21,19.65868
27/7/21,22.32291
27/7/21,28.13076
27/7/21,17.80122
27/7/21,12.7612
27/7/21,11.23581
27/7/21,10.05018582
27/7/21,13.58211
27/7/21,18.36026
27/7/21,30.67206
27/7/21,33.16085
27/7/21,39.52746
27/7/21,48.49241
27/7/21,39.0831972
27/7/21,70.41791852
27/7/21,53.58776599
27/7/21,49.13218457
27/7/21,54.35300571
27/7/21,47.19089
27/7/21,35.60779
28/7/21,32.76797
28/7/21,26.79857
28/7/21,22.97773
28/7/21,22.13037
28/7/21,21.86278
28/7/21,24.48709
28/7/21,43.76845
28/7/21,30.33927
28/7/21,22.56201
28/7/21,22.18
28/7/21,23.64947
28/7/21,29.88265
28/7/21,39.6
28/7/21,46.36
28/7/21,48.73936501
28/7/21,40.76140323
28/7/21,35.001144
28/7/21,58.42747334
28/7/21,39.83379544
28/7/21,43.62658144
28/7/21,46.87367364
28/7/21,39.9760779
28/7/21,48.18
28/7/21,37.39935
29/7/21,42.23831
29/7/21,36.57271
29/7/21,30.45122
29/7/21,27.15114
29/7/21,26.61349
29/7/21,31.32849
29/7/21,38.36111496
29/7/21,38.02863
29/7/21,30.38001
29/7/21,31.82353
29/7/21,34.58581
29/7/21,41.31646
29/7/21,49.0054125
29/7/21,57.73723652
29/7/21,45.78980008
29/7/21,38.8407937
29/7/21,50.56430989
29/7/21,35.98142966
29/7/21,49.31296543
29/7/21,54.61530687
29/7/21,49.70119945
29/7/21,39.03533684
29/7/21,74.05121769
29/7/21,46.42379
30/7/21,38.43111
30/7/21,32.10178
30/7/21,30.23438
30/7/21,28.4622
30/7/21,28.43837
30/7/21,30.70599
30/7/21,47.97319
30/7/21,32.52401
30/7/21,28.82114
30/7/21,31.30508
30/7/21,36.1285
30/7/21,45.33484
30/7/21,42.34753554
30/7/21,49.87543975
30/7/21,48.42103045
30/7/21,48.90169965
30/7/21,57.81047274
30/7/21,53.50457857
30/7/21,41.89360806
30/7/21,77.29410066
30/7/21,72.27245466
30/7/21,49.0146065
30/7/21,54.86767669
30/7/21,48.42114
31/7/21,37.08324
31/7/21,31.19146
31/7/21,29.27519
31/7/21,28.46795
31/7/21,29.80739
31/7/21,34.90284
31/7/21,42.429
31/7/21,28.36099
31/7/21,19.83875
31/7/21,19.87192
31/7/21,24.58724
31/7/21,28.30148
31/7/21,34.35854
31/7/21,37.90729
31/7/21,42.59916
31/7/21,61.95968098
31/7/21,41.49938914
31/7/21,40.95475784
31/7/21,48.00326466
31/7/21,43.24244168
31/7/21,51.65150396
31/7/21,61.95401923
31/7/21,46.64453
31/7/21,35.65364